ISO-10303-21;
HEADER;
FILE_DESCRIPTION (( 'STEP AP214' ),
    '1' );
FILE_NAME ('CME0303S3C-1.STEP',
    '2023-08-16T17:13:20',
    ( '' ),
    ( '' ),
    'SwSTEP 2.0',
    'SolidWorks 2021',
    '' );
FILE_SCHEMA (( 'AUTOMOTIVE_DESIGN' ));
ENDSEC;

DATA;
#1 = CARTESIAN_POINT ( 'NONE',  ( 7.370000000000000107, 4.599999999999999645, 0.1250000000000000000 ) ) ;
#2 = CARTESIAN_POINT ( 'NONE',  ( -0.7048370121627264284, 4.849999999999999645, -0.1189844170227325054 ) ) ;
#3 = PLANE ( 'NONE',  #716 ) ;
#4 = DIRECTION ( 'NONE',  ( 1.000000000000000000, 2.531833986386464612E-33, 2.085004177856739747E-17 ) ) ;
#5 = CARTESIAN_POINT ( 'NONE',  ( 4.433014284634794855, 4.850000000000000533, -0.1035710552069590007 ) ) ;
#6 = B_SPLINE_CURVE_WITH_KNOTS ( 'NONE', 3,
 ( #2030, #516, #2955, #461, #740, #1725, #2471 ),
 .UNSPECIFIED., .F., .F.,
 ( 4, 1, 1, 1, 4 ),
 ( 0.000000000000000000, 0.001935059151618692469, 0.003870118302779296509, 0.005805177453939900332, 0.007740236605579114797 ),
 .UNSPECIFIED. ) ;
#7 = ORIENTED_EDGE ( 'NONE', *, *, #1314, .F. ) ;
#8 = ADVANCED_FACE ( 'NONE', ( #2915 ), #2430, .T. ) ;
#9 = CARTESIAN_POINT ( 'NONE',  ( 8.814827586206899213, 4.848917728547109895, -3.512931034482764669 ) ) ;
#10 = CARTESIAN_POINT ( 'NONE',  ( 5.484508497187469800, 4.817398713268380206, -0.2022542485937385004 ) ) ;
#11 = CARTESIAN_POINT ( 'NONE',  ( 9.570000000000000284, 4.100000000000000533, 1.350000000000000533 ) ) ;
#12 = ORIENTED_EDGE ( 'NONE', *, *, #2316, .T. ) ;
#13 = DIRECTION ( 'NONE',  ( 0.000000000000000000, 0.000000000000000000, 1.000000000000000000 ) ) ;
#14 = EDGE_CURVE ( 'NONE', #3082, #2876, #877, .T. ) ;
#15 = B_SPLINE_CURVE_WITH_KNOTS ( 'NONE', 3,
 ( #325, #57, #546, #278, #1551, #1531, #2519, #1062, #102, #1327 ),
 .UNSPECIFIED., .F., .F.,
 ( 4, 2, 2, 2, 4 ),
 ( 4.543635057563099070E-19, 0.0002139110584516039143, 0.0004278221169032073406, 0.0006417331753548107670, 0.0008556442338064142476 ),
 .UNSPECIFIED. ) ;
#16 = DIRECTION ( 'NONE',  ( 0.000000000000000000, -0.000000000000000000, 1.000000000000000000 ) ) ;
#17 = DIRECTION ( 'NONE',  ( -0.000000000000000000, -0.000000000000000000, -1.000000000000000000 ) ) ;
#18 = CARTESIAN_POINT ( 'NONE',  ( 5.330000000000000071, 4.599999999999999645, -0.1250000000000019984 ) ) ;
#19 = ORIENTED_EDGE ( 'NONE', *, *, #727, .F. ) ;
#20 = CARTESIAN_POINT ( 'NONE',  ( 4.560841638368159146, 4.833363701404704393, 0.1436839812458471366 ) ) ;
#21 = LINE ( 'NONE', #1738, #2724 ) ;
#22 = DIRECTION ( 'NONE',  ( 0.000000000000000000, -1.000000000000000000, 3.521488656232915443E-16 ) ) ;
#23 = LINE ( 'NONE', #3197, #830 ) ;
#24 = DIRECTION ( 'NONE',  ( 1.000000000000000000, 0.000000000000000000, -0.000000000000000000 ) ) ;
#25 = CARTESIAN_POINT ( 'NONE',  ( -0.7559947149112379305, 4.849999999999997868, -3.279847646638770708 ) ) ;
#26 = VERTEX_POINT ( 'NONE', #1777 ) ;
#27 = CARTESIAN_POINT ( 'NONE',  ( 5.730955572518850794, 4.850652025734631501, 0.1041900990923601278 ) ) ;
#28 = CARTESIAN_POINT ( 'NONE',  ( 7.620000000000003659, 4.599999999999999645, -0.1250000000000019984 ) ) ;
#29 = ORIENTED_EDGE ( 'NONE', *, *, #1635, .F. ) ;
#30 = ADVANCED_FACE ( 'NONE', ( #509 ), #808, .T. ) ;
#31 = CARTESIAN_POINT ( 'NONE',  ( 4.830000000000000071, 4.784797426536750997, 0.1250000000000000000 ) ) ;
#32 = CARTESIAN_POINT ( 'NONE',  ( 2.944508497187475093, 4.817398713268380206, 0.2022542485937355028 ) ) ;
#33 = SURFACE_STYLE_FILL_AREA ( #2457 ) ;
#34 = CARTESIAN_POINT ( 'NONE',  ( 9.070000000000000284, 4.703273209474630789, -0.6094641322108900194 ) ) ;
#35 = VERTEX_POINT ( 'NONE', #1325 ) ;
#36 = EDGE_CURVE ( 'NONE', #721, #550, #2182, .T. ) ;
#37 = MECHANICAL_DESIGN_GEOMETRIC_PRESENTATION_REPRESENTATION (  '', ( #613 ), #3187 ) ;
#38 = CARTESIAN_POINT ( 'NONE',  ( 7.411666666666669734, 4.599999999999999645, -0.1250000000000019984 ) ) ;
#39 = CIRCLE ( 'NONE', #978, 0.04999999999999969746 ) ;
#40 = CARTESIAN_POINT ( 'NONE',  ( 5.330000000000000071, 4.401860820291225039E-17, 0.1250000000000036082 ) ) ;
#41 = CARTESIAN_POINT ( 'NONE',  ( 1.943342131173963594, 4.851074520169516902, -0.01686479291681846834 ) ) ;
#42 = AXIS2_PLACEMENT_3D ( 'NONE', #1648, #410, #22 ) ;
#43 = CARTESIAN_POINT ( 'NONE',  ( -1.330000000000000071, 4.599999999999999645, 0.6999999999999999556 ) ) ;
#44 = CARTESIAN_POINT ( 'NONE',  ( -0.5807128904958199778, 4.849999999999997868, -3.511770958199282422 ) ) ;
#45 = ORIENTED_EDGE ( 'NONE', *, *, #2388, .F. ) ;
#46 = B_SPLINE_CURVE_WITH_KNOTS ( 'NONE', 3,
 ( #836, #1800, #2508, #2770 ),
 .UNSPECIFIED., .F., .F.,
 ( 4, 4 ),
 ( 0.4782029142533310018, 1.000000000000000000 ),
 .UNSPECIFIED. ) ;
#47 = DIRECTION ( 'NONE',  ( -1.000000000000000000, 0.000000000000000000, 0.000000000000000000 ) ) ;
#48 = CARTESIAN_POINT ( 'NONE',  ( 5.640562079346824298, 4.850326012867316017, -0.2802810396734128906 ) ) ;
#49 = CARTESIAN_POINT ( 'NONE',  ( 9.570000000000000284, 14.05000000000000071, 1.199999999999999956 ) ) ;
#50 = ORIENTED_EDGE ( 'NONE', *, *, #776, .T. ) ;
#51 = CARTESIAN_POINT ( 'NONE',  ( 2.215161867544594987, 4.783505717297779292, 0.1624190662277029962 ) ) ;
#52 = CARTESIAN_POINT ( 'NONE',  ( 2.776148809610699431, 4.839520346400449924, 0.3415533168614134918 ) ) ;
#53 = CARTESIAN_POINT ( 'NONE',  ( 9.070000000000000284, 4.599999999999999645, -0.6094641322108900194 ) ) ;
#54 = VERTEX_POINT ( 'NONE', #260 ) ;
#55 = DIRECTION ( 'NONE',  ( 0.000000000000000000, 1.000000000000000000, 0.000000000000000000 ) ) ;
#56 = ADVANCED_FACE ( 'NONE', ( #1043 ), #1793, .T. ) ;
#57 = CARTESIAN_POINT ( 'NONE',  ( 2.183214235928366165, 4.810718453850489240, 0.2407963624349440668 ) ) ;
#58 = CARTESIAN_POINT ( 'NONE',  ( -0.3281780823410859749, 4.850000000000000533, 0.1877976998036015033 ) ) ;
#59 = ADVANCED_FACE ( 'NONE', ( #2004 ), #386, .T. ) ;
#60 = CARTESIAN_POINT ( 'NONE',  ( 2.790000000000000036, 4.784797426536750997, -0.04166666666666814928 ) ) ;
#61 = FACE_OUTER_BOUND ( 'NONE', #2639, .T. ) ;
#62 = VERTEX_POINT ( 'NONE', #774 ) ;
#63 = CARTESIAN_POINT ( 'NONE',  ( 6.138827320178910085, 4.850000000000000533, 0.03111369487099115497 ) ) ;
#64 =( LENGTH_UNIT ( ) NAMED_UNIT ( * ) SI_UNIT ( .MILLI., .METRE. ) );
#65 = CARTESIAN_POINT ( 'NONE',  ( 7.870000000000000107, 4.599999999999999645, 0.1249999999999984041 ) ) ;
#66 = VERTEX_POINT ( 'NONE', #3039 ) ;
#67 = LINE ( 'NONE', #541, #3088 ) ;
#68 = CARTESIAN_POINT ( 'NONE',  ( -0.4045084971874740032, 4.817398713268380206, -0.2022542485937385004 ) ) ;
#69 = CARTESIAN_POINT ( 'NONE',  ( 9.070000000000000284, 4.599999999999999645, 0.2513991269969325093 ) ) ;
#70 = ORIENTED_EDGE ( 'NONE', *, *, #2137, .T. ) ;
#71 = CARTESIAN_POINT ( 'NONE',  ( 7.620000000000000107, 4.849420349971629740, -0.3917233415692999987 ) ) ;
#72 = DIRECTION ( 'NONE',  ( 4.336808689942035485E-16, -3.521488656232920374E-16, -1.000000000000000000 ) ) ;
#73 = CARTESIAN_POINT ( 'NONE',  ( -0.2874908355369025226, 4.694252166306759122, 0.6999999999999919620 ) ) ;
#74 = CARTESIAN_POINT ( 'NONE',  ( 2.790000000000000036, 4.599999999999999645, -0.1250000000000019984 ) ) ;
#75 = CARTESIAN_POINT ( 'NONE',  ( 0.2500000000000000000, 4.784797426536750997, 0.1249999999999984041 ) ) ;
#76 = ORIENTED_EDGE ( 'NONE', *, *, #1897, .F. ) ;
#77 = EDGE_CURVE ( 'NONE', #2040, #1558, #1564, .T. ) ;
#78 = CARTESIAN_POINT ( 'NONE',  ( -0.4412299085413809441, 4.821900135243211594, 0.2206149542706904720 ) ) ;
#79 = CARTESIAN_POINT ( 'NONE',  ( 0.000000000000000000, 0.000000000000000000, 0.000000000000000000 ) ) ;
#80 = CARTESIAN_POINT ( 'NONE',  ( 8.241039661196889909, 4.850000000000000533, 0.07062059986233640285 ) ) ;
#81 = ORIENTED_EDGE ( 'NONE', *, *, #2687, .T. ) ;
#82 = CARTESIAN_POINT ( 'NONE',  ( 2.897212067571869998, 4.824772590979070408, -0.2551804411582789811 ) ) ;
#83 = ORIENTED_EDGE ( 'NONE', *, *, #949, .T. ) ;
#84 = CARTESIAN_POINT ( 'NONE',  ( 7.113909198189589667, 4.850000000000000533, -0.3853608823165555197 ) ) ;
#85 = CARTESIAN_POINT ( 'NONE',  ( -1.032906173329059873, 4.837055509725701086, -3.570361943762729862 ) ) ;
#86 = FACE_OUTER_BOUND ( 'NONE', #1305, .T. ) ;
#87 = AXIS2_PLACEMENT_3D ( 'NONE', #392, #1177, #2353 ) ;
#88 = CARTESIAN_POINT ( 'NONE',  ( -0.6425361648885908883, 4.850000000000000533, -0.009455989705818389560 ) ) ;
#89 = EDGE_CURVE ( 'NONE', #3135, #2264, #2549, .T. ) ;
#90 = CARTESIAN_POINT ( 'NONE',  ( 2.965227733613748029, 4.816909433658215001, 0.2126138668068726367 ) ) ;
#91 = DIRECTION ( 'NONE',  ( 0.000000000000000000, 0.000000000000000000, 1.000000000000000000 ) ) ;
#92 = AXIS2_PLACEMENT_3D ( 'NONE', #1021, #1719, #2222 ) ;
#93 = CARTESIAN_POINT ( 'NONE',  ( -1.879999999999999893, 14.09999999999999964, -4.700000000000000178 ) ) ;
#94 = FILL_AREA_STYLE ('',( #588 ) ) ;
#95 = ADVANCED_FACE ( 'NONE', ( #2025 ), #3007, .T. ) ;
#96 = CARTESIAN_POINT ( 'NONE',  ( -0.4484928576826024971, 4.817398713268380206, 0.07261886093681228782 ) ) ;
#97 = ORIENTED_EDGE ( 'NONE', *, *, #3155, .T. ) ;
#98 = DIRECTION ( 'NONE',  ( 2.085004177856739747E-17, -1.214306433183763733E-16, -1.000000000000000000 ) ) ;
#99 = VERTEX_POINT ( 'NONE', #2275 ) ;
#100 = FACE_OUTER_BOUND ( 'NONE', #449, .T. ) ;
#101 = CARTESIAN_POINT ( 'NONE',  ( -0.4160223230794954929, 4.599999999999999645, -4.200000000000000178 ) ) ;
#102 = CARTESIAN_POINT ( 'NONE',  ( 2.899838057171532757, 4.811977798077899493, 0.2436134293201802359 ) ) ;
#103 = CARTESIAN_POINT ( 'NONE',  ( 0.7382326720563100464, 4.773738119591340201, 0.4059723085155509947 ) ) ;
#104 = FACE_OUTER_BOUND ( 'NONE', #2124, .T. ) ;
#105 = LINE ( 'NONE', #93, #1489 ) ;
#106 = CARTESIAN_POINT ( 'NONE',  ( -0.2500000000000000000, 6.599999999999999645, -0.1250000000000026090 ) ) ;
#107 = CARTESIAN_POINT ( 'NONE',  ( 8.559655172413791036, 4.850000000000000533, -0.6741379310344914888 ) ) ;
#108 = EDGE_LOOP ( 'NONE', ( #2862, #2761, #467, #2420 ) ) ;
#109 = CARTESIAN_POINT ( 'NONE',  ( 2.748333333333334849, 4.599999999999999645, -0.1250000000000019984 ) ) ;
#110 = EDGE_CURVE ( 'NONE', #2067, #2406, #2041, .T. ) ;
#111 = CARTESIAN_POINT ( 'NONE',  ( -0.2500000000000000000, 6.599999999999999645, -0.1250000000000026090 ) ) ;
#112 = ORIENTED_EDGE ( 'NONE', *, *, #776, .F. ) ;
#113 = CARTESIAN_POINT ( 'NONE',  ( 1.980983005625055027, 4.850000000000000533, -0.2795084971874745028 ) ) ;
#114 = EDGE_CURVE ( 'NONE', #2542, #171, #2364, .T. ) ;
#115 = CARTESIAN_POINT ( 'NONE',  ( -0.8232636049347981100, 4.850000000000000533, -3.183096176469840000 ) ) ;
#116 = CARTESIAN_POINT ( 'NONE',  ( -0.2500000000000000000, 4.599999999999999645, 0.1250000000000000000 ) ) ;
#117 = FACE_OUTER_BOUND ( 'NONE', #680, .T. ) ;
#118 = FACE_OUTER_BOUND ( 'NONE', #2850, .T. ) ;
#119 = DIRECTION ( 'NONE',  ( 0.000000000000000000, -1.214306433183763733E-16, -1.000000000000000000 ) ) ;
#120 = CARTESIAN_POINT ( 'NONE',  ( 2.790000000000000036, 4.599999999999999645, -1.741499739554841497E-15 ) ) ;
#121 = FACE_OUTER_BOUND ( 'NONE', #3065, .T. ) ;
#122 = VERTEX_POINT ( 'NONE', #1577 ) ;
#123 = DIRECTION ( 'NONE',  ( 1.000000000000000000, 0.000000000000000000, 0.000000000000000000 ) ) ;
#124 =( LENGTH_UNIT ( ) NAMED_UNIT ( * ) SI_UNIT ( .MILLI., .METRE. ) );
#125 = EDGE_CURVE ( 'NONE', #2203, #2444, #1643, .T. ) ;
#126 = ORIENTED_EDGE ( 'NONE', *, *, #2553, .T. ) ;
#127 = CARTESIAN_POINT ( 'NONE',  ( -1.330000000000000071, 4.599999999999999645, 0.6999999999999999556 ) ) ;
#128 = CARTESIAN_POINT ( 'NONE',  ( 7.943194034949549120, 4.599999999999999645, -4.200000000000000178 ) ) ;
#129 = CARTESIAN_POINT ( 'NONE',  ( 2.290000000000000036, 6.599999999999999645, 0.1250000000000000000 ) ) ;
#130 = EDGE_CURVE ( 'NONE', #1607, #1508, #3149, .T. ) ;
#131 = CARTESIAN_POINT ( 'NONE',  ( 1.980983005625055027, 4.850000000000000533, 0.2795084971874745028 ) ) ;
#132 = ORIENTED_EDGE ( 'NONE', *, *, #2530, .F. ) ;
#133 = AXIS2_PLACEMENT_3D ( 'NONE', #576, #2236, #13 ) ;
#134 = CARTESIAN_POINT ( 'NONE',  ( 0.2500000000000000000, 4.599999999999999645, -0.1250000000000019984 ) ) ;
#135 = STYLED_ITEM ( 'NONE', ( #2709 ), #910 ) ;
#136 = DIRECTION ( 'NONE',  ( 0.000000000000000000, 1.000000000000000000, 0.000000000000000000 ) ) ;
#137 = CIRCLE ( 'NONE', #1178, 0.04999999999999969746 ) ;
#138 = CARTESIAN_POINT ( 'NONE',  ( 0.5590169943749458970, 4.850000000000000533, -0.2795084971874755020 ) ) ;
#139 = ORIENTED_EDGE ( 'NONE', *, *, #2252, .T. ) ;
#140 = VECTOR ( 'NONE', #1936, 1000.000000000000000 ) ;
#141 = CARTESIAN_POINT ( 'NONE',  ( 8.183652249290576108, 4.850978038601947873, 0.2818261246452841151 ) ) ;
#142 = VECTOR ( 'NONE', #2697, 1000.000000000000000 ) ;
#143 = ORIENTED_EDGE ( 'NONE', *, *, #1935, .T. ) ;
#144 = CARTESIAN_POINT ( 'NONE',  ( 7.060983005625049991, 4.850000000000000533, -0.2795084971874745028 ) ) ;
#145 = CARTESIAN_POINT ( 'NONE',  ( -0.8196551724137900452, 4.850000000000000533, -2.825862068965524720 ) ) ;
#146 = CARTESIAN_POINT ( 'NONE',  ( 0.2500000000000000000, 6.599999999999999645, 0.1249999999999980016 ) ) ;
#147 = CARTESIAN_POINT ( 'NONE',  ( 5.704974561090149443, 4.850000000000000533, 0.005071939410975809942 ) ) ;
#148 = ORIENTED_EDGE ( 'NONE', *, *, #1019, .F. ) ;
#149 = EDGE_CURVE ( 'NONE', #1951, #2404, #1593, .T. ) ;
#150 = DIRECTION ( 'NONE',  ( -8.850629979473508477E-17, 0.000000000000000000, 1.000000000000000000 ) ) ;
#151 = EDGE_CURVE ( 'NONE', #2269, #1882, #3114, .T. ) ;
#152 = CARTESIAN_POINT ( 'NONE',  ( 9.070000000000000284, 4.599999999999999645, -4.750000000000000000 ) ) ;
#153 = DIRECTION ( 'NONE',  ( 0.000000000000000000, -0.000000000000000000, 1.000000000000000000 ) ) ;
#154 = ORIENTED_EDGE ( 'NONE', *, *, #668, .T. ) ;
#155 = B_SPLINE_CURVE_WITH_KNOTS ( 'NONE', 3,
 ( #2079, #1846, #1333, #1083 ),
 .UNSPECIFIED., .F., .F.,
 ( 4, 4 ),
 ( 1.377899505613638833E-18, 0.0001767624677527834592 ),
 .UNSPECIFIED. ) ;
#156 = ORIENTED_EDGE ( 'NONE', *, *, #1458, .T. ) ;
#157 = PLANE ( 'NONE',  #344 ) ;
#158 = CARTESIAN_POINT ( 'NONE',  ( 2.290000000000000036, 4.784797426536750997, 0.1250000000000000000 ) ) ;
#159 = CARTESIAN_POINT ( 'NONE',  ( 5.550108143232378666, 4.829885664828977632, 0.2350540716161887422 ) ) ;
#160 = B_SPLINE_CURVE_WITH_KNOTS ( 'NONE', 3,
 ( #2598, #672, #1611, #406 ),
 .UNSPECIFIED., .F., .F.,
 ( 4, 4 ),
 ( 0.000000000000000000, 0.5088266588614290820 ),
 .UNSPECIFIED. ) ;
#161 = CARTESIAN_POINT ( 'NONE',  ( -1.330000000000000071, 6.599999999999999645, 0.6999999999999999556 ) ) ;
#162 = ORIENTED_EDGE ( 'NONE', *, *, #704, .T. ) ;
#163 = ORIENTED_EDGE ( 'NONE', *, *, #2572, .F. ) ;
#164 = CARTESIAN_POINT ( 'NONE',  ( 7.370000000000000107, 4.784797426536750997, -0.1250000000000019984 ) ) ;
#165 = SURFACE_STYLE_FILL_AREA ( #2120 ) ;
#166 = EDGE_CURVE ( 'NONE', #2199, #1933, #856, .T. ) ;
#167 = CARTESIAN_POINT ( 'NONE',  ( 4.830000000000000071, 6.599999999999999645, 0.1250000000000000000 ) ) ;
#168 = CARTESIAN_POINT ( 'NONE',  ( 0.2500000000000000000, 4.599999999999999645, -0.1250000000000019984 ) ) ;
#169 = EDGE_CURVE ( 'NONE', #1933, #2853, #2841, .T. ) ;
#170 = ORIENTED_EDGE ( 'NONE', *, *, #1881, .F. ) ;
#171 = VERTEX_POINT ( 'NONE', #404 ) ;
#172 = DIRECTION ( 'NONE',  ( -1.000000000000000000, 0.000000000000000000, 0.000000000000000000 ) ) ;
#173 = CARTESIAN_POINT ( 'NONE',  ( 9.619999999999999218, 4.100000000000000533, -4.700000000000000178 ) ) ;
#174 = DIRECTION ( 'NONE',  ( -8.499851737735099270E-32, -1.000000000000000000, 3.521488656232915443E-16 ) ) ;
#175 = DIRECTION ( 'NONE',  ( -4.336808689942040416E-16, 0.000000000000000000, 1.000000000000000000 ) ) ;
#176 = ORIENTED_EDGE ( 'NONE', *, *, #2228, .T. ) ;
#177 = CARTESIAN_POINT ( 'NONE',  ( 0.2500000000000000000, 4.784797426536750997, 0.1249999999999984041 ) ) ;
#178 = B_SPLINE_SURFACE_WITH_KNOTS ( 'NONE', 3, 3, ( 
 ( #2712, #265, #1011, #1468, #496, #248, #2229 ),
 ( #1280, #2262, #1960, #5, #2488, #1992, #2973 ),
 ( #2434, #2245, #2010, #211, #2996, #2450, #781 ),
 ( #2194, #3180, #1767, #725, #1583, #1330, #616 ) ),
 .UNSPECIFIED., .F., .F., .F.,
 ( 4, 4 ),
 ( 4, 3, 4 ),
 ( 0.000000000000000000, 1.000000000000000000 ),
 ( 0.000000000000000000, 1.000000000000000000, 1.010000000000000009 ),
 .UNSPECIFIED. ) ;
#179 = CARTESIAN_POINT ( 'NONE',  ( -1.330000000000000071, 4.599999999999999645, -4.200000000000000178 ) ) ;
#180 = ADVANCED_FACE ( 'NONE', ( #609 ), #2609, .F. ) ;
#181 = CARTESIAN_POINT ( 'NONE',  ( -1.074827586206893892, 4.848917728547109895, -3.512931034482759785 ) ) ;
#182 = CARTESIAN_POINT ( 'NONE',  ( -0.5978424944863959256, 4.850000000000000533, -0.2018574969645764716 ) ) ;
#183 = AXIS2_PLACEMENT_3D ( 'NONE', #2368, #174, #2129 ) ;
#184 = ORIENTED_EDGE ( 'NONE', *, *, #769, .T. ) ;
#185 = EDGE_CURVE ( 'NONE', #337, #2797, #1094, .T. ) ;
#186 = AXIS2_PLACEMENT_3D ( 'NONE', #3085, #2869, #2349 ) ;
#187 = CARTESIAN_POINT ( 'NONE',  ( 8.024508497187468947, 4.817398713268380206, 0.2022542485937355028 ) ) ;
#188 = ORIENTED_EDGE ( 'NONE', *, *, #1642, .F. ) ;
#189 = CARTESIAN_POINT ( 'NONE',  ( -0.5813054629125216088, 4.841660223919881822, 0.06275815264454889797 ) ) ;
#190 = CARTESIAN_POINT ( 'NONE',  ( 2.540000000000000036, 4.850000000000000533, 0.6584466831385850094 ) ) ;
#191 = VECTOR ( 'NONE', #2558, 1000.000000000000000 ) ;
#192 = DIRECTION ( 'NONE',  ( -1.000000000000000000, 0.000000000000000000, 1.138412281109822057E-15 ) ) ;
#193 = EDGE_LOOP ( 'NONE', ( #536, #2175, #731, #3001 ) ) ;
#194 = ORIENTED_EDGE ( 'NONE', *, *, #1208, .F. ) ;
#195 = FILL_AREA_STYLE_COLOUR ( '', #1589 ) ;
#196 = CARTESIAN_POINT ( 'NONE',  ( 0.4045084971874725044, 4.817398713268380206, -0.2022542485937385004 ) ) ;
#197 = CARTESIAN_POINT ( 'NONE',  ( 8.559655172413789259, 4.850000000000000533, -2.825862068965520280 ) ) ;
#198 = DIRECTION ( 'NONE',  ( -1.000000000000000000, 0.000000000000000000, 0.000000000000000000 ) ) ;
#199 = ORIENTED_EDGE ( 'NONE', *, *, #513, .T. ) ;
#200 = CARTESIAN_POINT ( 'NONE',  ( 8.272940501095689569, 4.850978038601947873, 0.1044996210350615795 ) ) ;
#201 = EDGE_LOOP ( 'NONE', ( #838, #2195, #2131 ) ) ;
#202 = CARTESIAN_POINT ( 'NONE',  ( 7.870000000000000107, 6.599999999999999645, 0.1250000000000029976 ) ) ;
#203 = B_SPLINE_SURFACE_WITH_KNOTS ( 'NONE', 3, 3, ( 
 ( #314, #75, #1569, #1097, #1363, #3045, #2045 ),
 ( #570, #2078, #2555, #861, #2523, #812, #1845 ),
 ( #2831, #299, #1301, #2280, #1923, #940, #2905 ),
 ( #134, #2401, #196, #2647, #2355, #2146, #922 ) ),
 .UNSPECIFIED., .F., .F., .F.,
 ( 4, 4 ),
 ( 4, 3, 4 ),
 ( 0.000000000000000000, 1.000000000000000000 ),
 ( 0.000000000000000000, 1.000000000000000000, 1.010000000000000009 ),
 .UNSPECIFIED. ) ;
#204 = CARTESIAN_POINT ( 'NONE',  ( 5.316148809610700354, 4.839520346400449924, -0.3415533168614075521 ) ) ;
#205 = CARTESIAN_POINT ( 'NONE',  ( -1.330000000000000071, 4.599999999999999645, 1.250000000000000000 ) ) ;
#206 = ADVANCED_FACE ( 'NONE', ( #1370 ), #2347, .F. ) ;
#207 = CARTESIAN_POINT ( 'NONE',  ( -2.168404344971009854E-16, 4.848840699943259835, 0.1249999999999914096 ) ) ;
#208 = FACE_OUTER_BOUND ( 'NONE', #2723, .T. ) ;
#209 = CARTESIAN_POINT ( 'NONE',  ( 5.330000000000000071, 4.599999999999999645, 0.1249999999999984041 ) ) ;
#210 = CARTESIAN_POINT ( 'NONE',  ( 8.578932680423850599, 4.850000000000000533, -2.940723887525459990 ) ) ;
#211 = CARTESIAN_POINT ( 'NONE',  ( 4.433014284634794855, 4.850000000000000533, 0.1035710552069599860 ) ) ;
#212 = VERTEX_POINT ( 'NONE', #1158 ) ;
#213 = SPHERICAL_SURFACE ( 'NONE', #2679, 0.05000000000000000278 ) ;
#214 = VERTEX_POINT ( 'NONE', #2626 ) ;
#215 = FACE_OUTER_BOUND ( 'NONE', #544, .T. ) ;
#216 = CARTESIAN_POINT ( 'NONE',  ( 2.748333333333334849, 4.599999999999999645, 0.1249999999999984041 ) ) ;
#217 = EDGE_CURVE ( 'NONE', #212, #303, #1608, .T. ) ;
#218 = CARTESIAN_POINT ( 'NONE',  ( 0.2500000000000000000, 6.599999999999999645, 0.1249999999999980016 ) ) ;
#219 = VERTEX_POINT ( 'NONE', #1398 ) ;
#220 = CARTESIAN_POINT ( 'NONE',  ( -0.2361488096107000056, 4.839520346400449924, 0.3415533168614145465 ) ) ;
#221 = EDGE_CURVE ( 'NONE', #962, #2525, #2825, .T. ) ;
#222 = CARTESIAN_POINT ( 'NONE',  ( 7.725442068305239829, 4.850000000000000533, -3.694015320778815337 ) ) ;
#223 = LINE ( 'NONE', #1516, #1857 ) ;
#224 = CARTESIAN_POINT ( 'NONE',  ( 3.809609807231202350, 4.599999999999999645, 0.6999999999999999556 ) ) ;
#225 = CARTESIAN_POINT ( 'NONE',  ( -0.4393952741182313160, 4.849999999999999645, -3.610974421581568450 ) ) ;
#226 = UNCERTAINTY_MEASURE_WITH_UNIT (LENGTH_MEASURE( 1.000000000000000082E-05 ), #415, 'distance_accuracy_value', 'NONE');
#227 = B_SPLINE_SURFACE_WITH_KNOTS ( 'NONE', 3, 3, ( 
 ( #2237, #1756, #2497, #273 ),
 ( #1273, #1338, #2084, #635 ),
 ( #884, #1838, #3056, #2823 ),
 ( #2097, #822, #607, #2580 ),
 ( #2303, #577, #369, #1590 ),
 ( #1357, #2333, #1868, #1560 ),
 ( #592, #2795, #68, #320 ) ),
 .UNSPECIFIED., .F., .F., .F.,
 ( 4, 1, 1, 1, 4 ),
 ( 4, 4 ),
 ( 0.000000000000000000, 0.2500000000000000000, 0.5000000000000000000, 0.7500000000000000000, 1.000000000000000000 ),
 ( 0.000000000000000000, 1.000000000000000000 ),
 .UNSPECIFIED. ) ;
#228 = VERTEX_POINT ( 'NONE', #113 ) ;
#229 = CARTESIAN_POINT ( 'NONE',  ( 9.070000000000000284, 4.722364132284790905, -1.313433545008049874 ) ) ;
#230 = FACE_OUTER_BOUND ( 'NONE', #3162, .T. ) ;
#231 = VECTOR ( 'NONE', #261, 1000.000000000000000 ) ;
#232 = CARTESIAN_POINT ( 'NONE',  ( 4.830000000000000071, 6.599999999999999645, 0.1250000000000000000 ) ) ;
#233 = ORIENTED_EDGE ( 'NONE', *, *, #709, .F. ) ;
#234 = DIRECTION ( 'NONE',  ( 1.000000000000000000, 0.000000000000000000, 0.000000000000000000 ) ) ;
#235 = VECTOR ( 'NONE', #689, 1000.000000000000000 ) ;
#236 = DIRECTION ( 'NONE',  ( 0.000000000000000000, -1.000000000000000000, 1.214306433183763733E-16 ) ) ;
#237 = VECTOR ( 'NONE', #1262, 1000.000000000000000 ) ;
#238 = CARTESIAN_POINT ( 'NONE',  ( 4.632480665091253336, 4.823740568000589590, 0.2237596674543750608 ) ) ;
#239 = VECTOR ( 'NONE', #1143, 1000.000000000000000 ) ;
#240 = ORIENTED_EDGE ( 'NONE', *, *, #936, .T. ) ;
#241 = B_SPLINE_CURVE_WITH_KNOTS ( 'NONE', 3,
 ( #1701, #2757, #1271, #2019, #2739, #1237, #1526 ),
 .UNSPECIFIED., .F., .F.,
 ( 4, 1, 1, 1, 4 ),
 ( 0.000000000000000000, 0.2500000000000000000, 0.5000000000000000000, 0.7500000000000000000, 1.000000000000000000 ),
 .UNSPECIFIED. ) ;
#242 = ORIENTED_EDGE ( 'NONE', *, *, #1266, .T. ) ;
#243 = CARTESIAN_POINT ( 'NONE',  ( 0.3472976192214045077, 4.850000000000000533, -0.5581066337228151042 ) ) ;
#244 = CARTESIAN_POINT ( 'NONE',  ( 7.684569144859211498, 4.836412369381929643, 0.3773009283987618923 ) ) ;
#245 =( GEOMETRIC_REPRESENTATION_CONTEXT ( 3 ) GLOBAL_UNCERTAINTY_ASSIGNED_CONTEXT ( ( #1726 ) ) GLOBAL_UNIT_ASSIGNED_CONTEXT ( ( #64, #1785, #2806 ) ) REPRESENTATION_CONTEXT ( 'NONE', 'WORKASPACE' ) );
#246 = EDGE_CURVE ( 'NONE', #2406, #527, #371, .T. ) ;
#247 = CARTESIAN_POINT ( 'NONE',  ( 3.163636117360619782, 4.850000000000000533, -0.04185060306135209712 ) ) ;
#248 = CARTESIAN_POINT ( 'NONE',  ( 4.517892835681300845, 4.850652025734631501, -0.2810535821593487249 ) ) ;
#249 = ORIENTED_EDGE ( 'NONE', *, *, #2683, .F. ) ;
#250 = EDGE_CURVE ( 'NONE', #1402, #1433, #338, .T. ) ;
#251 = CARTESIAN_POINT ( 'NONE',  ( 8.777238574295310514, 4.833870031480929974, -2.853643998653795144 ) ) ;
#252 = DIRECTION ( 'NONE',  ( 1.000000000000000000, 0.000000000000000000, 0.000000000000000000 ) ) ;
#253 = CARTESIAN_POINT ( 'NONE',  ( 9.070000000000000284, 4.599999999999999645, 1.250000000000000000 ) ) ;
#254 = ORIENTED_EDGE ( 'NONE', *, *, #1117, .F. ) ;
#255 = CARTESIAN_POINT ( 'NONE',  ( 5.330000000000000071, 4.599999999999999645, 0.1249999999999984041 ) ) ;
#256 = CARTESIAN_POINT ( 'NONE',  ( 0.2500000000000000000, 6.599999999999999645, -0.1250000000000021927 ) ) ;
#257 = LINE ( 'NONE', #2238, #394 ) ;
#258 = CARTESIAN_POINT ( 'NONE',  ( 7.870000000000000107, 4.767298982686379638, 0.1249999999999984041 ) ) ;
#259 = ORIENTED_EDGE ( 'NONE', *, *, #1656, .F. ) ;
#260 = CARTESIAN_POINT ( 'NONE',  ( 9.619999999999999218, 4.100000000000000533, 1.199999999999999956 ) ) ;
#261 = DIRECTION ( 'NONE',  ( -1.000000000000000000, 0.000000000000000000, 1.138412281109789516E-15 ) ) ;
#262 = CARTESIAN_POINT ( 'NONE',  ( -0.8196551724137930428, 4.850000000000000533, -0.6741379310344849385 ) ) ;
#263 = CARTESIAN_POINT ( 'NONE',  ( 9.070000000000000284, 4.847835457094220146, -4.200000000000000178 ) ) ;
#264 = CARTESIAN_POINT ( 'NONE',  ( -1.830000000000000071, 14.05000000000000071, 1.350000000000000533 ) ) ;
#265 = CARTESIAN_POINT ( 'NONE',  ( 4.830000000000000071, 4.784797426536750997, -0.1250000000000019984 ) ) ;
#266 = UNCERTAINTY_MEASURE_WITH_UNIT (LENGTH_MEASURE( 1.000000000000000082E-05 ), #274, 'distance_accuracy_value', 'NONE');
#267 = EDGE_LOOP ( 'NONE', ( #286, #995, #919, #162 ) ) ;
#268 = CARTESIAN_POINT ( 'NONE',  ( 9.070000000000000284, 4.599999999999999645, -2.629032502606970301 ) ) ;
#269 = ADVANCED_FACE ( 'NONE', ( #100 ), #157, .F. ) ;
#270 = CARTESIAN_POINT ( 'NONE',  ( 9.070000000000000284, 4.599999999999999645, -4.200000000000000178 ) ) ;
#271 = VERTEX_POINT ( 'NONE', #127 ) ;
#272 = CARTESIAN_POINT ( 'NONE',  ( 4.871666666666669698, 4.799545181958140283, 0.1250000000000000000 ) ) ;
#273 = CARTESIAN_POINT ( 'NONE',  ( 0.5590169943749458970, 4.850000000000000533, -0.2795084971874755020 ) ) ;
#274 =( LENGTH_UNIT ( ) NAMED_UNIT ( * ) SI_UNIT ( .MILLI., .METRE. ) );
#275 = CARTESIAN_POINT ( 'NONE',  ( 8.371828068861720595, 4.851895337830764987, -0.007292993616401667774 ) ) ;
#276 = ORIENTED_EDGE ( 'NONE', *, *, #1716, .F. ) ;
#277 = CARTESIAN_POINT ( 'NONE',  ( 7.856148809610700390, 4.839520346400449924, -0.3415533168614075521 ) ) ;
#278 = CARTESIAN_POINT ( 'NONE',  ( 2.397512999560289071, 4.807052134479577354, 0.2629159039784742524 ) ) ;
#279 = CARTESIAN_POINT ( 'NONE',  ( -0.8378291060338610707, 4.850000000000000533, -0.5658515765482510229 ) ) ;
#280 = CARTESIAN_POINT ( 'NONE',  ( 2.944508497187475093, 4.817398713268380206, 0.2022542485937355028 ) ) ;
#281 = CARTESIAN_POINT ( 'NONE',  ( -0.1042990722515494822, 4.849999999999998757, -3.709121021087317782 ) ) ;
#282 = ORIENTED_EDGE ( 'NONE', *, *, #1424, .T. ) ;
#283 = LINE ( 'NONE', #1784, #3051 ) ;
#284 = CARTESIAN_POINT ( 'NONE',  ( 5.330000000000000071, 4.599999999999999645, -0.1250000000000019984 ) ) ;
#285 = CARTESIAN_POINT ( 'NONE',  ( 5.080000000000003624, 4.599999999999999645, 0.1249999999999992645 ) ) ;
#286 = ORIENTED_EDGE ( 'NONE', *, *, #2442, .T. ) ;
#287 = CARTESIAN_POINT ( 'NONE',  ( 4.955000000000000071, 4.829040692800909085, 0.1250000000000062172 ) ) ;
#288 = EDGE_CURVE ( 'NONE', #1216, #66, #2113, .T. ) ;
#289 = LINE ( 'NONE', #1774, #620 ) ;
#290 = CARTESIAN_POINT ( 'NONE',  ( 8.452833464488108461, 4.834114480997790508, 0.3775295782859795501 ) ) ;
#291 = ORIENTED_EDGE ( 'NONE', *, *, #1699, .F. ) ;
#292 = CARTESIAN_POINT ( 'NONE',  ( -1.879999999999999893, 14.05000000000000071, 1.199999999999999956 ) ) ;
#293 = COLOUR_RGB ( '',0.8980392156862745390, 0.8980392156862745390, 0.8980392156862745390 ) ;
#294 = CARTESIAN_POINT ( 'NONE',  ( 4.462220347398484499, 4.850000000000000533, -0.1247789173957035980 ) ) ;
#295 = CARTESIAN_POINT ( 'NONE',  ( 7.704050493320830029, 4.841460871506639840, 0.4059723085155509947 ) ) ;
#296 = VECTOR ( 'NONE', #2375, 1000.000000000000000 ) ;
#297 = CARTESIAN_POINT ( 'NONE',  ( 4.456520793749409570, 4.850000000000000533, -0.04375893483960899971 ) ) ;
#298 = MECHANICAL_DESIGN_GEOMETRIC_PRESENTATION_REPRESENTATION (  '', ( #985 ), #1044 ) ;
#299 = CARTESIAN_POINT ( 'NONE',  ( 0.2500000000000000000, 4.784797426536750997, -0.04166666666666814928 ) ) ;
#300 = ORIENTED_EDGE ( 'NONE', *, *, #2881, .F. ) ;
#301 = DIRECTION ( 'NONE',  ( 0.000000000000000000, 0.000000000000000000, -1.000000000000000000 ) ) ;
#302 = DIRECTION ( 'NONE',  ( -1.000000000000000000, 0.000000000000000000, 1.138412281109827973E-15 ) ) ;
#303 = VERTEX_POINT ( 'NONE', #1915 ) ;
#304 = CARTESIAN_POINT ( 'NONE',  ( 5.330000000000000071, 4.784797426536750997, 0.1249999999999984041 ) ) ;
#305 = PRESENTATION_STYLE_ASSIGNMENT (( #2533 ) ) ;
#306 = ADVANCED_FACE ( 'NONE', ( #2701 ), #2200, .F. ) ;
#307 = CARTESIAN_POINT ( 'NONE',  ( 7.870000000000000107, 4.599999999999999645, 0.1249999999999984041 ) ) ;
#308 = VERTEX_POINT ( 'NONE', #947 ) ;
#309 = CARTESIAN_POINT ( 'NONE',  ( 7.967297619221410443, 4.850000000000000533, -0.5581066337228151042 ) ) ;
#310 = CARTESIAN_POINT ( 'NONE',  ( 2.290000000000000036, 6.599999999999999645, 0.1250000000000000000 ) ) ;
#311 = ADVANCED_FACE ( 'NONE', ( #1171 ), #2184, .T. ) ;
#312 = CARTESIAN_POINT ( 'NONE',  ( 7.073436984762997426, 4.850085391284934211, 0.1090043401162571063 ) ) ;
#313 = PLANE ( 'NONE',  #2311 ) ;
#314 = CARTESIAN_POINT ( 'NONE',  ( 0.2500000000000000000, 4.599999999999999645, 0.1249999999999984041 ) ) ;
#315 = VERTEX_POINT ( 'NONE', #1473 ) ;
#316 = DIRECTION ( 'NONE',  ( 0.000000000000000000, 1.214306433183763733E-16, 1.000000000000000000 ) ) ;
#317 = CARTESIAN_POINT ( 'NONE',  ( 8.566289938851252117, 4.849999999999987210, -0.3291205747451321217 ) ) ;
#318 = ORIENTED_EDGE ( 'NONE', *, *, #327, .T. ) ;
#319 = CARTESIAN_POINT ( 'NONE',  ( 8.179016994374949334, 4.850000000000000533, -0.2795084971874755020 ) ) ;
#320 = CARTESIAN_POINT ( 'NONE',  ( -0.5590169943749470072, 4.850000000000000533, -0.2795084971874745028 ) ) ;
#321 = ORIENTED_EDGE ( 'NONE', *, *, #1661, .F. ) ;
#322 = DIRECTION ( 'NONE',  ( 0.000000000000000000, 1.000000000000000000, 0.000000000000000000 ) ) ;
#323 = ADVANCED_FACE ( 'NONE', ( #215 ), #983, .F. ) ;
#324 = CARTESIAN_POINT ( 'NONE',  ( -0.9236724124793540547, 4.813331072082879913, -3.691548088234919867 ) ) ;
#325 = CARTESIAN_POINT ( 'NONE',  ( 2.117570070072375188, 4.815986383258029413, 0.2112149649638107862 ) ) ;
#326 = CARTESIAN_POINT ( 'NONE',  ( 3.870000000000000107, 4.850000000000000533, -0.07011201764772338751 ) ) ;
#327 = EDGE_CURVE ( 'NONE', #726, #550, #2491, .T. ) ;
#328 = CARTESIAN_POINT ( 'NONE',  ( 2.290000000000000036, 4.599999999999999645, -0.1250000000000019984 ) ) ;
#329 = CARTESIAN_POINT ( 'NONE',  ( 8.241039661196889909, 4.850000000000000533, 0.07062059986233640285 ) ) ;
#330 = ORIENTED_EDGE ( 'NONE', *, *, #1463, .T. ) ;
#331 = CARTESIAN_POINT ( 'NONE',  ( -1.879999999999999893, 4.100000000000000533, -4.750000000000000000 ) ) ;
#332 = LINE ( 'NONE', #1069, #1814 ) ;
#333 = CARTESIAN_POINT ( 'NONE',  ( -0.2500000000000000000, 4.599999999999999645, -0.04166666666666814928 ) ) ;
#334 = ORIENTED_EDGE ( 'NONE', *, *, #596, .T. ) ;
#335 = CARTESIAN_POINT ( 'NONE',  ( 2.790000000000000036, 4.599999999999999645, -0.1250000000000019984 ) ) ;
#336 = SURFACE_STYLE_FILL_AREA ( #1104 ) ;
#337 = VERTEX_POINT ( 'NONE', #1459 ) ;
#338 = LINE ( 'NONE', #1118, #1745 ) ;
#339 = CARTESIAN_POINT ( 'NONE',  ( 3.870000000000000107, 4.850000000000000533, -3.429871822883459931 ) ) ;
#340 = CARTESIAN_POINT ( 'NONE',  ( 7.955100663038869868, 4.849999999999998757, -3.689422910418778123 ) ) ;
#341 = AXIS2_PLACEMENT_3D ( 'NONE', #1953, #2659, #2916 ) ;
#342 = CARTESIAN_POINT ( 'NONE',  ( -0.09502444515385012613, 4.852338401507085841, 0.2004765896479762388 ) ) ;
#343 = VECTOR ( 'NONE', #2218, 1000.000000000000000 ) ;
#344 = AXIS2_PLACEMENT_3D ( 'NONE', #2582, #357, #2099 ) ;
#345 = DIRECTION ( 'NONE',  ( 0.000000000000000000, 1.000000000000000000, 0.000000000000000000 ) ) ;
#346 = AXIS2_PLACEMENT_3D ( 'NONE', #393, #425, #2387 ) ;
#347 = CARTESIAN_POINT ( 'NONE',  ( 0.6126761368814910291, 4.850000000000000533, 0.1239708434328029990 ) ) ;
#348 = PRESENTATION_LAYER_ASSIGNMENT (  '', '', ( #1697 ) ) ;
#349 = PRESENTATION_STYLE_ASSIGNMENT (( #2790 ) ) ;
#350 = DIRECTION ( 'NONE',  ( 1.000000000000000000, 0.000000000000000000, 0.000000000000000000 ) ) ;
#351 = ADVANCED_FACE ( 'NONE', ( #2140 ), #1428, .F. ) ;
#352 = ORIENTED_EDGE ( 'NONE', *, *, #1046, .F. ) ;
#353 = CARTESIAN_POINT ( 'NONE',  ( 2.665000000000000036, 4.829040692800909085, -0.1250000000000000000 ) ) ;
#354 = B_SPLINE_CURVE_WITH_KNOTS ( 'NONE', 3,
 ( #1375, #2617, #3119, #905 ),
 .UNSPECIFIED., .F., .F.,
 ( 4, 4 ),
 ( 0.000000000000000000, 0.7400321628539670016 ),
 .UNSPECIFIED. ) ;
#355 = DIRECTION ( 'NONE',  ( 0.000000000000000000, -1.000000000000000000, 1.214306433183763733E-16 ) ) ;
#356 = EDGE_LOOP ( 'NONE', ( #3123, #2183, #951, #560 ) ) ;
#357 = DIRECTION ( 'NONE',  ( -6.505213034913050270E-16, 3.521488656232915443E-16, 1.000000000000000000 ) ) ;
#358 = CARTESIAN_POINT ( 'NONE',  ( -0.1489951444281951976, 4.772667615566459354, -3.953956647408820135 ) ) ;
#359 = DIRECTION ( 'NONE',  ( 4.336808689942035485E-16, -3.521488656232920374E-16, -1.000000000000000000 ) ) ;
#360 = CARTESIAN_POINT ( 'NONE',  ( -0.8341582667986076061, 4.850258826006630386, -0.5785100923137334039 ) ) ;
#361 = CARTESIAN_POINT ( 'NONE',  ( 4.830000000000000071, 4.599999999999999645, 0.1250000000000000000 ) ) ;
#362 = PLANE ( 'NONE',  #825 ) ;
#363 = EDGE_CURVE ( 'NONE', #1075, #2391, #604, .T. ) ;
#364 = LINE ( 'NONE', #2165, #2992 ) ;
#365 = CARTESIAN_POINT ( 'NONE',  ( 8.113157570142341513, 4.846197500772698064, 0.3399206025087544436 ) ) ;
#366 = ORIENTED_EDGE ( 'NONE', *, *, #2174, .T. ) ;
#367 = CARTESIAN_POINT ( 'NONE',  ( 2.642742795433417058E-16, 4.599999999999999645, -0.1250000000000019984 ) ) ;
#368 = ADVANCED_FACE ( 'NONE', ( #1217 ), #1715, .F. ) ;
#369 = CARTESIAN_POINT ( 'NONE',  ( -0.2361488096107005052, 4.839520346400449924, -0.3415533168614064974 ) ) ;
#370 = EDGE_LOOP ( 'NONE', ( #276, #1981, #194, #403 ) ) ;
#371 = LINE ( 'NONE', #2812, #3137 ) ;
#372 = CARTESIAN_POINT ( 'NONE',  ( 7.834796253906858965, 4.850000000000000533, -3.707913294817634764 ) ) ;
#373 = CARTESIAN_POINT ( 'NONE',  ( -1.879999999999999893, 6.599999999999999645, 0.6999999999999999556 ) ) ;
#374 = CARTESIAN_POINT ( 'NONE',  ( 2.290000000000000036, 4.599999999999999645, 0.1250000000000000000 ) ) ;
#375 = LINE ( 'NONE', #1349, #1226 ) ;
#376 = FACE_OUTER_BOUND ( 'NONE', #944, .T. ) ;
#377 = LINE ( 'NONE', #2356, #878 ) ;
#378 = DIRECTION ( 'NONE',  ( 1.000000000000000000, 2.531833986386464612E-33, 2.085004177856739747E-17 ) ) ;
#379 = ORIENTED_EDGE ( 'NONE', *, *, #2830, .F. ) ;
#380 = CARTESIAN_POINT ( 'NONE',  ( 2.887297619221405043, 4.850000000000000533, -0.5581066337228151042 ) ) ;
#381 = CARTESIAN_POINT ( 'NONE',  ( 8.024508497187468947, 4.817398713268380206, -0.2022542485937385004 ) ) ;
#382 = B_SPLINE_CURVE_WITH_KNOTS ( 'NONE', 3,
 ( #2221, #3206, #2478, #1255 ),
 .UNSPECIFIED., .F., .F.,
 ( 4, 4 ),
 ( 0.000000000000000000, 1.000000000000000000 ),
 .UNSPECIFIED. ) ;
#383 = ORIENTED_EDGE ( 'NONE', *, *, #1353, .F. ) ;
#384 = ADVANCED_FACE ( 'NONE', ( #3127 ), #2654, .F. ) ;
#385 = CARTESIAN_POINT ( 'NONE',  ( 9.570000000000000284, 4.100000000000000533, -4.700000000000000178 ) ) ;
#386 = B_SPLINE_SURFACE_WITH_KNOTS ( 'NONE', 3, 3, ( 
 ( #2537, #1259, #1813, #2798 ),
 ( #545, #792, #1498, #753 ),
 ( #2482, #826, #277, #309 ),
 ( #3022, #2289, #71, #1737 ),
 ( #1023, #1514, #2305, #1276 ),
 ( #38, #1076, #2241, #84 ),
 ( #528, #2986, #581, #2054 ) ),
 .UNSPECIFIED., .F., .F., .F.,
 ( 4, 1, 1, 1, 4 ),
 ( 4, 4 ),
 ( 0.000000000000000000, 0.2500000000000000000, 0.5000000000000000000, 0.7500000000000000000, 1.000000000000000000 ),
 ( 0.000000000000000000, 1.000000000000000000 ),
 .UNSPECIFIED. ) ;
#387 = CARTESIAN_POINT ( 'NONE',  ( 7.129878942688869792, 4.774070626272799878, -3.905999601418115308 ) ) ;
#388 = DIRECTION ( 'NONE',  ( -4.336808689942035485E-16, 3.521488656232920374E-16, 1.000000000000000000 ) ) ;
#389 = CARTESIAN_POINT ( 'NONE',  ( 9.070000000000000284, 4.599999999999999645, 0.6999999999999999556 ) ) ;
#390 = EDGE_CURVE ( 'NONE', #308, #228, #3075, .T. ) ;
#391 = VERTEX_POINT ( 'NONE', #2883 ) ;
#392 = CARTESIAN_POINT ( 'NONE',  ( 9.570000000000000284, 4.100000000000000533, 1.199999999999999956 ) ) ;
#393 = CARTESIAN_POINT ( 'NONE',  ( -1.830000000000000071, 4.100000000000000533, -4.700000000000000178 ) ) ;
#394 = VECTOR ( 'NONE', #17, 1000.000000000000000 ) ;
#395 = APPLICATION_CONTEXT ( 'automotive_design' ) ;
#396 = DIRECTION ( 'NONE',  ( -4.336808689942035485E-16, 3.521488656232920374E-16, 1.000000000000000000 ) ) ;
#397 = AXIS2_PLACEMENT_3D ( 'NONE', #632, #3078, #865 ) ;
#398 = LINE ( 'NONE', #708, #2363 ) ;
#399 = VECTOR ( 'NONE', #2565, 1000.000000000000000 ) ;
#400 = ORIENTED_EDGE ( 'NONE', *, *, #2462, .F. ) ;
#401 = VECTOR ( 'NONE', #918, 1000.000000000000000 ) ;
#402 = CARTESIAN_POINT ( 'NONE',  ( 3.163636117360619782, 4.850000000000000533, -0.04185060306135209712 ) ) ;
#403 = ORIENTED_EDGE ( 'NONE', *, *, #1407, .F. ) ;
#404 = CARTESIAN_POINT ( 'NONE',  ( -1.879999999999999893, 4.100000000000000533, -4.700000000000000178 ) ) ;
#405 = CARTESIAN_POINT ( 'NONE',  ( 3.163636117360619782, 4.850000000000000533, -0.04185060306135209712 ) ) ;
#406 = CARTESIAN_POINT ( 'NONE',  ( 5.704974561090149443, 4.850000000000000533, 0.005071939410975809942 ) ) ;
#407 = CARTESIAN_POINT ( 'NONE',  ( 7.711996488988212661, 4.850069661359164286, 0.1889554739865940414 ) ) ;
#408 = VERTEX_POINT ( 'NONE', #2640 ) ;
#409 = EDGE_CURVE ( 'NONE', #2674, #1819, #2716, .T. ) ;
#410 = DIRECTION ( 'NONE',  ( 5.421010862427549780E-16, -3.521488656232915443E-16, -1.000000000000000000 ) ) ;
#411 = CARTESIAN_POINT ( 'NONE',  ( -1.330000000000000071, 4.599999999999999645, -2.566666666666669983 ) ) ;
#412 = PLANE ( 'NONE',  #2112 ) ;
#413 = B_SPLINE_SURFACE_WITH_KNOTS ( 'NONE', 3, 3, ( 
 ( #2383, #656, #2887, #674, #1625, #2369, #685 ),
 ( #2857, #1121, #1873, #641, #3117, #1886, #1658 ),
 ( #420, #1859, #2350, #1417, #1374, #2397, #2104 ),
 ( #374, #1173, #3145, #131, #3086, #934, #2844 ) ),
 .UNSPECIFIED., .F., .F., .F.,
 ( 4, 4 ),
 ( 4, 3, 4 ),
 ( 0.000000000000000000, 1.000000000000000000 ),
 ( 0.000000000000000000, 1.000000000000000000, 1.010000000000000009 ),
 .UNSPECIFIED. ) ;
#414 = VERTEX_POINT ( 'NONE', #2394 ) ;
#415 =( LENGTH_UNIT ( ) NAMED_UNIT ( * ) SI_UNIT ( .MILLI., .METRE. ) );
#416 = ORIENTED_EDGE ( 'NONE', *, *, #3106, .T. ) ;
#417 = CARTESIAN_POINT ( 'NONE',  ( -0.4412299085413809441, 4.821900135243211594, 0.2206149542706904720 ) ) ;
#418 = CARTESIAN_POINT ( 'NONE',  ( 2.415000000000000036, 4.599999999999999645, 0.1250000000000062172 ) ) ;
#419 = CARTESIAN_POINT ( 'NONE',  ( -1.830000000000000071, 14.05000000000000071, -4.700000000000000178 ) ) ;
#420 = CARTESIAN_POINT ( 'NONE',  ( 2.290000000000000036, 4.599999999999999645, 0.04166666666666555413 ) ) ;
#421 = ORIENTED_EDGE ( 'NONE', *, *, #3178, .F. ) ;
#422 = CARTESIAN_POINT ( 'NONE',  ( -0.2500000000000000000, 4.784797426536750997, 0.1250000000000000000 ) ) ;
#423 = ADVANCED_FACE ( 'NONE', ( #1187 ), #2927, .T. ) ;
#424 = CARTESIAN_POINT ( 'NONE',  ( 6.967059498904323078, 4.850978038601947873, -0.1044996210350633836 ) ) ;
#425 = DIRECTION ( 'NONE',  ( 0.000000000000000000, 1.000000000000000000, 0.000000000000000000 ) ) ;
#426 = B_SPLINE_CURVE_WITH_KNOTS ( 'NONE', 3,
 ( #78, #2062, #863, #814, #3063, #1318, #552, #2557, #1833, #2788 ),
 .UNSPECIFIED., .F., .F.,
 ( 4, 2, 2, 2, 4 ),
 ( 6.442797859890688033E-19, 0.0002285830564490443084, 0.0004571661128980880747, 0.0006857491693471318411, 0.0009143322257961754990 ),
 .UNSPECIFIED. ) ;
#427 = EDGE_CURVE ( 'NONE', #1249, #946, #2668, .T. ) ;
#428 = CARTESIAN_POINT ( 'NONE',  ( 7.370000000000000107, -4.401860820291045080E-17, -0.1249999999999951983 ) ) ;
#429 = CARTESIAN_POINT ( 'NONE',  ( -0.6195321371938140587, 4.850000000000000533, -0.1181279867599988043 ) ) ;
#430 = ORIENTED_EDGE ( 'NONE', *, *, #2372, .F. ) ;
#431 = CARTESIAN_POINT ( 'NONE',  ( 8.270955572518863264, 4.850652025734631501, 0.1041900990923601278 ) ) ;
#432 = ORIENTED_EDGE ( 'NONE', *, *, #1188, .F. ) ;
#433 = CARTESIAN_POINT ( 'NONE',  ( 2.290000000000000036, 6.599999999999999645, -0.1250000000000000000 ) ) ;
#434 = DIRECTION ( 'NONE',  ( 0.000000000000000000, -1.214306433183763733E-16, -1.000000000000000000 ) ) ;
#435 = CARTESIAN_POINT ( 'NONE',  ( 7.215491502812529490, 4.817398713268380206, 0.2022542485937365020 ) ) ;
#436 = ORIENTED_EDGE ( 'NONE', *, *, #673, .T. ) ;
#437 = EDGE_LOOP ( 'NONE', ( #334, #2560, #132, #2343 ) ) ;
#438 = CARTESIAN_POINT ( 'NONE',  ( 7.059437920653174992, 4.850326012867316017, 0.2802810396734118359 ) ) ;
#439 = AXIS2_PLACEMENT_3D ( 'NONE', #2897, #683, #172 ) ;
#440 = FACE_OUTER_BOUND ( 'NONE', #2804, .T. ) ;
#441 = EDGE_CURVE ( 'NONE', #3118, #219, #1410, .T. ) ;
#442 = FACE_OUTER_BOUND ( 'NONE', #1574, .T. ) ;
#443 = CIRCLE ( 'NONE', #87, 0.04999999999999991257 ) ;
#444 = ORIENTED_EDGE ( 'NONE', *, *, #1979, .T. ) ;
#445 = AXIS2_PLACEMENT_3D ( 'NONE', #232, #1524, #3203 ) ;
#446 = CLOSED_SHELL ( 'NONE', ( #799, #1614, #1566, #1826, #690, #1222, #993, #2918, #896, #816, #631, #1734, #2186, #1739, #3125, #1961, #1761, #95, #2425, #733, #56, #2815, #688, #575, #2863, #3142, #180, #2332, #1863 ) ) ;
#447 = CARTESIAN_POINT ( 'NONE',  ( 7.620000000000000107, 6.599999999999999645, 2.632789819490020322E-15 ) ) ;
#448 = EDGE_CURVE ( 'NONE', #315, #214, #241, .T. ) ;
#449 = EDGE_LOOP ( 'NONE', ( #1369, #1425, #2490, #3147 ) ) ;
#450 = CIRCLE ( 'NONE', #92, 0.04999999999999991257 ) ;
#451 = DIRECTION ( 'NONE',  ( -6.505213034913050270E-16, 3.521488656232915443E-16, 1.000000000000000000 ) ) ;
#452 = CARTESIAN_POINT ( 'NONE',  ( 4.520983005625049955, 4.850000000000000533, -0.2795084971874745028 ) ) ;
#453 = AXIS2_PLACEMENT_3D ( 'NONE', #1233, #729, #713 ) ;
#454 = LINE ( 'NONE', #1447, #1231 ) ;
#455 = VERTEX_POINT ( 'NONE', #3034 ) ;
#456 = ORIENTED_EDGE ( 'NONE', *, *, #746, .T. ) ;
#457 = CARTESIAN_POINT ( 'NONE',  ( -0.5590169943749470072, 4.850000000000000533, -0.2795084971874745028 ) ) ;
#458 = CARTESIAN_POINT ( 'NONE',  ( -1.204913029559194104, 4.824117399336880219, 0.6999999999999999556 ) ) ;
#459 = B_SPLINE_CURVE_WITH_KNOTS ( 'NONE', 3,
 ( #1693, #1501, #2731, #247 ),
 .UNSPECIFIED., .F., .F.,
 ( 4, 4 ),
 ( 0.000000000000000000, 0.4271310234305690234 ),
 .UNSPECIFIED. ) ;
#460 = CARTESIAN_POINT ( 'NONE',  ( 2.540000000000000036, 3.659678271456784978E-31, 1.652324110867914871E-15 ) ) ;
#461 = CARTESIAN_POINT ( 'NONE',  ( 3.870000000000000107, 4.849999999999981881, -3.429871822883582055 ) ) ;
#462 = UNCERTAINTY_MEASURE_WITH_UNIT (LENGTH_MEASURE( 1.000000000000000082E-05 ), #1352, 'distance_accuracy_value', 'NONE');
#463 = ORIENTED_EDGE ( 'NONE', *, *, #971, .T. ) ;
#464 = EDGE_CURVE ( 'NONE', #2853, #1402, #67, .T. ) ;
#465 = CARTESIAN_POINT ( 'NONE',  ( 9.070000000000000284, 4.748111962414100162, -1.833496622946420018 ) ) ;
#466 = CARTESIAN_POINT ( 'NONE',  ( 5.640562079346824298, 4.850326012867316017, 0.2802810396734093934 ) ) ;
#467 = ORIENTED_EDGE ( 'NONE', *, *, #1081, .F. ) ;
#468 = DIRECTION ( 'NONE',  ( 1.000000000000000000, 7.010384997569550548E-32, 4.336808689942040416E-16 ) ) ;
#469 = EDGE_CURVE ( 'NONE', #3135, #2651, #1001, .T. ) ;
#470 = PRODUCT_DEFINITION_SHAPE ( 'NONE', 'NONE',  #2623 ) ;
#471 = CARTESIAN_POINT ( 'NONE',  ( 8.814827586206899213, 4.848917728547109895, -3.512931034482764669 ) ) ;
#472 = CARTESIAN_POINT ( 'NONE',  ( 7.967297619221410443, 4.850000000000000533, 0.5581066337228191010 ) ) ;
#473 = VERTEX_POINT ( 'NONE', #1754 ) ;
#474 = ORIENTED_EDGE ( 'NONE', *, *, #1114, .T. ) ;
#475 = B_SPLINE_CURVE_WITH_KNOTS ( 'NONE', 3,
 ( #2357, #1195, #1891, #2874 ),
 .UNSPECIFIED., .F., .F.,
 ( 4, 4 ),
 ( 0.000000000000000000, 1.000000000000000000 ),
 .UNSPECIFIED. ) ;
#476 = CARTESIAN_POINT ( 'NONE',  ( -0.3472976192214015101, 4.850000000000000533, -0.5581066337228159924 ) ) ;
#477 = DIRECTION ( 'NONE',  ( -8.261637608313679916E-32, -1.000000000000000000, 3.521488656232920374E-16 ) ) ;
#478 = LINE ( 'NONE', #739, #237 ) ;
#479 = FACE_OUTER_BOUND ( 'NONE', #1042, .T. ) ;
#480 = ORIENTED_EDGE ( 'NONE', *, *, #469, .F. ) ;
#481 = CARTESIAN_POINT ( 'NONE',  ( 8.484477148590611861, 4.850000000000000533, -2.282719615040050165 ) ) ;
#482 = DIRECTION ( 'NONE',  ( 0.000000000000000000, -1.214306433183763733E-16, -1.000000000000000000 ) ) ;
#483 = CARTESIAN_POINT ( 'NONE',  ( 8.179016994374949334, 4.850000000000000533, -0.2795084971874755020 ) ) ;
#484 = ORIENTED_EDGE ( 'NONE', *, *, #1442, .F. ) ;
#485 = CARTESIAN_POINT ( 'NONE',  ( 2.290000000000000036, 4.599999999999999645, -0.1250000000000019984 ) ) ;
#486 = DIRECTION ( 'NONE',  ( 4.336808689942035485E-16, -3.521488656232920374E-16, -1.000000000000000000 ) ) ;
#487 = ADVANCED_FACE ( 'NONE', ( #2962 ), #1946, .T. ) ;
#488 = CARTESIAN_POINT ( 'NONE',  ( -1.830000000000000071, 14.05000000000000071, 1.350000000000000533 ) ) ;
#489 = CARTESIAN_POINT ( 'NONE',  ( 7.620000000000000107, 4.848840699943259835, 0.1249999999999914096 ) ) ;
#490 = ORIENTED_EDGE ( 'NONE', *, *, #2981, .F. ) ;
#491 = CARTESIAN_POINT ( 'NONE',  ( 0.2083333333333330095, 4.599999999999999645, 0.1249999999999984041 ) ) ;
#492 = CARTESIAN_POINT ( 'NONE',  ( 1.986665872545819722, 4.838240974962205065, 0.08191655432082228794 ) ) ;
#493 = EDGE_CURVE ( 'NONE', #842, #414, #503, .T. ) ;
#494 = CARTESIAN_POINT ( 'NONE',  ( 7.902222315790302432, 4.838161446165486268, 0.3870324577401293986 ) ) ;
#495 = CARTESIAN_POINT ( 'NONE',  ( 4.520983005625049955, 4.850000000000000533, -0.2795084971874745028 ) ) ;
#496 = CARTESIAN_POINT ( 'NONE',  ( 4.519437920653175844, 4.850326012867316017, -0.2802810396734113918 ) ) ;
#497 = ORIENTED_EDGE ( 'NONE', *, *, #971, .F. ) ;
#498 = CARTESIAN_POINT ( 'NONE',  ( 9.070000000000000284, 4.817740062961859415, -3.424568382267545008 ) ) ;
#499 = CARTESIAN_POINT ( 'NONE',  ( 5.732940501095677099, 4.850978038601947873, -0.1044996210350659788 ) ) ;
#500 = CIRCLE ( 'NONE', #1284, 0.04999999999999991257 ) ;
#501 = DIRECTION ( 'NONE',  ( 0.000000000000000000, 0.000000000000000000, 1.000000000000000000 ) ) ;
#502 = ORIENTED_EDGE ( 'NONE', *, *, #2765, .F. ) ;
#503 = LINE ( 'NONE', #787, #1536 ) ;
#504 = VECTOR ( 'NONE', #388, 1000.000000000000000 ) ;
#505 = CARTESIAN_POINT ( 'NONE',  ( -1.330000000000000071, 4.599999999999999645, 1.350000000000000533 ) ) ;
#506 = VECTOR ( 'NONE', #2192, 1000.000000000000000 ) ;
#507 = CARTESIAN_POINT ( 'NONE',  ( 7.996633068516568521, 4.809860073601569752, 0.1883165342582835133 ) ) ;
#508 = VERTEX_POINT ( 'NONE', #1805 ) ;
#509 = FACE_OUTER_BOUND ( 'NONE', #2334, .T. ) ;
#510 = EDGE_CURVE ( 'NONE', #122, #26, #2979, .T. ) ;
#511 = CARTESIAN_POINT ( 'NONE',  ( 6.971029356057974802, 4.850326012867316017, 0.1038805771496614655 ) ) ;
#512 = CARTESIAN_POINT ( 'NONE',  ( 2.887297619221405043, 4.850000000000000533, -0.5581066337228151042 ) ) ;
#513 = EDGE_CURVE ( 'NONE', #1882, #2481, #520, .T. ) ;
#514 = FACE_OUTER_BOUND ( 'NONE', #1710, .T. ) ;
#515 = PLANE ( 'NONE',  #1952 ) ;
#516 = CARTESIAN_POINT ( 'NONE',  ( 0.6598898166708420110, 4.849999999999976552, -3.611999202836323697 ) ) ;
#517 = EDGE_LOOP ( 'NONE', ( #1682, #112, #855, #798 ) ) ;
#518 = CARTESIAN_POINT ( 'NONE',  ( 8.462764654831460120, 4.850000000000000533, -1.750006100147485144 ) ) ;
#519 = CARTESIAN_POINT ( 'NONE',  ( 5.643652249290573408, 4.850978038601947873, 0.2818261246452841151 ) ) ;
#520 = B_SPLINE_CURVE_WITH_KNOTS ( 'NONE', 3,
 ( #1773, #1254, #1999, #1306 ),
 .UNSPECIFIED., .F., .F.,
 ( 4, 4 ),
 ( 0.000000000000000000, 0.8053003861645540162 ),
 .UNSPECIFIED. ) ;
#521 = CARTESIAN_POINT ( 'NONE',  ( -1.330000000000000071, 6.599999999999999645, -4.200000000000000178 ) ) ;
#522 = ORIENTED_EDGE ( 'NONE', *, *, #77, .T. ) ;
#523 = CARTESIAN_POINT ( 'NONE',  ( 7.870000000000000107, 4.784797426536750997, -0.1250000000000019984 ) ) ;
#524 = CARTESIAN_POINT ( 'NONE',  ( 2.290000000000000036, -4.401860820291115338E-17, -0.1249999999999985983 ) ) ;
#525 = DIRECTION ( 'NONE',  ( 0.000000000000000000, 0.000000000000000000, -1.000000000000000000 ) ) ;
#526 = CARTESIAN_POINT ( 'NONE',  ( 7.870000000000000107, 4.784797426536750997, 0.1249999999999984041 ) ) ;
#527 = VERTEX_POINT ( 'NONE', #2793 ) ;
#528 = CARTESIAN_POINT ( 'NONE',  ( 7.370000000000000107, 4.599999999999999645, -0.1250000000000019984 ) ) ;
#529 = DIRECTION ( 'NONE',  ( -8.261637608313679916E-32, -1.000000000000000000, 3.521488656232920374E-16 ) ) ;
#530 = CARTESIAN_POINT ( 'NONE',  ( 8.075138878116476349, 4.843958509711707272, 0.3620808853158481999 ) ) ;
#531 = EDGE_CURVE ( 'NONE', #1529, #122, #2925, .T. ) ;
#532 = CARTESIAN_POINT ( 'NONE',  ( 7.888995144428201378, 4.772667615566459354, -3.953956647408820135 ) ) ;
#533 = CARTESIAN_POINT ( 'NONE',  ( -1.330000000000000071, 13.59999999999999964, 0.6999999999999999556 ) ) ;
#534 = LINE ( 'NONE', #2694, #2159 ) ;
#535 = EDGE_CURVE ( 'NONE', #2644, #590, #566, .T. ) ;
#536 = ORIENTED_EDGE ( 'NONE', *, *, #3195, .T. ) ;
#537 = CARTESIAN_POINT ( 'NONE',  ( 8.799476182392599100, 4.843901829525049330, -3.293777983525514763 ) ) ;
#538 = CARTESIAN_POINT ( 'NONE',  ( 5.642107164318698409, 4.850652025734631501, -0.2810535821593502792 ) ) ;
#539 = CARTESIAN_POINT ( 'NONE',  ( -0.2500000000000000000, 6.599999999999999645, -0.1250000000000026090 ) ) ;
#540 = ORIENTED_EDGE ( 'NONE', *, *, #2405, .T. ) ;
#541 = CARTESIAN_POINT ( 'NONE',  ( 9.070000000000000284, 4.100000000000000533, 1.350000000000000533 ) ) ;
#542 = CARTESIAN_POINT ( 'NONE',  ( 7.239307981389929481, 4.811181982696829174, 0.1903460093050350077 ) ) ;
#543 = CARTESIAN_POINT ( 'NONE',  ( 8.065451953339739077, 4.850406904210902148, 0.1865705002151028802 ) ) ;
#544 = EDGE_LOOP ( 'NONE', ( #2605, #242, #456, #1932 ) ) ;
#545 = CARTESIAN_POINT ( 'NONE',  ( 7.828333333333329591, 4.599999999999999645, -0.1250000000000019984 ) ) ;
#546 = CARTESIAN_POINT ( 'NONE',  ( 2.254406041034398456, 4.808596816804504570, 0.2527772702111172887 ) ) ;
#547 = CARTESIAN_POINT ( 'NONE',  ( 0.6595401835832376269, 4.850762618804086657, 0.1090043401162579112 ) ) ;
#548 = CARTESIAN_POINT ( 'NONE',  ( 7.870000000000000107, 6.599999999999999645, -0.1249999999999972106 ) ) ;
#549 = CARTESIAN_POINT ( 'NONE',  ( -1.330000000000000071, 4.100000000000000533, 1.350000000000000533 ) ) ;
#550 = VERTEX_POINT ( 'NONE', #3002 ) ;
#551 = EDGE_CURVE ( 'NONE', #2199, #271, #1368, .T. ) ;
#552 = CARTESIAN_POINT ( 'NONE',  ( 0.1591428386755982805, 4.816506103878205103, 0.2900795606346819877 ) ) ;
#553 = CARTESIAN_POINT ( 'NONE',  ( 7.870000000000000107, 4.599999999999999645, -1.741499739554841497E-15 ) ) ;
#554 = DIRECTION ( 'NONE',  ( 1.000000000000000000, 0.000000000000000000, 0.000000000000000000 ) ) ;
#555 = ORIENTED_EDGE ( 'NONE', *, *, #3010, .F. ) ;
#556 = CARTESIAN_POINT ( 'NONE',  ( 5.288333333333329556, 4.799545181958140283, 0.1249999999999984041 ) ) ;
#557 = EDGE_CURVE ( 'NONE', #1558, #3082, #873, .T. ) ;
#558 = PLANE ( 'NONE',  #1493 ) ;
#559 = FACE_OUTER_BOUND ( 'NONE', #2370, .T. ) ;
#560 = ORIENTED_EDGE ( 'NONE', *, *, #3010, .T. ) ;
#561 = VECTOR ( 'NONE', #917, 1000.000000000000000 ) ;
#562 = CARTESIAN_POINT ( 'NONE',  ( -1.830000000000000071, 4.100000000000000533, 1.199999999999999956 ) ) ;
#563 = AXIS2_PLACEMENT_3D ( 'NONE', #926, #2376, #153 ) ;
#564 = AXIS2_PLACEMENT_3D ( 'NONE', #1310, #55, #1548 ) ;
#565 = CARTESIAN_POINT ( 'NONE',  ( -0.2500000000000000000, 4.599999999999999645, -0.1250000000000019984 ) ) ;
#566 = B_SPLINE_CURVE_WITH_KNOTS ( 'NONE', 3,
 ( #1018, #523, #1336, #634 ),
 .UNSPECIFIED., .F., .F.,
 ( 4, 4 ),
 ( 0.000000000000000000, 1.000000000000000000 ),
 .UNSPECIFIED. ) ;
#567 = CARTESIAN_POINT ( 'NONE',  ( 1.946984006242270082, 4.850000000000000533, -0.009767121699820300804 ) ) ;
#568 = VECTOR ( 'NONE', #849, 1000.000000000000000 ) ;
#569 = CARTESIAN_POINT ( 'NONE',  ( -1.330000000000000071, 4.599999999999999645, -4.200000000000000178 ) ) ;
#570 = CARTESIAN_POINT ( 'NONE',  ( 0.2500000000000000000, 4.599999999999999645, 0.04166666666666555413 ) ) ;
#571 = ORIENTED_EDGE ( 'NONE', *, *, #363, .T. ) ;
#572 = DIRECTION ( 'NONE',  ( 1.000000000000000000, 0.000000000000000000, 0.000000000000000000 ) ) ;
#573 = CARTESIAN_POINT ( 'NONE',  ( 9.570000000000000284, 14.05000000000000071, -4.700000000000000178 ) ) ;
#574 = ORIENTED_EDGE ( 'NONE', *, *, #1877, .T. ) ;
#575 = ADVANCED_FACE ( 'NONE', ( #1102 ), #2606, .F. ) ;
#576 = CARTESIAN_POINT ( 'NONE',  ( -1.830000000000000071, 14.05000000000000071, 1.199999999999999956 ) ) ;
#577 = CARTESIAN_POINT ( 'NONE',  ( -0.1250000000000000000, 4.829040692800909085, -0.1249999999999984041 ) ) ;
#578 = CARTESIAN_POINT ( 'NONE',  ( 9.070000000000000284, 4.723644144615700036, -0.1790325026069750081 ) ) ;
#579 = ORIENTED_EDGE ( 'NONE', *, *, #246, .F. ) ;
#580 = EDGE_CURVE ( 'NONE', #1075, #2961, #606, .T. ) ;
#581 = CARTESIAN_POINT ( 'NONE',  ( 7.215491502812529490, 4.817398713268380206, -0.2022542485937385004 ) ) ;
#582 = CARTESIAN_POINT ( 'NONE',  ( 8.124596042767537440, 4.849999999999998757, -3.637477348596052096 ) ) ;
#583 = CARTESIAN_POINT ( 'NONE',  ( 6.833394817681350375, 4.812697500872689993, 0.6999999999999999556 ) ) ;
#584 = CARTESIAN_POINT ( 'NONE',  ( 3.186985715365204808, 4.850000000000000533, -0.1035710552069615958 ) ) ;
#585 = DIRECTION ( 'NONE',  ( 0.000000000000000000, 1.000000000000000000, -1.214306433183763733E-16 ) ) ;
#586 = ORIENTED_EDGE ( 'NONE', *, *, #363, .F. ) ;
#587 = CARTESIAN_POINT ( 'NONE',  ( 9.570000000000000284, 4.100000000000000533, 1.199999999999999956 ) ) ;
#588 = FILL_AREA_STYLE_COLOUR ( '', #2320 ) ;
#589 = CARTESIAN_POINT ( 'NONE',  ( -0.6469857153652049941, 4.850000000000000533, -0.1035710552069590007 ) ) ;
#590 = VERTEX_POINT ( 'NONE', #319 ) ;
#591 = CARTESIAN_POINT ( 'NONE',  ( 2.303851190389300196, 4.839520346400449924, -0.3415533168614064974 ) ) ;
#592 = CARTESIAN_POINT ( 'NONE',  ( -0.2500000000000000000, 4.599999999999999645, -0.1250000000000019984 ) ) ;
#593 = VERTEX_POINT ( 'NONE', #2561 ) ;
#594 = DIRECTION ( 'NONE',  ( -1.000000000000000000, -1.440818217108969990E-31, -6.505213034913050270E-16 ) ) ;
#595 = CARTESIAN_POINT ( 'NONE',  ( 1.877253204620284999, 4.599999999999999645, -4.200000000000000178 ) ) ;
#596 = EDGE_CURVE ( 'NONE', #303, #650, #1618, .T. ) ;
#597 = CARTESIAN_POINT ( 'NONE',  ( -1.330000000000000071, 4.100000000000000533, 1.350000000000000533 ) ) ;
#598 = CARTESIAN_POINT ( 'NONE',  ( -0.9679428337088139545, 4.599999999999999645, 0.6999999999999999556 ) ) ;
#599 = EDGE_CURVE ( 'NONE', #1402, #2423, #2068, .T. ) ;
#600 = DIRECTION ( 'NONE',  ( 0.000000000000000000, -0.000000000000000000, -1.000000000000000000 ) ) ;
#601 = CARTESIAN_POINT ( 'NONE',  ( 0.2500000000000000000, -4.401860820291145537E-17, -0.1250000000000000000 ) ) ;
#602 = CARTESIAN_POINT ( 'NONE',  ( 0.6399314231862919256, 4.849999999999997868, -0.01124362104739604594 ) ) ;
#603 = CARTESIAN_POINT ( 'NONE',  ( -0.4045084971874735036, 4.817398713268380206, 0.2022542485937365020 ) ) ;
#604 = B_SPLINE_CURVE_WITH_KNOTS ( 'NONE', 3,
 ( #717, #1683, #2947, #2440 ),
 .UNSPECIFIED., .F., .F.,
 ( 4, 4 ),
 ( 0.000000000000000000, 1.000000000000000000 ),
 .UNSPECIFIED. ) ;
#605 = ORIENTED_EDGE ( 'NONE', *, *, #2899, .F. ) ;
#606 = LINE ( 'NONE', #367, #3041 ) ;
#607 = CARTESIAN_POINT ( 'NONE',  ( -3.252606517456514880E-15, 4.849420349971629740, -0.3917233415692999987 ) ) ;
#608 = ORIENTED_EDGE ( 'NONE', *, *, #906, .F. ) ;
#609 = FACE_OUTER_BOUND ( 'NONE', #1804, .T. ) ;
#610 = AXIS2_PLACEMENT_3D ( 'NONE', #433, #670, #2911 ) ;
#611 = CARTESIAN_POINT ( 'NONE',  ( 7.179647702048610469, 4.698141252545600111, -4.200000000000000178 ) ) ;
#612 = DIRECTION ( 'NONE',  ( 1.000000000000000000, 1.059017651961891883E-31, 5.421010862427549780E-16 ) ) ;
#613 = STYLED_ITEM ( 'NONE', ( #749 ), #820 ) ;
#614 = CARTESIAN_POINT ( 'NONE',  ( -0.8256949513118687634, 4.850733187161778481, -0.3417407150858372544 ) ) ;
#615 = VECTOR ( 'NONE', #198, 1000.000000000000000 ) ;
#616 = CARTESIAN_POINT ( 'NONE',  ( 4.516347750709426734, 4.850978038601947873, 0.2818261246452866131 ) ) ;
#617 = AXIS2_PLACEMENT_3D ( 'NONE', #1166, #2148, #3151 ) ;
#618 = EDGE_CURVE ( 'NONE', #3016, #593, #1588, .T. ) ;
#619 = CARTESIAN_POINT ( 'NONE',  ( 2.790000000000000036, 4.599999999999999645, 0.1249999999999984041 ) ) ;
#620 = VECTOR ( 'NONE', #486, 1000.000000000000000 ) ;
#621 = CARTESIAN_POINT ( 'NONE',  ( 2.290000000000000036, 6.599999999999999645, 0.1250000000000000000 ) ) ;
#622 = EDGE_LOOP ( 'NONE', ( #2888, #366, #813, #751, #2738, #7, #807, #2756 ) ) ;
#623 = DIRECTION ( 'NONE',  ( -4.336808689942035485E-16, 3.521488656232920374E-16, 1.000000000000000000 ) ) ;
#624 = ORIENTED_EDGE ( 'NONE', *, *, #2683, .T. ) ;
#625 = DIRECTION ( 'NONE',  ( 5.421010862427549780E-16, -3.521488656232915443E-16, -1.000000000000000000 ) ) ;
#626 = CARTESIAN_POINT ( 'NONE',  ( -1.024081220023909999, 4.776662144165760182, -4.200000000000000178 ) ) ;
#627 = CARTESIAN_POINT ( 'NONE',  ( 7.870000000000000107, 6.599999999999999645, 0.1250000000000029976 ) ) ;
#628 = CARTESIAN_POINT ( 'NONE',  ( -1.330000000000000071, 4.599999999999999645, 1.350000000000000533 ) ) ;
#629 = CARTESIAN_POINT ( 'NONE',  ( -1.330000000000000071, 6.599999999999999645, 0.6999999999999999556 ) ) ;
#630 = CARTESIAN_POINT ( 'NONE',  ( 0.2500000000000000000, 4.743788069530550544, 0.1249999999999984041 ) ) ;
#631 = ADVANCED_FACE ( 'NONE', ( #1850 ), #2851, .T. ) ;
#632 = CARTESIAN_POINT ( 'NONE',  ( 9.070000000000000284, 6.599999999999999645, 0.6999999999999999556 ) ) ;
#633 = ORIENTED_EDGE ( 'NONE', *, *, #2026, .F. ) ;
#634 = CARTESIAN_POINT ( 'NONE',  ( 8.179016994374949334, 4.850000000000000533, -0.2795084971874755020 ) ) ;
#635 = CARTESIAN_POINT ( 'NONE',  ( 0.5060908018104049999, 4.850000000000000533, -0.3853608823165560193 ) ) ;
#636 = ADVANCED_FACE ( 'NONE', ( #2838 ), #701, .T. ) ;
#637 = VERTEX_POINT ( 'NONE', #2802 ) ;
#638 = CARTESIAN_POINT ( 'NONE',  ( -1.330000000000000071, 4.599999999999999645, 1.350000000000000533 ) ) ;
#639 = CARTESIAN_POINT ( 'NONE',  ( -0.8389326804238490531, 4.850000000000000533, -2.940723887525459990 ) ) ;
#640 = CARTESIAN_POINT ( 'NONE',  ( 7.370000000000000107, 4.401860820291254622E-17, 0.1250000000000049960 ) ) ;
#641 = CARTESIAN_POINT ( 'NONE',  ( 1.893014284634795041, 4.850000000000000533, -0.1035710552069590007 ) ) ;
#642 = VERTEX_POINT ( 'NONE', #548 ) ;
#643 = CARTESIAN_POINT ( 'NONE',  ( -1.830000000000000071, 14.05000000000000071, 1.199999999999999956 ) ) ;
#644 = CARTESIAN_POINT ( 'NONE',  ( -1.074827586206893892, 4.848917728547109895, -3.512931034482759785 ) ) ;
#645 = CARTESIAN_POINT ( 'NONE',  ( 8.241039661196889909, 4.850000000000000533, 0.07062059986233640285 ) ) ;
#646 = CARTESIAN_POINT ( 'NONE',  ( -1.879999999999999893, 14.05000000000000071, -4.700000000000000178 ) ) ;
#647 = ORIENTED_EDGE ( 'NONE', *, *, #1332, .F. ) ;
#648 = ADVANCED_FACE ( 'NONE', ( #780 ), #2849, .T. ) ;
#649 = SURFACE_STYLE_USAGE ( .BOTH. , #1185 ) ;
#650 = VERTEX_POINT ( 'NONE', #2972 ) ;
#651 = DIRECTION ( 'NONE',  ( 0.000000000000000000, -1.214306433183763733E-16, -1.000000000000000000 ) ) ;
#652 = EDGE_CURVE ( 'NONE', #2665, #2525, #831, .T. ) ;
#653 = B_SPLINE_SURFACE_WITH_KNOTS ( 'NONE', 3, 3, ( 
 ( #1770, #2715, #1729, #743, #466, #1052, #519 ),
 ( #2197, #1506, #2999, #2248, #2976, #27, #2016 ),
 ( #1283, #1965, #3202, #2267, #997, #2509, #499 ),
 ( #284, #2493, #10, #2474, #48, #538, #762 ) ),
 .UNSPECIFIED., .F., .F., .F.,
 ( 4, 4 ),
 ( 4, 3, 4 ),
 ( 0.000000000000000000, 1.000000000000000000 ),
 ( 0.000000000000000000, 1.000000000000000000, 1.010000000000000009 ),
 .UNSPECIFIED. ) ;
#654 = CARTESIAN_POINT ( 'NONE',  ( 5.330000000000000071, 4.599999999999999645, -0.1250000000000019984 ) ) ;
#655 = PLANE ( 'NONE',  #183 ) ;
#656 = CARTESIAN_POINT ( 'NONE',  ( 2.290000000000000036, 4.784797426536750997, -0.1250000000000019984 ) ) ;
#657 = VERTEX_POINT ( 'NONE', #43 ) ;
#658 = VECTOR ( 'NONE', #1580, 1000.000000000000000 ) ;
#659 = CARTESIAN_POINT ( 'NONE',  ( 0.5590169943749458970, 4.850000000000000533, -0.2795084971874755020 ) ) ;
#660 = PRESENTATION_LAYER_ASSIGNMENT (  '', '', ( #2065 ) ) ;
#661 = CARTESIAN_POINT ( 'NONE',  ( -1.330000000000000071, 4.599999999999999645, -4.200000000000000178 ) ) ;
#662 = AXIS2_PLACEMENT_3D ( 'NONE', #1544, #1056, #2776 ) ;
#663 = PLANE ( 'NONE',  #2930 ) ;
#664 = VECTOR ( 'NONE', #2380, 1000.000000000000000 ) ;
#665 = ORIENTED_EDGE ( 'NONE', *, *, #1582, .T. ) ;
#666 = PRODUCT_DEFINITION_FORMATION_WITH_SPECIFIED_SOURCE ( 'ANY', '', #1196, .NOT_KNOWN. ) ;
#667 = FACE_OUTER_BOUND ( 'NONE', #2321, .T. ) ;
#668 = EDGE_CURVE ( 'NONE', #2404, #1472, #3011, .T. ) ;
#669 = ORIENTED_EDGE ( 'NONE', *, *, #250, .T. ) ;
#670 = DIRECTION ( 'NONE',  ( -6.505213034913050270E-16, 3.521488656232915443E-16, 1.000000000000000000 ) ) ;
#671 = CARTESIAN_POINT ( 'NONE',  ( 4.456520793749409570, 4.850000000000000533, -0.04375893483960899971 ) ) ;
#672 = CARTESIAN_POINT ( 'NONE',  ( 5.683777824760730013, 4.850000000000000533, -0.1899868364159039980 ) ) ;
#673 = EDGE_CURVE ( 'NONE', #2500, #26, #1010, .T. ) ;
#674 = CARTESIAN_POINT ( 'NONE',  ( 1.980983005625055027, 4.850000000000000533, -0.2795084971874740032 ) ) ;
#675 = ORIENTED_EDGE ( 'NONE', *, *, #114, .F. ) ;
#676 = EDGE_LOOP ( 'NONE', ( #436, #935, #1644, #1535, #2053, #76, #432 ) ) ;
#677 = CARTESIAN_POINT ( 'NONE',  ( 0.4987816761587530179, 4.833317415918919835, 0.2006847461416510214 ) ) ;
#678 = CARTESIAN_POINT ( 'NONE',  ( 2.965227733613748029, 4.816909433658215001, 0.2126138668068726367 ) ) ;
#679 = LINE ( 'NONE', #1651, #3189 ) ;
#680 = EDGE_LOOP ( 'NONE', ( #608, #2453, #882, #2377, #686 ) ) ;
#681 = CARTESIAN_POINT ( 'NONE',  ( 7.870000000000000107, 4.784797426536750997, 0.1249999999999984041 ) ) ;
#682 = ORIENTED_EDGE ( 'NONE', *, *, #125, .F. ) ;
#683 = DIRECTION ( 'NONE',  ( 0.000000000000000000, -1.000000000000000000, 1.214306433183763733E-16 ) ) ;
#684 = CARTESIAN_POINT ( 'NONE',  ( 2.540000000000000036, 4.599999999999999645, 0.1249999999999914096 ) ) ;
#685 = CARTESIAN_POINT ( 'NONE',  ( 1.976347750709431583, 4.850978038601947873, -0.2818261246452861135 ) ) ;
#686 = ORIENTED_EDGE ( 'NONE', *, *, #441, .T. ) ;
#687 = ORIENTED_EDGE ( 'NONE', *, *, #2207, .T. ) ;
#688 = ADVANCED_FACE ( 'NONE', ( #796 ), #515, .T. ) ;
#689 = DIRECTION ( 'NONE',  ( 4.336808689942035485E-16, -3.521488656232920374E-16, -1.000000000000000000 ) ) ;
#690 = ADVANCED_FACE ( 'NONE', ( #2487 ), #313, .F. ) ;
#691 = LINE ( 'NONE', #1678, #1545 ) ;
#692 = DIRECTION ( 'NONE',  ( -1.000000000000000000, 0.000000000000000000, 0.000000000000000000 ) ) ;
#693 = EDGE_LOOP ( 'NONE', ( #2517, #1949, #2901, #3170 ) ) ;
#694 = CARTESIAN_POINT ( 'NONE',  ( 7.870000000000000107, 4.599999999999999645, -0.1250000000000019984 ) ) ;
#695 = ORIENTED_EDGE ( 'NONE', *, *, #1064, .T. ) ;
#696 = DIRECTION ( 'NONE',  ( 0.000000000000000000, -1.214306433183763733E-16, -1.000000000000000000 ) ) ;
#697 = CARTESIAN_POINT ( 'NONE',  ( 4.573909198189589631, 4.850000000000000533, -0.3853608823165555197 ) ) ;
#698 = DIRECTION ( 'NONE',  ( 1.000000000000000000, 0.000000000000000000, 0.000000000000000000 ) ) ;
#699 = ORIENTED_EDGE ( 'NONE', *, *, #2661, .T. ) ;
#700 = CARTESIAN_POINT ( 'NONE',  ( -0.3572120675718705174, 4.824772590979070408, 0.2551804411582775378 ) ) ;
#701 = B_SPLINE_SURFACE_WITH_KNOTS ( 'NONE', 3, 3, ( 
 ( #335, #1127, #2302, #2318 ),
 ( #109, #3067, #82, #1824 ),
 ( #2578, #353, #1867, #380 ),
 ( #1605, #3054, #1379, #2110 ),
 ( #839, #2809, #591, #1575 ),
 ( #2009, #2994, #2505, #2554 ),
 ( #328, #2044, #2766, #1315 ) ),
 .UNSPECIFIED., .F., .F., .F.,
 ( 4, 1, 1, 1, 4 ),
 ( 4, 4 ),
 ( 0.000000000000000000, 0.2500000000000000000, 0.5000000000000000000, 0.7500000000000000000, 1.000000000000000000 ),
 ( 0.000000000000000000, 1.000000000000000000 ),
 .UNSPECIFIED. ) ;
#702 = CARTESIAN_POINT ( 'NONE',  ( 2.086048078413131446, 4.821618726234001784, 0.1795235517710157269 ) ) ;
#703 = CARTESIAN_POINT ( 'NONE',  ( 7.098121992127348179, 4.842068006988021978, 0.2609390039363272407 ) ) ;
#704 = EDGE_CURVE ( 'NONE', #637, #62, #2749, .T. ) ;
#705 = B_SPLINE_CURVE_WITH_KNOTS ( 'NONE', 3,
 ( #168, #1409, #2149, #138 ),
 .UNSPECIFIED., .F., .F.,
 ( 4, 4 ),
 ( 0.000000000000000000, 1.000000000000000000 ),
 .UNSPECIFIED. ) ;
#706 = VECTOR ( 'NONE', #2271, 1000.000000000000000 ) ;
#707 = CARTESIAN_POINT ( 'NONE',  ( 8.772906173329060309, 4.837055509725701086, -3.570361943762729862 ) ) ;
#708 = CARTESIAN_POINT ( 'NONE',  ( 9.070000000000000284, 6.599999999999999645, 0.6999999999999999556 ) ) ;
#709 = EDGE_CURVE ( 'NONE', #1822, #3033, #714, .T. ) ;
#710 = VECTOR ( 'NONE', #1132, 1000.000000000000000 ) ;
#711 = EDGE_LOOP ( 'NONE', ( #540, #1504, #647, #981 ) ) ;
#712 = VECTOR ( 'NONE', #1624, 1000.000000000000000 ) ;
#713 = DIRECTION ( 'NONE',  ( -1.000000000000000000, 0.000000000000000000, 0.000000000000000000 ) ) ;
#714 = B_SPLINE_CURVE_WITH_KNOTS ( 'NONE', 3,
 ( #90, #2077, #1831, #2570 ),
 .UNSPECIFIED., .F., .F.,
 ( 4, 4 ),
 ( 6.428729789430222461E-17, 0.0003249281557895652116 ),
 .UNSPECIFIED. ) ;
#715 = ORIENTED_EDGE ( 'NONE', *, *, #2721, .F. ) ;
#716 = AXIS2_PLACEMENT_3D ( 'NONE', #2954, #1009, #2486 ) ;
#717 = CARTESIAN_POINT ( 'NONE',  ( -0.2500000000000000000, 4.599999999999999645, -0.1250000000000019984 ) ) ;
#718 = CARTESIAN_POINT ( 'NONE',  ( -1.330000000000000071, 4.599999999999999645, 1.250000000000000000 ) ) ;
#719 = PRESENTATION_LAYER_ASSIGNMENT (  '', '', ( #2470 ) ) ;
#720 = CARTESIAN_POINT ( 'NONE',  ( 7.745000000000000107, 4.829040692800909085, 0.1250000000000069944 ) ) ;
#721 = VERTEX_POINT ( 'NONE', #297 ) ;
#722 = CARTESIAN_POINT ( 'NONE',  ( -0.1250000000000000000, 4.829040692800909085, 0.1250000000000062172 ) ) ;
#723 = CARTESIAN_POINT ( 'NONE',  ( 2.540000000000000036, 4.850000000000000533, -0.6584466831385940022 ) ) ;
#724 = DIRECTION ( 'NONE',  ( -8.261637608313679916E-32, -1.000000000000000000, 3.521488656232920374E-16 ) ) ;
#725 = CARTESIAN_POINT ( 'NONE',  ( 4.520983005625049955, 4.850000000000000533, 0.2795084971874745028 ) ) ;
#726 = VERTEX_POINT ( 'NONE', #361 ) ;
#727 = EDGE_CURVE ( 'NONE', #2224, #2067, #375, .T. ) ;
#728 = CARTESIAN_POINT ( 'NONE',  ( 8.824023019264609857, 4.779737741547579688, -0.7348296160523849485 ) ) ;
#729 = DIRECTION ( 'NONE',  ( 0.000000000000000000, -1.000000000000000000, 1.214306433183763733E-16 ) ) ;
#730 = CARTESIAN_POINT ( 'NONE',  ( 8.135257005524579199, 4.840609750061213745, 0.2576285027622865487 ) ) ;
#731 = ORIENTED_EDGE ( 'NONE', *, *, #3108, .T. ) ;
#732 = CARTESIAN_POINT ( 'NONE',  ( 5.080000000000000071, 6.599999999999999645, 9.804657086221030843E-16 ) ) ;
#733 = ADVANCED_FACE ( 'NONE', ( #118 ), #2326, .T. ) ;
#734 = CARTESIAN_POINT ( 'NONE',  ( 0.2500000000000000000, 4.599999999999999645, -0.1250000000000019984 ) ) ;
#735 = CARTESIAN_POINT ( 'NONE',  ( 7.383851190389299823, 4.839520346400449924, 0.3415533168614145465 ) ) ;
#736 = EDGE_LOOP ( 'NONE', ( #2946, #3029, #2285, #2932 ) ) ;
#737 = CARTESIAN_POINT ( 'NONE',  ( -0.4045084971874740032, 4.817398713268380206, 0.2022542485937365020 ) ) ;
#738 = LINE ( 'NONE', #1723, #771 ) ;
#739 = CARTESIAN_POINT ( 'NONE',  ( -1.330000000000000071, 4.599999999999999645, -4.750000000000000000 ) ) ;
#740 = CARTESIAN_POINT ( 'NONE',  ( 5.793646452919273493, 4.849999999999981881, -3.490264672793687684 ) ) ;
#741 = EDGE_LOOP ( 'NONE', ( #2024, #154, #605, #291 ) ) ;
#742 = CARTESIAN_POINT ( 'NONE',  ( 8.523541888433049607, 4.851276358677152345, -0.8525119126363452926 ) ) ;
#743 = CARTESIAN_POINT ( 'NONE',  ( 5.639016994374949299, 4.850000000000000533, 0.2795084971874720048 ) ) ;
#744 = DIRECTION ( 'NONE',  ( 1.000000000000000000, 1.059017651961891883E-31, 5.421010862427549780E-16 ) ) ;
#745 = EDGE_LOOP ( 'NONE', ( #1286, #1243, #3175, #1576 ) ) ;
#746 = EDGE_CURVE ( 'NONE', #1632, #842, #2105, .T. ) ;
#747 = CARTESIAN_POINT ( 'NONE',  ( 4.675491502812529454, 4.817398713268380206, 0.2022542485937365020 ) ) ;
#748 = DIRECTION ( 'NONE',  ( -1.000000000000000000, 0.000000000000000000, 0.000000000000000000 ) ) ;
#749 = PRESENTATION_STYLE_ASSIGNMENT (( #2498 ) ) ;
#750 = CARTESIAN_POINT ( 'NONE',  ( 7.004828643117290810, 4.850000000000000533, 0.1110967185962854070 ) ) ;
#751 = ORIENTED_EDGE ( 'NONE', *, *, #2121, .F. ) ;
#752 = EDGE_CURVE ( 'NONE', #2040, #122, #500, .T. ) ;
#753 = CARTESIAN_POINT ( 'NONE',  ( 8.126090801810407882, 4.850000000000000533, -0.3853608823165560193 ) ) ;
#754 = LINE ( 'NONE', #2728, #231 ) ;
#755 = B_SPLINE_CURVE_WITH_KNOTS ( 'NONE', 3,
 ( #1829, #294, #2551, #2089 ),
 .UNSPECIFIED., .F., .F.,
 ( 4, 4 ),
 ( 0.5761988249215369562, 1.000000000000000000 ),
 .UNSPECIFIED. ) ;
#756 = CARTESIAN_POINT ( 'NONE',  ( 8.113157570142341513, 4.846197500772698064, 0.3399206025087544436 ) ) ;
#757 = DIRECTION ( 'NONE',  ( 1.000000000000000000, 0.000000000000000000, 0.000000000000000000 ) ) ;
#758 = DIRECTION ( 'NONE',  ( -0.000000000000000000, -0.000000000000000000, -1.000000000000000000 ) ) ;
#759 = DIRECTION ( 'NONE',  ( 0.000000000000000000, 1.214306433183763733E-16, 1.000000000000000000 ) ) ;
#760 = ORIENTED_EDGE ( 'NONE', *, *, #1136, .T. ) ;
#761 = CARTESIAN_POINT ( 'NONE',  ( 9.070000000000000284, 4.599999999999999645, -1.313433545008049874 ) ) ;
#762 = CARTESIAN_POINT ( 'NONE',  ( 5.643652249290573408, 4.850978038601947873, -0.2818261246452876123 ) ) ;
#763 = AXIS2_PLACEMENT_3D ( 'NONE', #643, #1628, #2616 ) ;
#764 = LINE ( 'NONE', #2198, #343 ) ;
#765 = ORIENTED_EDGE ( 'NONE', *, *, #1656, .T. ) ;
#766 = CARTESIAN_POINT ( 'NONE',  ( 2.290000000000000036, 4.728611915196819560, 0.1250000000000000000 ) ) ;
#767 = VECTOR ( 'NONE', #119, 1000.000000000000000 ) ;
#768 = CARTESIAN_POINT ( 'NONE',  ( 7.370000000000000107, 4.599999999999999645, 0.1250000000000000000 ) ) ;
#769 = EDGE_CURVE ( 'NONE', #2423, #3082, #257, .T. ) ;
#770 = DIRECTION ( 'NONE',  ( 1.000000000000000000, 0.000000000000000000, -0.000000000000000000 ) ) ;
#771 = VECTOR ( 'NONE', #1244, 1000.000000000000000 ) ;
#772 = CARTESIAN_POINT ( 'NONE',  ( 7.370000000000000107, 4.599999999999999645, 0.1250000000000000000 ) ) ;
#773 = EDGE_LOOP ( 'NONE', ( #233, #2577, #3146, #2050, #2331 ) ) ;
#774 = CARTESIAN_POINT ( 'NONE',  ( -1.330000000000000071, 13.59999999999999964, 0.6999999999999999556 ) ) ;
#775 =( GEOMETRIC_REPRESENTATION_CONTEXT ( 3 ) GLOBAL_UNCERTAINTY_ASSIGNED_CONTEXT ( ( #927 ) ) GLOBAL_UNIT_ASSIGNED_CONTEXT ( ( #124, #1606, #2593 ) ) REPRESENTATION_CONTEXT ( 'NONE', 'WORKASPACE' ) );
#776 = EDGE_CURVE ( 'NONE', #1281, #66, #1003, .T. ) ;
#777 = LINE ( 'NONE', #2745, #2260 ) ;
#778 = DIRECTION ( 'NONE',  ( -1.000000000000000000, 8.499851737735099270E-32, 0.000000000000000000 ) ) ;
#779 = CARTESIAN_POINT ( 'NONE',  ( 8.373524363741370991, 4.850000000000000533, -3.497767548086545109 ) ) ;
#780 = FACE_OUTER_BOUND ( 'NONE', #773, .T. ) ;
#781 = CARTESIAN_POINT ( 'NONE',  ( 4.427059498904317714, 4.850978038601947873, 0.1044996210350644106 ) ) ;
#782 = ORIENTED_EDGE ( 'NONE', *, *, #1311, .T. ) ;
#783 = CARTESIAN_POINT ( 'NONE',  ( 8.552000000000003155, 4.850032468143587572, -2.805250000000008015 ) ) ;
#784 = CARTESIAN_POINT ( 'NONE',  ( 2.790000000000000036, 6.599999999999999645, -0.1250000000000000000 ) ) ;
#785 = CARTESIAN_POINT ( 'NONE',  ( -1.830000000000000071, 4.100000000000000533, -4.750000000000000000 ) ) ;
#786 = EDGE_LOOP ( 'NONE', ( #502, #988, #1653, #3021 ) ) ;
#787 = CARTESIAN_POINT ( 'NONE',  ( 5.330000000000000071, 6.599999999999999645, -0.1250000000000000000 ) ) ;
#788 = DIRECTION ( 'NONE',  ( 0.000000000000000000, 1.000000000000000000, 0.000000000000000000 ) ) ;
#789 = DIRECTION ( 'NONE',  ( 1.000000000000000000, 0.000000000000000000, 0.000000000000000000 ) ) ;
#790 = CARTESIAN_POINT ( 'NONE',  ( 7.817151932910852530, 4.850476565570066789, 0.2029387812659519952 ) ) ;
#791 = EDGE_LOOP ( 'NONE', ( #126, #1174, #2880, #2811 ) ) ;
#792 = CARTESIAN_POINT ( 'NONE',  ( 7.828333333333329591, 4.799545181958140283, -0.1250000000000019984 ) ) ;
#793 = PLANE ( 'NONE',  #2408 ) ;
#794 = CARTESIAN_POINT ( 'NONE',  ( 2.311171513072929784, 4.599999999999999645, 0.6999999999999999556 ) ) ;
#795 = B_SPLINE_CURVE_WITH_KNOTS ( 'NONE', 3,
 ( #2755, #1966, #2960, #802, #3015, #2017, #483 ),
 .UNSPECIFIED., .F., .F.,
 ( 4, 1, 1, 1, 4 ),
 ( 0.000000000000000000, 0.2500000000000000000, 0.5000000000000000000, 0.7500000000000000000, 1.000000000000000000 ),
 .UNSPECIFIED. ) ;
#796 = FACE_OUTER_BOUND ( 'NONE', #267, .T. ) ;
#797 = CARTESIAN_POINT ( 'NONE',  ( -0.8129711263863625970, 4.849999999999997868, -3.114940294701047829 ) ) ;
#798 = ORIENTED_EDGE ( 'NONE', *, *, #151, .T. ) ;
#799 = ADVANCED_FACE ( 'NONE', ( #2704 ), #2982, .F. ) ;
#800 = DIRECTION ( 'NONE',  ( 0.000000000000000000, -1.000000000000000000, 1.214306433183763733E-16 ) ) ;
#801 = CARTESIAN_POINT ( 'NONE',  ( 0.6126761368814910291, 4.850000000000000533, 0.1239708434328029990 ) ) ;
#802 = CARTESIAN_POINT ( 'NONE',  ( 7.620000000000000107, 4.850000000000000533, -0.6584466831385940022 ) ) ;
#803 = ORIENTED_EDGE ( 'NONE', *, *, #1561, .F. ) ;
#804 = CARTESIAN_POINT ( 'NONE',  ( 5.288333333333329556, 4.599999999999999645, 0.1249999999999984041 ) ) ;
#805 = LINE ( 'NONE', #1038, #2371 ) ;
#806 = CARTESIAN_POINT ( 'NONE',  ( 9.070000000000000284, 4.599999999999999645, 0.6999999999999999556 ) ) ;
#807 = ORIENTED_EDGE ( 'NONE', *, *, #1103, .F. ) ;
#808 = PLANE ( 'NONE',  #2673 ) ;
#809 = CARTESIAN_POINT ( 'NONE',  ( 2.790000000000000036, 6.599999999999999645, 0.1250000000000000000 ) ) ;
#810 = CARTESIAN_POINT ( 'NONE',  ( -0.6277168346228599871, 4.599999999999999645, 0.7000000000000120570 ) ) ;
#811 = CARTESIAN_POINT ( 'NONE',  ( 3.102107164318699706, 4.850652025734631501, 0.2810535821593467265 ) ) ;
#812 = CARTESIAN_POINT ( 'NONE',  ( 0.6509555725188570507, 4.850652025734631501, 0.1041900990923601278 ) ) ;
#813 = ORIENTED_EDGE ( 'NONE', *, *, #2687, .F. ) ;
#814 = CARTESIAN_POINT ( 'NONE',  ( -0.1479909280289485318, 4.819045509147910522, 0.2985994663026129703 ) ) ;
#815 =( NAMED_UNIT ( * ) PLANE_ANGLE_UNIT ( ) SI_UNIT ( $, .RADIAN. ) );
#816 = ADVANCED_FACE ( 'NONE', ( #1291 ), #2515, .T. ) ;
#817 = CARTESIAN_POINT ( 'NONE',  ( -0.5590169943749480064, 4.850000000000000533, -0.2795084971874740032 ) ) ;
#818 = EDGE_LOOP ( 'NONE', ( #2476, #3185, #959 ) ) ;
#819 = CARTESIAN_POINT ( 'NONE',  ( 5.316148809610700354, 4.839520346400449924, 0.3415533168614134918 ) ) ;
#820 = MANIFOLD_SOLID_BREP ( 'NONE', #1232 ) ;
#821 = VECTOR ( 'NONE', #1907, 1000.000000000000000 ) ;
#822 = CARTESIAN_POINT ( 'NONE',  ( -2.385244779468109755E-15, 4.848840699943259835, -0.1250000000000062172 ) ) ;
#823 = CARTESIAN_POINT ( 'NONE',  ( 8.179016994374949334, 4.850000000000000533, 0.2795084971874720048 ) ) ;
#824 = ORIENTED_EDGE ( 'NONE', *, *, #953, .F. ) ;
#825 = AXIS2_PLACEMENT_3D ( 'NONE', #1554, #1316, #345 ) ;
#826 = CARTESIAN_POINT ( 'NONE',  ( 7.745000000000000107, 4.829040692800909085, -0.1250000000000000000 ) ) ;
#827 = AXIS2_PLACEMENT_3D ( 'NONE', #1350, #2106, #600 ) ;
#828 = CARTESIAN_POINT ( 'NONE',  ( 5.330000000000000071, 4.599999999999999645, 0.1249999999999984041 ) ) ;
#829 = CARTESIAN_POINT ( 'NONE',  ( 3.862977168346228396, 4.850744492586609447, -0.07781313782420068437 ) ) ;
#830 = VECTOR ( 'NONE', #1483, 1000.000000000000000 ) ;
#831 = LINE ( 'NONE', #1817, #2985 ) ;
#832 = AXIS2_PLACEMENT_3D ( 'NONE', #1073, #2638, #1912 ) ;
#833 = CARTESIAN_POINT ( 'NONE',  ( 5.080000000000003624, 4.599999999999999645, -0.1250000000000019984 ) ) ;
#834 = B_SPLINE_CURVE_WITH_KNOTS ( 'NONE', 3,
 ( #1466, #2, #1481, #1008, #2970, #1224 ),
 .UNSPECIFIED., .F., .F.,
 ( 4, 2, 4 ),
 ( 0.000000000000000000, 0.5000000000000000000, 1.000000000000000000 ),
 .UNSPECIFIED. ) ;
#835 = ORIENTED_EDGE ( 'NONE', *, *, #1897, .T. ) ;
#836 = CARTESIAN_POINT ( 'NONE',  ( 1.915120543514875040, 4.850000000000000533, 0.01252458811041960024 ) ) ;
#837 = DIRECTION ( 'NONE',  ( 0.000000000000000000, -1.214306433183763733E-16, -1.000000000000000000 ) ) ;
#838 = ORIENTED_EDGE ( 'NONE', *, *, #2233, .T. ) ;
#839 = CARTESIAN_POINT ( 'NONE',  ( 2.415000000000000036, 4.599999999999999645, -0.1249999999999984041 ) ) ;
#840 = EDGE_CURVE ( 'NONE', #1967, #122, #1718, .T. ) ;
#841 = CARTESIAN_POINT ( 'NONE',  ( -1.330000000000000071, 6.599999999999999645, 0.6999999999999999556 ) ) ;
#842 = VERTEX_POINT ( 'NONE', #1240 ) ;
#843 = DIRECTION ( 'NONE',  ( 1.000000000000000000, 0.000000000000000000, 0.000000000000000000 ) ) ;
#844 = EDGE_CURVE ( 'NONE', #2706, #637, #2646, .T. ) ;
#845 = CARTESIAN_POINT ( 'NONE',  ( -0.4160223230794954929, 4.695311863413649256, -4.200000000000000178 ) ) ;
#846 = CARTESIAN_POINT ( 'NONE',  ( 5.550108143232378666, 4.829885664828977632, 0.2350540716161887422 ) ) ;
#847 = CARTESIAN_POINT ( 'NONE',  ( 3.866488584173114251, 4.850372246293304990, -0.07396257773596204288 ) ) ;
#848 = LINE ( 'NONE', #1066, #3092 ) ;
#849 = DIRECTION ( 'NONE',  ( 0.000000000000000000, 0.000000000000000000, -1.000000000000000000 ) ) ;
#850 = APPLICATION_PROTOCOL_DEFINITION ( 'draft international standard', 'automotive_design', 1998, #2878 ) ;
#851 = CARTESIAN_POINT ( 'NONE',  ( -0.2500000000000000000, 4.599999999999999645, 0.1250000000000000000 ) ) ;
#852 = VERTEX_POINT ( 'NONE', #1405 ) ;
#853 = DIRECTION ( 'NONE',  ( -4.336808689942035485E-16, 3.521488656232920374E-16, 1.000000000000000000 ) ) ;
#854 = EDGE_CURVE ( 'NONE', #54, #1433, #443, .T. ) ;
#855 = ORIENTED_EDGE ( 'NONE', *, *, #1677, .F. ) ;
#856 = LINE ( 'NONE', #638, #2208 ) ;
#857 = CARTESIAN_POINT ( 'NONE',  ( 1.911803375850504860, 4.790222906670470238, -3.845132336396789974 ) ) ;
#858 = PLANE ( 'NONE',  #1956 ) ;
#859 = ADVANCED_FACE ( 'NONE', ( #2600 ), #1404, .T. ) ;
#860 = CARTESIAN_POINT ( 'NONE',  ( 0.8161460269801440459, 4.697476239182689639, 0.6999999999999999556 ) ) ;
#861 = CARTESIAN_POINT ( 'NONE',  ( 0.6469857153652049941, 4.850000000000000533, 0.1035710552069571966 ) ) ;
#862 = B_SPLINE_CURVE_WITH_KNOTS ( 'NONE', 3,
 ( #2571, #1080, #1818, #329 ),
 .UNSPECIFIED., .F., .F.,
 ( 4, 4 ),
 ( 0.000000000000000000, 0.6230936691981149300 ),
 .UNSPECIFIED. ) ;
#863 = CARTESIAN_POINT ( 'NONE',  ( -0.2997849142267837164, 4.817973983759941348, 0.2797778319948428516 ) ) ;
#864 = CARTESIAN_POINT ( 'NONE',  ( 0.5590169943749458970, 4.850000000000000533, -0.2795084971874755020 ) ) ;
#865 = DIRECTION ( 'NONE',  ( 0.000000000000000000, 0.000000000000000000, 1.000000000000000000 ) ) ;
#866 = EDGE_LOOP ( 'NONE', ( #1448, #1972, #1634, #824 ) ) ;
#867 = DIRECTION ( 'NONE',  ( 0.000000000000000000, -1.000000000000000000, 1.214306433183763733E-16 ) ) ;
#868 = FILL_AREA_STYLE_COLOUR ( '', #2995 ) ;
#869 = ORIENTED_EDGE ( 'NONE', *, *, #2899, .T. ) ;
#870 = CARTESIAN_POINT ( 'NONE',  ( 2.290000000000000036, 6.599999999999999645, 0.1250000000000000000 ) ) ;
#871 = CARTESIAN_POINT ( 'NONE',  ( 5.793646452919261058, 4.850000000000000533, -3.490264672793574441 ) ) ;
#872 = CARTESIAN_POINT ( 'NONE',  ( 0.01455793171433383999, 4.850000000000000533, -3.694015320776335543 ) ) ;
#873 = CIRCLE ( 'NONE', #2157, 0.04999999999999991257 ) ;
#874 = DIRECTION ( 'NONE',  ( 1.000000000000000000, 0.000000000000000000, 0.000000000000000000 ) ) ;
#875 = EDGE_CURVE ( 'NONE', #642, #2665, #21, .T. ) ;
#876 = CIRCLE ( 'NONE', #2727, 0.04999999999999969746 ) ;
#877 = CIRCLE ( 'NONE', #564, 0.04999999999999991257 ) ;
#878 = VECTOR ( 'NONE', #136, 1000.000000000000000 ) ;
#879 = CARTESIAN_POINT ( 'NONE',  ( -1.830000000000000071, 14.05000000000000071, 1.199999999999999956 ) ) ;
#880 = VECTOR ( 'NONE', #979, 1000.000000000000000 ) ;
#881 = CARTESIAN_POINT ( 'NONE',  ( -0.6529405010956830235, 4.850978038601947873, -0.1044996210350633836 ) ) ;
#882 = ORIENTED_EDGE ( 'NONE', *, *, #390, .F. ) ;
#883 = DIRECTION ( 'NONE',  ( 1.000000000000000000, 0.000000000000000000, 0.000000000000000000 ) ) ;
#884 = CARTESIAN_POINT ( 'NONE',  ( 0.1250000000000026090, 4.599999999999999645, -0.1250000000000000000 ) ) ;
#885 = EDGE_LOOP ( 'NONE', ( #2399, #571, #240, #1736 ) ) ;
#886 = CARTESIAN_POINT ( 'NONE',  ( 3.870000000000001883, 4.599999999999999645, -4.200000000000000178 ) ) ;
#887 = CARTESIAN_POINT ( 'NONE',  ( -0.7223895025685409532, 4.725166372059839581, -4.200000000000000178 ) ) ;
#888 = FACE_OUTER_BOUND ( 'NONE', #676, .T. ) ;
#889 = CARTESIAN_POINT ( 'NONE',  ( 8.440053862212110403, 4.850000000000000533, -2.113237595680454550 ) ) ;
#890 = ORIENTED_EDGE ( 'NONE', *, *, #1245, .F. ) ;
#891 = B_SPLINE_SURFACE_WITH_KNOTS ( 'NONE', 3, 3, ( 
 ( #654, #2185, #3172, #3143 ),
 ( #1172, #901, #1460, #2171 ),
 ( #1638, #1930, #204, #1684 ),
 ( #2912, #1415, #2395, #2688 ),
 ( #2641, #2441, #1145, #2868 ),
 ( #2158, #2409, #1189, #697 ),
 ( #3115, #1202, #2670, #452 ) ),
 .UNSPECIFIED., .F., .F., .F.,
 ( 4, 1, 1, 1, 4 ),
 ( 4, 4 ),
 ( 0.000000000000000000, 0.2500000000000000000, 0.5000000000000000000, 0.7500000000000000000, 1.000000000000000000 ),
 ( 0.000000000000000000, 1.000000000000000000 ),
 .UNSPECIFIED. ) ;
#892 = DIRECTION ( 'NONE',  ( 1.000000000000000000, 1.059017651961891883E-31, 5.421010862427549780E-16 ) ) ;
#893 = CARTESIAN_POINT ( 'NONE',  ( 0.5920146657431243353, 4.846965163571163693, 0.1382738590940336687 ) ) ;
#894 = CARTESIAN_POINT ( 'NONE',  ( 9.070000000000000284, 4.100000000000000533, 1.350000000000000533 ) ) ;
#895 = CARTESIAN_POINT ( 'NONE',  ( 2.290000000000000036, 4.401860820291184980E-17, 0.1250000000000016098 ) ) ;
#896 = ADVANCED_FACE ( 'NONE', ( #208 ), #990, .T. ) ;
#897 = ORIENTED_EDGE ( 'NONE', *, *, #2207, .F. ) ;
#898 = CARTESIAN_POINT ( 'NONE',  ( 7.870000000000000107, 4.599999999999999645, -0.04166666666666814928 ) ) ;
#899 = ORIENTED_EDGE ( 'NONE', *, *, #2346, .F. ) ;
#900 = CARTESIAN_POINT ( 'NONE',  ( 1.480360707157539979, 4.850000000000000533, 0.04034429772571409417 ) ) ;
#901 = CARTESIAN_POINT ( 'NONE',  ( 5.288333333333329556, 4.799545181958140283, -0.1250000000000019984 ) ) ;
#902 = DIRECTION ( 'NONE',  ( 0.000000000000000000, -0.000000000000000000, 1.000000000000000000 ) ) ;
#903 = CARTESIAN_POINT ( 'NONE',  ( 2.290000000000000036, 6.599999999999999645, 0.1250000000000000000 ) ) ;
#904 = ORIENTED_EDGE ( 'NONE', *, *, #1823, .F. ) ;
#905 = CARTESIAN_POINT ( 'NONE',  ( -0.4412299085413809441, 4.821900135243211594, 0.2206149542706904720 ) ) ;
#906 = EDGE_CURVE ( 'NONE', #2203, #219, #2141, .T. ) ;
#907 = FACE_OUTER_BOUND ( 'NONE', #1673, .T. ) ;
#908 = CARTESIAN_POINT ( 'NONE',  ( 5.484508497187469800, 4.817398713268380206, -0.2022542485937385004 ) ) ;
#909 = ORIENTED_EDGE ( 'NONE', *, *, #1955, .F. ) ;
#910 = MANIFOLD_SOLID_BREP ( 'Boss-Extrude1', #446 ) ;
#911 = EDGE_CURVE ( 'NONE', #2459, #3118, #754, .T. ) ;
#912 = DIRECTION ( 'NONE',  ( 0.000000000000000000, -1.000000000000000000, 0.000000000000000000 ) ) ;
#913 = ORIENTED_EDGE ( 'NONE', *, *, #2513, .T. ) ;
#914 = CARTESIAN_POINT ( 'NONE',  ( 2.290000000000000036, 4.784797426536750997, -0.1250000000000019984 ) ) ;
#915 = B_SPLINE_SURFACE_WITH_KNOTS ( 'NONE', 3, 3, ( 
 ( #2108, #2807, #1616, #817, #2836, #2315, #1334 ),
 ( #333, #2284, #2545, #589, #2603, #1586, #881 ),
 ( #2093, #1112, #96, #1100, #3064, #2576, #2066 ),
 ( #851, #1835, #603, #3093, #1865, #3052, #2820 ) ),
 .UNSPECIFIED., .F., .F., .F.,
 ( 4, 4 ),
 ( 4, 3, 4 ),
 ( 0.000000000000000000, 1.000000000000000000 ),
 ( 0.000000000000000000, 1.000000000000000000, 1.010000000000000009 ),
 .UNSPECIFIED. ) ;
#916 = CARTESIAN_POINT ( 'NONE',  ( 2.331666666666665222, 4.599999999999999645, 0.1250000000000000000 ) ) ;
#917 = DIRECTION ( 'NONE',  ( -8.261637608313679916E-32, -1.000000000000000000, 3.521488656232920374E-16 ) ) ;
#918 = DIRECTION ( 'NONE',  ( 0.000000000000000000, -1.000000000000000000, 1.214306433183763733E-16 ) ) ;
#919 = ORIENTED_EDGE ( 'NONE', *, *, #844, .T. ) ;
#920 = VERTEX_POINT ( 'NONE', #2176 ) ;
#921 = VECTOR ( 'NONE', #3129, 1000.000000000000000 ) ;
#922 = CARTESIAN_POINT ( 'NONE',  ( 0.5636522492905701176, 4.850978038601947873, -0.2818261246452876123 ) ) ;
#923 = VECTOR ( 'NONE', #2034, 1000.000000000000000 ) ;
#924 = FACE_OUTER_BOUND ( 'NONE', #2974, .T. ) ;
#925 = AXIS2_PLACEMENT_3D ( 'NONE', #903, #2656, #175 ) ;
#926 = CARTESIAN_POINT ( 'NONE',  ( 9.070000000000000284, 4.100000000000000533, 1.350000000000000533 ) ) ;
#927 = UNCERTAINTY_MEASURE_WITH_UNIT (LENGTH_MEASURE( 1.000000000000000082E-05 ), #124, 'distance_accuracy_value', 'NONE');
#928 = ORIENTED_EDGE ( 'NONE', *, *, #2087, .F. ) ;
#929 = MECHANICAL_DESIGN_GEOMETRIC_PRESENTATION_REPRESENTATION (  '', ( #3099 ), #245 ) ;
#930 = ORIENTED_EDGE ( 'NONE', *, *, #288, .F. ) ;
#931 = ADVANCED_FACE ( 'NONE', ( #3163 ), #969, .F. ) ;
#932 = DIRECTION ( 'NONE',  ( -8.499851737735099270E-32, -1.000000000000000000, 3.521488656232915443E-16 ) ) ;
#933 = CARTESIAN_POINT ( 'NONE',  ( 2.415000000000000036, 4.829040692800909085, 0.1250000000000062172 ) ) ;
#934 = CARTESIAN_POINT ( 'NONE',  ( 1.977892835681306138, 4.850652025734631501, 0.2810535821593492245 ) ) ;
#935 = ORIENTED_EDGE ( 'NONE', *, *, #2799, .T. ) ;
#936 = EDGE_CURVE ( 'NONE', #2391, #1993, #1144, .T. ) ;
#937 = CARTESIAN_POINT ( 'NONE',  ( -0.2083333333333335091, 4.799545181958140283, 0.1250000000000000000 ) ) ;
#938 = B_SPLINE_CURVE_WITH_KNOTS ( 'NONE', 3,
 ( #1702, #2884, #471, #2627 ),
 .UNSPECIFIED., .F., .F.,
 ( 4, 4 ),
 ( 0.000000000000000000, 1.000000000000000000 ),
 .UNSPECIFIED. ) ;
#939 = CARTESIAN_POINT ( 'NONE',  ( 6.969044427481149384, 4.850652025734631501, -0.1041900990923619180 ) ) ;
#940 = CARTESIAN_POINT ( 'NONE',  ( 0.6509555725188559405, 4.850652025734631501, -0.1041900990923645132 ) ) ;
#941 = CARTESIAN_POINT ( 'NONE',  ( 4.830000000000000071, -4.401860820291080209E-17, -0.1249999999999969885 ) ) ;
#942 = B_SPLINE_CURVE_WITH_KNOTS ( 'NONE', 3,
 ( #703, #3194, #991, #1690, #1975, #244, #955, #494, #2746, #2953, #530, #756 ),
 .UNSPECIFIED., .F., .F.,
 ( 4, 2, 2, 2, 2, 4 ),
 ( 3.188734252742424155E-18, 0.0002605892313161533333, 0.0005211784626323034139, 0.0007817676939484535488, 0.0009120623096065272068, 0.001042356925264600973 ),
 .UNSPECIFIED. ) ;
#943 = CARTESIAN_POINT ( 'NONE',  ( -0.2500000000000000000, 6.599999999999999645, 0.1249999999999975853 ) ) ;
#944 = EDGE_LOOP ( 'NONE', ( #1454, #383, #1012, #1783 ) ) ;
#945 = CARTESIAN_POINT ( 'NONE',  ( 8.268970643942026300, 4.850326012867316017, -0.1038805771496630476 ) ) ;
#946 = VERTEX_POINT ( 'NONE', #2446 ) ;
#947 = CARTESIAN_POINT ( 'NONE',  ( 2.290000000000000036, 4.599999999999999645, -0.1250000000000019984 ) ) ;
#948 = CARTESIAN_POINT ( 'NONE',  ( 5.704974561090149443, 4.850000000000000533, 0.005071939410975809942 ) ) ;
#949 = EDGE_CURVE ( 'NONE', #1335, #2081, #1487, .T. ) ;
#950 = CARTESIAN_POINT ( 'NONE',  ( 7.262787932428129700, 4.824772590979070408, 0.2551804411582775378 ) ) ;
#951 = ORIENTED_EDGE ( 'NONE', *, *, #1458, .F. ) ;
#952 = ORIENTED_EDGE ( 'NONE', *, *, #2119, .T. ) ;
#953 = EDGE_CURVE ( 'NONE', #1200, #2094, #2604, .T. ) ;
#954 = SURFACE_STYLE_USAGE ( .BOTH. , #2431 ) ;
#955 = CARTESIAN_POINT ( 'NONE',  ( 7.771577052793903206, 4.836531079986147397, 0.3851625324641463344 ) ) ;
#956 = CARTESIAN_POINT ( 'NONE',  ( 3.099016994374944822, 4.850000000000000533, -0.2795084971874755020 ) ) ;
#957 = CARTESIAN_POINT ( 'NONE',  ( -0.2500000000000000000, 6.599999999999999645, 0.1249999999999975853 ) ) ;
#958 = PRODUCT_DEFINITION_CONTEXT ( 'detailed design', #395, 'design' ) ;
#959 = ORIENTED_EDGE ( 'NONE', *, *, #2421, .F. ) ;
#960 = CARTESIAN_POINT ( 'NONE',  ( 8.554551724137935409, 4.850021645429058559, -2.812120689655180250 ) ) ;
#961 = FILL_AREA_STYLE ('',( #1426 ) ) ;
#962 = VERTEX_POINT ( 'NONE', #1565 ) ;
#963 = CARTESIAN_POINT ( 'NONE',  ( 4.830000000000000071, 4.739434616667519862, 0.1250000000000000000 ) ) ;
#964 = FACE_OUTER_BOUND ( 'NONE', #2581, .T. ) ;
#965 = PLANE ( 'NONE',  #1748 ) ;
#966 = VERTEX_POINT ( 'NONE', #2307 ) ;
#967 = ORIENTED_EDGE ( 'NONE', *, *, #2485, .F. ) ;
#968 = B_SPLINE_SURFACE_WITH_KNOTS ( 'NONE', 3, 3, ( 
 ( #1740, #1451, #2484, #262, #1261, #2678, #2917 ),
 ( #2242, #458, #2503, #279, #1278, #360, #1328 ),
 ( #598, #2585, #2829, #2520, #3024, #614, #1795 ),
 ( #810, #2816, #1843, #88, #1567, #1313, #1598 ),
 ( #2308, #73, #3074, #58, #1078, #1047, #2056 ),
 ( #2259, #2028, #1581, #2278, #1552, #2568, #342 ),
 ( #1063, #860, #103, #2076, #547, #1096, #2781 ),
 ( #794, #3042, #2043, #567, #2539, #41, #1830 ),
 ( #3061, #1816, #1346, #326, #847, #829, #1532 ),
 ( #2801, #583, #2325, #2552, #1109, #3009, #2090 ),
 ( #1779, #2764, #295, #1299, #312, #2293, #1387 ),
 ( #389, #2613, #2144, #2870, #1672, #407, #3130 ) ),
 .UNSPECIFIED., .F., .F., .F.,
 ( 4, 1, 1, 1, 2, 1, 1, 1, 4 ),
 ( 4, 3, 4 ),
 ( 0.000000000000000000, 0.03608277993484750035, 0.07216555986969500069, 0.1082483398045423900, 0.1443311197393900014, 0.3582483398045425149, 0.5721655598696949729, 0.7860827799348469869, 1.000000000000000000 ),
 ( 0.000000000000000000, 1.000000000000000000, 1.010000000000000009 ),
 .UNSPECIFIED. ) ;
#969 = PLANE ( 'NONE',  #974 ) ;
#970 = CARTESIAN_POINT ( 'NONE',  ( 8.559655172413799917, 4.850000000000000533, -2.825862068965524720 ) ) ;
#971 = EDGE_CURVE ( 'NONE', #721, #315, #755, .T. ) ;
#972 = CARTESIAN_POINT ( 'NONE',  ( 9.070000000000000284, 4.599999999999999645, -4.200000000000000178 ) ) ;
#973 = CARTESIAN_POINT ( 'NONE',  ( -1.830000000000000071, 14.05000000000000071, -4.750000000000000000 ) ) ;
#974 = AXIS2_PLACEMENT_3D ( 'NONE', #2677, #2952, #1706 ) ;
#975 = EDGE_LOOP ( 'NONE', ( #2890, #2871, #3038, #188 ) ) ;
#976 = ADVANCED_BREP_SHAPE_REPRESENTATION ( 'CME0303S3C-1', ( #3036, #1942, #820, #3019, #3025, #910, #1649 ), #2215 ) ;
#977 = CARTESIAN_POINT ( 'NONE',  ( 8.575586268721867356, 4.850702622584524448, -0.5628563144738287782 ) ) ;
#978 = AXIS2_PLACEMENT_3D ( 'NONE', #1377, #1140, #2636 ) ;
#979 = DIRECTION ( 'NONE',  ( 0.000000000000000000, 0.000000000000000000, 1.000000000000000000 ) ) ;
#980 = CARTESIAN_POINT ( 'NONE',  ( -1.330000000000000071, 4.100000000000000533, -4.750000000000000000 ) ) ;
#981 = ORIENTED_EDGE ( 'NONE', *, *, #704, .F. ) ;
#982 = AXIS2_PLACEMENT_3D ( 'NONE', #2092, #2833, #47 ) ;
#983 = PLANE ( 'NONE',  #2154 ) ;
#984 = DIRECTION ( 'NONE',  ( -1.000000000000000000, 0.000000000000000000, 0.000000000000000000 ) ) ;
#985 = STYLED_ITEM ( 'NONE', ( #305 ), #3025 ) ;
#986 = B_SPLINE_CURVE_WITH_KNOTS ( 'NONE', 3,
 ( #2650, #429, #182, #3166 ),
 .UNSPECIFIED., .F., .F.,
 ( 4, 4 ),
 ( 0.5586442581591170020, 1.000000000000000000 ),
 .UNSPECIFIED. ) ;
#987 = CARTESIAN_POINT ( 'NONE',  ( 7.828333333333329591, 4.599999999999999645, 0.1249999999999984041 ) ) ;
#988 = ORIENTED_EDGE ( 'NONE', *, *, #390, .T. ) ;
#989 = CARTESIAN_POINT ( 'NONE',  ( 0.2361488096107025036, 4.839520346400449924, 0.3415533168614134918 ) ) ;
#990 = PLANE ( 'NONE',  #341 ) ;
#991 = CARTESIAN_POINT ( 'NONE',  ( 7.250036103482375260, 4.834918542852251200, 0.3456655336787633481 ) ) ;
#992 = DIRECTION ( 'NONE',  ( -1.000000000000000000, 0.000000000000000000, 0.000000000000000000 ) ) ;
#993 = ADVANCED_FACE ( 'NONE', ( #2538 ), #793, .F. ) ;
#994 = CARTESIAN_POINT ( 'NONE',  ( 0.01455793171433383999, 4.850000000000000533, -3.694015320776335543 ) ) ;
#995 = ORIENTED_EDGE ( 'NONE', *, *, #1699, .T. ) ;
#996 = CARTESIAN_POINT ( 'NONE',  ( 9.070000000000000284, 4.837803659050099903, -3.944631460205905160 ) ) ;
#997 = CARTESIAN_POINT ( 'NONE',  ( 5.728970643942025376, 4.850326012867316017, -0.1038805771496630476 ) ) ;
#998 = EDGE_CURVE ( 'NONE', #99, #2072, #2075, .T. ) ;
#999 = LINE ( 'NONE', #521, #2987 ) ;
#1000 = ORIENTED_EDGE ( 'NONE', *, *, #166, .T. ) ;
#1001 = LINE ( 'NONE', #2220, #706 ) ;
#1002 = LINE ( 'NONE', #1733, #1236 ) ;
#1003 = LINE ( 'NONE', #1970, #2620 ) ;
#1004 = CARTESIAN_POINT ( 'NONE',  ( 8.126090801810407882, 4.850000000000000533, 0.3853608823165530217 ) ) ;
#1005 = ORIENTED_EDGE ( 'NONE', *, *, #2944, .T. ) ;
#1006 = CARTESIAN_POINT ( 'NONE',  ( 0.5060908018104079975, 4.850000000000000533, 0.3853608823165530217 ) ) ;
#1007 = CARTESIAN_POINT ( 'NONE',  ( 7.060983005625049991, 4.850000000000000533, 0.2795084971874745028 ) ) ;
#1008 = CARTESIAN_POINT ( 'NONE',  ( -0.8317802602488695296, 4.849999999999997868, -0.4430380717912827393 ) ) ;
#1009 = DIRECTION ( 'NONE',  ( -6.505213034913050270E-16, 3.521488656232915443E-16, 1.000000000000000000 ) ) ;
#1010 = LINE ( 'NONE', #1048, #2521 ) ;
#1011 = CARTESIAN_POINT ( 'NONE',  ( 4.675491502812529454, 4.817398713268380206, -0.2022542485937375012 ) ) ;
#1012 = ORIENTED_EDGE ( 'NONE', *, *, #1266, .F. ) ;
#1013 = EDGE_CURVE ( 'NONE', #219, #1822, #15, .T. ) ;
#1014 = CARTESIAN_POINT ( 'NONE',  ( 8.559655172413799917, 4.850000000000000533, -2.825862068965524720 ) ) ;
#1015 = CARTESIAN_POINT ( 'NONE',  ( -1.879999999999999893, 14.09999999999999964, -4.750000000000000000 ) ) ;
#1016 = CARTESIAN_POINT ( 'NONE',  ( 9.570000000000000284, 14.09999999999999964, -4.700000000000000178 ) ) ;
#1017 = ORIENTED_EDGE ( 'NONE', *, *, #840, .F. ) ;
#1018 = CARTESIAN_POINT ( 'NONE',  ( 7.870000000000000107, 4.599999999999999645, -0.1250000000000019984 ) ) ;
#1019 = EDGE_CURVE ( 'NONE', #1529, #2968, #1815, .T. ) ;
#1020 = CARTESIAN_POINT ( 'NONE',  ( 2.748333333333334849, 4.799545181958140283, 0.1249999999999984041 ) ) ;
#1021 = CARTESIAN_POINT ( 'NONE',  ( -1.830000000000000071, 14.05000000000000071, -4.700000000000000178 ) ) ;
#1022 = ORIENTED_EDGE ( 'NONE', *, *, #618, .F. ) ;
#1023 = CARTESIAN_POINT ( 'NONE',  ( 7.495000000000000107, 4.599999999999999645, -0.1249999999999984041 ) ) ;
#1024 = CARTESIAN_POINT ( 'NONE',  ( 2.054366087095741200, 4.827027624948563300, 0.1479482363157773595 ) ) ;
#1025 = LINE ( 'NONE', #3177, #2579 ) ;
#1026 = CARTESIAN_POINT ( 'NONE',  ( 4.830000000000000071, 4.599999999999999645, -0.1250000000000019984 ) ) ;
#1027 = DIRECTION ( 'NONE',  ( -0.000000000000000000, 0.000000000000000000, -1.000000000000000000 ) ) ;
#1028 = CARTESIAN_POINT ( 'NONE',  ( -0.6975861866765709074, 4.849999999999996980, -3.379416739961651039 ) ) ;
#1029 = UNCERTAINTY_MEASURE_WITH_UNIT (LENGTH_MEASURE( 1.000000000000000082E-05 ), #2660, 'distance_accuracy_value', 'NONE');
#1030 = ORIENTED_EDGE ( 'NONE', *, *, #2366, .F. ) ;
#1031 = AXIS2_PLACEMENT_3D ( 'NONE', #3157, #1929, #696 ) ;
#1032 = CARTESIAN_POINT ( 'NONE',  ( -1.330000000000000071, 4.100000000000000533, -4.750000000000000000 ) ) ;
#1033 = VECTOR ( 'NONE', #3060, 1000.000000000000000 ) ;
#1034 = CARTESIAN_POINT ( 'NONE',  ( 7.725442068305239829, 4.850000000000000533, -3.694015320778815337 ) ) ;
#1035 = ORIENTED_EDGE ( 'NONE', *, *, #1893, .T. ) ;
#1036 = CARTESIAN_POINT ( 'NONE',  ( -1.830000000000000071, 14.05000000000000071, 1.250000000000000444 ) ) ;
#1037 = VECTOR ( 'NONE', #1803, 1000.000000000000000 ) ;
#1038 = CARTESIAN_POINT ( 'NONE',  ( 9.570000000000000284, 14.05000000000000071, 1.250000000000000444 ) ) ;
#1039 = EDGE_CURVE ( 'NONE', #2876, #54, #777, .T. ) ;
#1040 = DIRECTION ( 'NONE',  ( 0.000000000000000000, 0.000000000000000000, 1.000000000000000000 ) ) ;
#1041 = CARTESIAN_POINT ( 'NONE',  ( 8.818144969425599555, 4.776636604737319658, -0.4692923534779989692 ) ) ;
#1042 = EDGE_LOOP ( 'NONE', ( #2564, #463, #3105, #2902, #318 ) ) ;
#1043 = FACE_OUTER_BOUND ( 'NONE', #3138, .T. ) ;
#1044 =( GEOMETRIC_REPRESENTATION_CONTEXT ( 3 ) GLOBAL_UNCERTAINTY_ASSIGNED_CONTEXT ( ( #2768 ) ) GLOBAL_UNIT_ASSIGNED_CONTEXT ( ( #2563, #1809, #2071 ) ) REPRESENTATION_CONTEXT ( 'NONE', 'WORKASPACE' ) );
#1045 = CARTESIAN_POINT ( 'NONE',  ( 8.436174968934023966, 4.849999999999998757, -3.382199992446845105 ) ) ;
#1046 = EDGE_CURVE ( 'NONE', #455, #2718, #3023, .T. ) ;
#1047 = CARTESIAN_POINT ( 'NONE',  ( -0.3285849548091278050, 4.851557478336932405, 0.1826756768016375709 ) ) ;
#1048 = CARTESIAN_POINT ( 'NONE',  ( -1.830000000000000071, 4.100000000000000533, 1.350000000000000533 ) ) ;
#1049 = CARTESIAN_POINT ( 'NONE',  ( -0.3850682458065287639, 4.849999999999998757, -3.637376837220199999 ) ) ;
#1050 = ORIENTED_EDGE ( 'NONE', *, *, #1808, .F. ) ;
#1051 = DIRECTION ( 'NONE',  ( 0.000000000000000000, 1.000000000000000000, 0.000000000000000000 ) ) ;
#1052 = CARTESIAN_POINT ( 'NONE',  ( 5.642107164318698409, 4.850652025734631501, 0.2810535821593467265 ) ) ;
#1053 = DIRECTION ( 'NONE',  ( 0.000000000000000000, -1.000000000000000000, 1.214306433183763733E-16 ) ) ;
#1054 = ORIENTED_EDGE ( 'NONE', *, *, #535, .T. ) ;
#1055 = CARTESIAN_POINT ( 'NONE',  ( 5.205000000000000071, 4.829040692800909085, 0.1250000000000069944 ) ) ;
#1056 = DIRECTION ( 'NONE',  ( 0.000000000000000000, 1.214306433183763733E-16, 1.000000000000000000 ) ) ;
#1057 = DIRECTION ( 'NONE',  ( 0.000000000000000000, -1.000000000000000000, 1.214306433183763733E-16 ) ) ;
#1058 = CARTESIAN_POINT ( 'NONE',  ( 7.705273699329715953, 4.850104492038745718, 0.1864255505904860721 ) ) ;
#1059 = ORIENTED_EDGE ( 'NONE', *, *, #2981, .T. ) ;
#1060 = DIRECTION ( 'NONE',  ( 0.000000000000000000, 0.000000000000000000, 1.000000000000000000 ) ) ;
#1061 = EDGE_CURVE ( 'NONE', #2718, #2301, #1277, .T. ) ;
#1062 = CARTESIAN_POINT ( 'NONE',  ( 2.827882782245816795, 4.809662545375279485, 0.2552422411996502771 ) ) ;
#1063 = CARTESIAN_POINT ( 'NONE',  ( 0.8161460269801440459, 4.599999999999999645, 0.6999999999999999556 ) ) ;
#1064 = EDGE_CURVE ( 'NONE', #1788, #2040, #1794, .T. ) ;
#1065 = DIRECTION ( 'NONE',  ( 0.000000000000000000, -1.000000000000000000, 1.214306433183763733E-16 ) ) ;
#1066 = CARTESIAN_POINT ( 'NONE',  ( -1.330000000000000071, 4.100000000000000533, 1.350000000000000533 ) ) ;
#1067 = ORIENTED_EDGE ( 'NONE', *, *, #1311, .F. ) ;
#1068 = CARTESIAN_POINT ( 'NONE',  ( -1.330000000000000071, 13.59999999999999964, 0.6999999999999999556 ) ) ;
#1069 = CARTESIAN_POINT ( 'NONE',  ( 9.619999999999999218, 4.100000000000000533, -4.700000000000000178 ) ) ;
#1070 = FACE_OUTER_BOUND ( 'NONE', #517, .T. ) ;
#1071 = ORIENTED_EDGE ( 'NONE', *, *, #1385, .T. ) ;
#1072 = CARTESIAN_POINT ( 'NONE',  ( 4.732702380778600393, 4.850000000000000533, 0.5581066337228229868 ) ) ;
#1073 = CARTESIAN_POINT ( 'NONE',  ( -1.879999999999999893, 6.599999999999999645, -4.200000000000000178 ) ) ;
#1074 = CARTESIAN_POINT ( 'NONE',  ( 9.070000000000000284, 4.599999999999999645, -0.1790325026069750081 ) ) ;
#1075 = VERTEX_POINT ( 'NONE', #565 ) ;
#1076 = CARTESIAN_POINT ( 'NONE',  ( 7.411666666666669734, 4.799545181958140283, -0.1250000000000019984 ) ) ;
#1077 = PLANE ( 'NONE',  #2875 ) ;
#1078 = CARTESIAN_POINT ( 'NONE',  ( -0.3283815185751068899, 4.850778739168466025, 0.1852366883026195510 ) ) ;
#1079 = CARTESIAN_POINT ( 'NONE',  ( 3.100562079346819377, 4.850326012867316017, -0.2802810396734128906 ) ) ;
#1080 = CARTESIAN_POINT ( 'NONE',  ( 8.233829747511430597, 4.850000000000000533, -0.1698829909145064820 ) ) ;
#1081 = EDGE_CURVE ( 'NONE', #408, #414, #1095, .T. ) ;
#1082 = EDGE_LOOP ( 'NONE', ( #3208, #50, #930, #2362 ) ) ;
#1083 = CARTESIAN_POINT ( 'NONE',  ( 7.098121992127348179, 4.842068006988021978, 0.2609390039363272407 ) ) ;
#1084 = CARTESIAN_POINT ( 'NONE',  ( -1.830000000000000071, 4.100000000000000533, -4.750000000000000000 ) ) ;
#1085 = ADVANCED_FACE ( 'NONE', ( #86 ), #1077, .F. ) ;
#1086 = ORIENTED_EDGE ( 'NONE', *, *, #2826, .F. ) ;
#1087 = CARTESIAN_POINT ( 'NONE',  ( -1.330000000000000071, 13.59999999999999964, -4.200000000000000178 ) ) ;
#1088 = VECTOR ( 'NONE', #72, 1000.000000000000000 ) ;
#1089 = ORIENTED_EDGE ( 'NONE', *, *, #246, .T. ) ;
#1090 = MECHANICAL_DESIGN_GEOMETRIC_PRESENTATION_REPRESENTATION (  '', ( #2065 ), #2115 ) ;
#1091 = DIRECTION ( 'NONE',  ( -8.499851737735099270E-32, -1.000000000000000000, 3.521488656232915443E-16 ) ) ;
#1092 = CARTESIAN_POINT ( 'NONE',  ( 5.862746795379729647, 4.730445813340949712, -4.200000000000000178 ) ) ;
#1093 = VECTOR ( 'NONE', #236, 1000.000000000000000 ) ;
#1094 = CIRCLE ( 'NONE', #1594, 0.04999999999999969746 ) ;
#1095 = LINE ( 'NONE', #40, #1088 ) ;
#1096 = CARTESIAN_POINT ( 'NONE',  ( 0.6587610500339993180, 4.851525237608173668, 0.1060640632014134277 ) ) ;
#1097 = CARTESIAN_POINT ( 'NONE',  ( 0.5590169943749480064, 4.850000000000000533, 0.2795084971874720048 ) ) ;
#1098 = EDGE_CURVE ( 'NONE', #3118, #308, #1858, .T. ) ;
#1099 = CARTESIAN_POINT ( 'NONE',  ( 3.099016994374944822, 4.850000000000000533, -0.2795084971874755020 ) ) ;
#1100 = CARTESIAN_POINT ( 'NONE',  ( -0.6469857153652049941, 4.850000000000000533, 0.1035710552069599860 ) ) ;
#1101 = EDGE_LOOP ( 'NONE', ( #1197, #2792, #2713, #12, #1570, #1367, #497, #1714, #715, #928, #899, #1727, #421, #1186, #2695, #1617, #1059, #1962, #1469, #83, #70, #2219 ) ) ;
#1102 = FACE_OUTER_BOUND ( 'NONE', #741, .T. ) ;
#1103 = EDGE_CURVE ( 'NONE', #1486, #3111, #3103, .T. ) ;
#1104 = FILL_AREA_STYLE ('',( #868 ) ) ;
#1105 = ORIENTED_EDGE ( 'NONE', *, *, #2536, .T. ) ;
#1106 = DIRECTION ( 'NONE',  ( -1.000000000000000000, 0.000000000000000000, 0.000000000000000000 ) ) ;
#1107 = CARTESIAN_POINT ( 'NONE',  ( -1.226879666234272026, 4.824111019451399862, -4.200000000000000178 ) ) ;
#1108 = DIRECTION ( 'NONE',  ( 0.000000000000000000, 0.000000000000000000, 1.000000000000000000 ) ) ;
#1109 = CARTESIAN_POINT ( 'NONE',  ( 5.787814099638111998, 4.850186512495636038, -0.01331595730831938024 ) ) ;
#1110 = DIRECTION ( 'NONE',  ( 1.000000000000000000, 1.059017651961891883E-31, 5.421010862427549780E-16 ) ) ;
#1111 = PLANE ( 'NONE',  #982 ) ;
#1112 = CARTESIAN_POINT ( 'NONE',  ( -0.2500000000000000000, 4.784797426536750997, 0.04166666666666555413 ) ) ;
#1113 = EDGE_LOOP ( 'NONE', ( #3069, #81, #2358, #1134, #2774, #2167, #1874 ) ) ;
#1114 = EDGE_CURVE ( 'NONE', #214, #2139, #160, .T. ) ;
#1115 = DIRECTION ( 'NONE',  ( 0.000000000000000000, 1.000000000000000000, 0.000000000000000000 ) ) ;
#1116 = ORIENTED_EDGE ( 'NONE', *, *, #2881, .T. ) ;
#1117 = EDGE_CURVE ( 'NONE', #2865, #2406, #2143, .T. ) ;
#1118 = CARTESIAN_POINT ( 'NONE',  ( 9.570000000000000284, 4.100000000000000533, 1.350000000000000533 ) ) ;
#1119 = FACE_OUTER_BOUND ( 'NONE', #975, .T. ) ;
#1120 = PLANE ( 'NONE',  #186 ) ;
#1121 = CARTESIAN_POINT ( 'NONE',  ( 2.290000000000000036, 4.784797426536750997, -0.04166666666666814928 ) ) ;
#1122 = CARTESIAN_POINT ( 'NONE',  ( 6.973014284634800219, 4.850000000000000533, 0.1035710552069599860 ) ) ;
#1123 = PLANE ( 'NONE',  #827 ) ;
#1124 = LINE ( 'NONE', #894, #2527 ) ;
#1125 = CARTESIAN_POINT ( 'NONE',  ( 4.830000000000000071, 4.599999999999999645, -1.226503707624226891E-15 ) ) ;
#1126 = ORIENTED_EDGE ( 'NONE', *, *, #2316, .F. ) ;
#1127 = CARTESIAN_POINT ( 'NONE',  ( 2.790000000000000036, 4.784797426536750997, -0.1250000000000019984 ) ) ;
#1128 = ORIENTED_EDGE ( 'NONE', *, *, #1998, .T. ) ;
#1129 = CARTESIAN_POINT ( 'NONE',  ( 4.830000000000000071, 6.599999999999999645, -0.1250000000000000000 ) ) ;
#1130 = VECTOR ( 'NONE', #1494, 1000.000000000000000 ) ;
#1131 = CARTESIAN_POINT ( 'NONE',  ( -0.2031940349495394982, 4.695335231132919951, -4.200000000000000178 ) ) ;
#1132 = DIRECTION ( 'NONE',  ( 4.336808689942035485E-16, -3.521488656232920374E-16, -1.000000000000000000 ) ) ;
#1133 = DIRECTION ( 'NONE',  ( -1.000000000000000000, -7.010384997569550548E-32, -4.336808689942040416E-16 ) ) ;
#1134 = ORIENTED_EDGE ( 'NONE', *, *, #2103, .T. ) ;
#1135 = AXIS2_PLACEMENT_3D ( 'NONE', #1573, #2559, #2847 ) ;
#1136 = EDGE_CURVE ( 'NONE', #2718, #3135, #2102, .T. ) ;
#1137 = LINE ( 'NONE', #1406, #235 ) ;
#1138 = AXIS2_PLACEMENT_3D ( 'NONE', #587, #1051, #1556 ) ;
#1139 = CARTESIAN_POINT ( 'NONE',  ( -0.8196551724137930428, 4.850000000000000533, -0.6741379310344819409 ) ) ;
#1140 = DIRECTION ( 'NONE',  ( 0.000000000000000000, -1.000000000000000000, 0.000000000000000000 ) ) ;
#1141 = ORIENTED_EDGE ( 'NONE', *, *, #2442, .F. ) ;
#1142 = EDGE_LOOP ( 'NONE', ( #1191, #1563, #170, #2637 ) ) ;
#1143 = DIRECTION ( 'NONE',  ( 0.000000000000000000, -1.000000000000000000, 1.214306433183763733E-16 ) ) ;
#1144 = B_SPLINE_CURVE_WITH_KNOTS ( 'NONE', 3,
 ( #457, #2691, #476, #1465, #243, #1722, #3176 ),
 .UNSPECIFIED., .F., .F.,
 ( 4, 1, 1, 1, 4 ),
 ( 0.000000000000000000, 0.2500000000000000000, 0.5000000000000000000, 0.7500000000000000000, 1.000000000000000000 ),
 .UNSPECIFIED. ) ;
#1145 = CARTESIAN_POINT ( 'NONE',  ( 4.843851190389299788, 4.839520346400449924, -0.3415533168614064974 ) ) ;
#1146 = DIRECTION ( 'NONE',  ( 1.000000000000000000, 0.000000000000000000, 0.000000000000000000 ) ) ;
#1147 = FACE_OUTER_BOUND ( 'NONE', #2956, .T. ) ;
#1148 = ORIENTED_EDGE ( 'NONE', *, *, #2137, .F. ) ;
#1149 = ADVANCED_FACE ( 'NONE', ( #1215 ), #655, .T. ) ;
#1150 = CARTESIAN_POINT ( 'NONE',  ( 7.370000000000000107, 4.599999999999999645, -0.1250000000000019984 ) ) ;
#1151 = PLANE ( 'NONE',  #1596 ) ;
#1152 = EDGE_CURVE ( 'NONE', #455, #1720, #2642, .T. ) ;
#1153 = DIRECTION ( 'NONE',  ( -1.000000000000000000, 0.000000000000000000, 0.000000000000000000 ) ) ;
#1154 = CARTESIAN_POINT ( 'NONE',  ( 8.135257005524579199, 4.840609750061213745, 0.2576285027622865487 ) ) ;
#1155 = ORIENTED_EDGE ( 'NONE', *, *, #2586, .F. ) ;
#1156 = CARTESIAN_POINT ( 'NONE',  ( 7.870000000000000107, 4.784797426536750997, -0.04166666666666814928 ) ) ;
#1157 = ORIENTED_EDGE ( 'NONE', *, *, #1603, .F. ) ;
#1158 = CARTESIAN_POINT ( 'NONE',  ( 4.830000000000000071, 6.599999999999999645, -0.1250000000000000000 ) ) ;
#1159 = CARTESIAN_POINT ( 'NONE',  ( 4.030457995224557166, 4.849999999999998757, -0.05254282041161686262 ) ) ;
#1160 = LINE ( 'NONE', #2886, #504 ) ;
#1161 = CARTESIAN_POINT ( 'NONE',  ( 9.570000000000000284, 14.05000000000000071, -4.750000000000000000 ) ) ;
#1162 = ORIENTED_EDGE ( 'NONE', *, *, #1677, .T. ) ;
#1163 = ORIENTED_EDGE ( 'NONE', *, *, #464, .T. ) ;
#1164 = CARTESIAN_POINT ( 'NONE',  ( 6.973014284634800219, 4.850000000000000533, -0.1035710552069590007 ) ) ;
#1165 =( NAMED_UNIT ( * ) PLANE_ANGLE_UNIT ( ) SI_UNIT ( $, .RADIAN. ) );
#1166 = CARTESIAN_POINT ( 'NONE',  ( 5.740000000000000213, 4.599999999999999645, -4.750000000000000000 ) ) ;
#1167 = CARTESIAN_POINT ( 'NONE',  ( 9.570000000000000284, 4.100000000000000533, 1.350000000000000533 ) ) ;
#1168 = ORIENTED_EDGE ( 'NONE', *, *, #1225, .T. ) ;
#1169 = ADVANCED_FACE ( 'NONE', ( #1657 ), #1901, .F. ) ;
#1170 = ORIENTED_EDGE ( 'NONE', *, *, #169, .T. ) ;
#1171 = FACE_OUTER_BOUND ( 'NONE', #1943, .T. ) ;
#1172 = CARTESIAN_POINT ( 'NONE',  ( 5.288333333333329556, 4.599999999999999645, -0.1250000000000019984 ) ) ;
#1173 = CARTESIAN_POINT ( 'NONE',  ( 2.290000000000000036, 4.784797426536750997, 0.1250000000000000000 ) ) ;
#1174 = ORIENTED_EDGE ( 'NONE', *, *, #217, .F. ) ;
#1175 = CARTESIAN_POINT ( 'NONE',  ( 0.3472976192214050073, 4.850000000000000533, 0.5581066337228191010 ) ) ;
#1176 = VECTOR ( 'NONE', #1146, 1000.000000000000000 ) ;
#1177 = DIRECTION ( 'NONE',  ( 0.000000000000000000, -1.000000000000000000, 0.000000000000000000 ) ) ;
#1178 = AXIS2_PLACEMENT_3D ( 'NONE', #49, #1507, #3000 ) ;
#1179 = PLANE ( 'NONE',  #617 ) ;
#1180 = VECTOR ( 'NONE', #2458, 1000.000000000000000 ) ;
#1181 = LINE ( 'NONE', #2166, #3136 ) ;
#1182 = ORIENTED_EDGE ( 'NONE', *, *, #1860, .T. ) ;
#1183 = ADVANCED_FACE ( 'NONE', ( #1373 ), #1120, .T. ) ;
#1184 = VECTOR ( 'NONE', #1667, 1000.000000000000000 ) ;
#1185 = SURFACE_SIDE_STYLE ('',( #3169 ) ) ;
#1186 = ORIENTED_EDGE ( 'NONE', *, *, #936, .F. ) ;
#1187 = FACE_OUTER_BOUND ( 'NONE', #1659, .T. ) ;
#1188 = EDGE_CURVE ( 'NONE', #2500, #1704, #1361, .T. ) ;
#1189 = CARTESIAN_POINT ( 'NONE',  ( 4.722787932428129665, 4.824772590979070408, -0.2551804411582789811 ) ) ;
#1190 = DIRECTION ( 'NONE',  ( 0.000000000000000000, 0.000000000000000000, 1.000000000000000000 ) ) ;
#1191 = ORIENTED_EDGE ( 'NONE', *, *, #1782, .T. ) ;
#1192 = VERTEX_POINT ( 'NONE', #116 ) ;
#1193 = CARTESIAN_POINT ( 'NONE',  ( -1.330000000000000071, 4.847835457094220146, -4.200000000000000178 ) ) ;
#1194 = CARTESIAN_POINT ( 'NONE',  ( 8.966879666234280677, 4.824111019451399862, -4.200000000000000178 ) ) ;
#1195 = CARTESIAN_POINT ( 'NONE',  ( -1.074827586206895891, 4.848917728547109895, 0.01293103448275768029 ) ) ;
#1196 = PRODUCT ( 'CME0303S3C-1', 'CME0303S3C-1', '', ( #1834 ) ) ;
#1197 = ORIENTED_EDGE ( 'NONE', *, *, #1860, .F. ) ;
#1198 = CARTESIAN_POINT ( 'NONE',  ( 9.070000000000000284, 4.599999999999999645, -1.833496622946420018 ) ) ;
#1199 = CARTESIAN_POINT ( 'NONE',  ( 8.272940501095680688, 4.850978038601947873, -0.1044996210350659788 ) ) ;
#1200 = VERTEX_POINT ( 'NONE', #159 ) ;
#1201 = DIRECTION ( 'NONE',  ( -8.261637608313679916E-32, -1.000000000000000000, 3.521488656232920374E-16 ) ) ;
#1202 = CARTESIAN_POINT ( 'NONE',  ( 4.830000000000000071, 4.784797426536750997, -0.1250000000000019984 ) ) ;
#1203 = EDGE_CURVE ( 'NONE', #527, #2224, #1160, .T. ) ;
#1204 = CARTESIAN_POINT ( 'NONE',  ( 7.620000000000000107, 4.599999999999999645, 0.1249999999999914096 ) ) ;
#1205 = EDGE_LOOP ( 'NONE', ( #2060, #952, #1686, #2439, #321, #1798, #2734, #2288, #3057, #682, #3079, #1752, #2250, #379, #3131, #2933, #1591, #1126 ) ) ;
#1206 = CARTESIAN_POINT ( 'NONE',  ( -6.505213034913029562E-16, 4.849420349971629740, 0.3917233415692885079 ) ) ;
#1207 = DIRECTION ( 'NONE',  ( -8.261637608313679916E-32, -1.000000000000000000, 3.521488656232920374E-16 ) ) ;
#1208 = EDGE_CURVE ( 'NONE', #1626, #2968, #876, .T. ) ;
#1209 = CARTESIAN_POINT ( 'NONE',  ( 3.099016994374944822, 4.850000000000000533, -0.2795084971874755020 ) ) ;
#1210 = CARTESIAN_POINT ( 'NONE',  ( 8.764081220023911101, 4.599999999999999645, -4.200000000000000178 ) ) ;
#1211 = FACE_OUTER_BOUND ( 'NONE', #818, .T. ) ;
#1212 = ORIENTED_EDGE ( 'NONE', *, *, #2939, .T. ) ;
#1213 = CARTESIAN_POINT ( 'NONE',  ( 8.526247126609124649, 4.850638179338575995, -0.8547937028956111849 ) ) ;
#1214 = DIRECTION ( 'NONE',  ( 1.000000000000000000, 1.059017651961891883E-31, 5.421010862427549780E-16 ) ) ;
#1215 = FACE_OUTER_BOUND ( 'NONE', #108, .T. ) ;
#1216 = VERTEX_POINT ( 'NONE', #2116 ) ;
#1217 = FACE_OUTER_BOUND ( 'NONE', #2632, .T. ) ;
#1218 = DIRECTION ( 'NONE',  ( -1.000000000000000000, -1.440818217108969990E-31, -6.505213034913050270E-16 ) ) ;
#1219 = CARTESIAN_POINT ( 'NONE',  ( 7.745000000000000107, 4.599999999999999645, 0.1250000000000069944 ) ) ;
#1220 = ORIENTED_EDGE ( 'NONE', *, *, #727, .T. ) ;
#1221 = ORIENTED_EDGE ( 'NONE', *, *, #2889, .T. ) ;
#1222 = ADVANCED_FACE ( 'NONE', ( #888 ), #858, .F. ) ;
#1223 = CARTESIAN_POINT ( 'NONE',  ( 7.783028899747186813, 4.849999999999998757, -3.701334110489133522 ) ) ;
#1224 = CARTESIAN_POINT ( 'NONE',  ( -0.8196551724137930428, 4.850000000000000533, -0.6741379310344849385 ) ) ;
#1225 = EDGE_CURVE ( 'NONE', #2525, #2072, #2856, .T. ) ;
#1226 = VECTOR ( 'NONE', #892, 1000.000000000000000 ) ;
#1227 = CARTESIAN_POINT ( 'NONE',  ( 5.452680821487029839E-31, 6.599999999999999645, -2.324182513113724883E-15 ) ) ;
#1228 = VECTOR ( 'NONE', #554, 1000.000000000000000 ) ;
#1229 = ORIENTED_EDGE ( 'NONE', *, *, #844, .F. ) ;
#1230 = CARTESIAN_POINT ( 'NONE',  ( 8.570666729107161430, 4.852107867753571391, -0.5594509025613821906 ) ) ;
#1231 = VECTOR ( 'NONE', #192, 1000.000000000000000 ) ;
#1232 = CLOSED_SHELL ( 'NONE', ( #2726, #931, #384, #1500, #206, #2152 ) ) ;
#1233 = CARTESIAN_POINT ( 'NONE',  ( 0.6600000000000000311, 4.599999999999999645, -4.750000000000000000 ) ) ;
#1234 = LINE ( 'NONE', #285, #1436 ) ;
#1235 = ORIENTED_EDGE ( 'NONE', *, *, #557, .T. ) ;
#1236 = VECTOR ( 'NONE', #2964, 1000.000000000000000 ) ;
#1237 = CARTESIAN_POINT ( 'NONE',  ( 5.586090801810410511, 4.850000000000000533, -0.3853608823165560193 ) ) ;
#1238 = FACE_OUTER_BOUND ( 'NONE', #885, .T. ) ;
#1239 = VECTOR ( 'NONE', #1214, 1000.000000000000000 ) ;
#1240 = CARTESIAN_POINT ( 'NONE',  ( 5.330000000000000071, 6.599999999999999645, -0.1250000000000000000 ) ) ;
#1241 = CARTESIAN_POINT ( 'NONE',  ( 5.481866385541272813, 4.824761221873239414, 0.2747131305144141500 ) ) ;
#1242 = VERTEX_POINT ( 'NONE', #872 ) ;
#1243 = ORIENTED_EDGE ( 'NONE', *, *, #2513, .F. ) ;
#1244 = DIRECTION ( 'NONE',  ( 0.000000000000000000, -1.000000000000000000, 1.214306433183763733E-16 ) ) ;
#1245 = EDGE_CURVE ( 'NONE', #1720, #2301, #2337, .T. ) ;
#1246 = DIRECTION ( 'NONE',  ( -1.000000000000000000, 8.499851737735099270E-32, 0.000000000000000000 ) ) ;
#1247 = CARTESIAN_POINT ( 'NONE',  ( -1.830000000000000071, 14.05000000000000071, -4.700000000000000178 ) ) ;
#1248 = EDGE_CURVE ( 'NONE', #1497, #2865, #2584, .T. ) ;
#1249 = VERTEX_POINT ( 'NONE', #627 ) ;
#1250 = CARTESIAN_POINT ( 'NONE',  ( 8.484478617140199574, 4.850000000000000533, -1.217275291220589972 ) ) ;
#1251 = PLANE ( 'NONE',  #1297 ) ;
#1252 = DIRECTION ( 'NONE',  ( 0.000000000000000000, -1.214306433183763733E-16, -1.000000000000000000 ) ) ;
#1253 = ORIENTED_EDGE ( 'NONE', *, *, #3195, .F. ) ;
#1254 = CARTESIAN_POINT ( 'NONE',  ( 9.070000000000000284, 4.795715264597560257, 0.6999999999999999556 ) ) ;
#1255 = CARTESIAN_POINT ( 'NONE',  ( -0.8196551724137900452, 4.850000000000000533, -2.825862068965524720 ) ) ;
#1256 = DIRECTION ( 'NONE',  ( 4.336808689942035485E-16, -3.521488656232920374E-16, -1.000000000000000000 ) ) ;
#1257 = CARTESIAN_POINT ( 'NONE',  ( 7.870000000000000107, 4.599999999999999645, 0.1249999999999984041 ) ) ;
#1258 = ORIENTED_EDGE ( 'NONE', *, *, #288, .T. ) ;
#1259 = CARTESIAN_POINT ( 'NONE',  ( 7.870000000000000107, 4.784797426536750997, -0.1250000000000019984 ) ) ;
#1260 = CARTESIAN_POINT ( 'NONE',  ( 1.950375330847979205, 4.843994898763646972, 0.04772548548988456152 ) ) ;
#1261 = CARTESIAN_POINT ( 'NONE',  ( -0.8171034482758621209, 4.850010822714529546, -0.6810086206896573957 ) ) ;
#1262 = DIRECTION ( 'NONE',  ( 1.000000000000000000, 0.000000000000000000, 0.000000000000000000 ) ) ;
#1263 = CARTESIAN_POINT ( 'NONE',  ( 2.944508497187475093, 4.817398713268380206, -0.2022542485937385004 ) ) ;
#1264 = CYLINDRICAL_SURFACE ( 'NONE', #2625, 0.04999999999999991257 ) ;
#1265 = EDGE_LOOP ( 'NONE', ( #2614, #1157, #1022, #97 ) ) ;
#1266 = EDGE_CURVE ( 'NONE', #1440, #1632, #2843, .T. ) ;
#1267 = CARTESIAN_POINT ( 'NONE',  ( 8.766382327415730202, 4.815924406330660545, -2.189519301377230054 ) ) ;
#1268 = LINE ( 'NONE', #3183, #142 ) ;
#1269 = FACE_OUTER_BOUND ( 'NONE', #437, .T. ) ;
#1270 = EDGE_LOOP ( 'NONE', ( #2546, #2922, #760, #3174 ) ) ;
#1271 = CARTESIAN_POINT ( 'NONE',  ( 4.732702380778600393, 4.850000000000000533, -0.5581066337228159924 ) ) ;
#1272 = EDGE_CURVE ( 'NONE', #1472, #2472, #2475, .T. ) ;
#1273 = CARTESIAN_POINT ( 'NONE',  ( 0.2083333333333330095, 4.599999999999999645, -0.1250000000000019984 ) ) ;
#1274 = CARTESIAN_POINT ( 'NONE',  ( 8.726072940325979133, 4.786822072307850284, -0.09443175926186500591 ) ) ;
#1275 = ORIENTED_EDGE ( 'NONE', *, *, #2903, .F. ) ;
#1276 = CARTESIAN_POINT ( 'NONE',  ( 7.272702380778600428, 4.850000000000000533, -0.5581066337228159924 ) ) ;
#1277 = LINE ( 'NONE', #809, #2460 ) ;
#1278 = CARTESIAN_POINT ( 'NONE',  ( -0.8359936864162342829, 4.850129413003315904, -0.5721808344309922134 ) ) ;
#1279 = CARTESIAN_POINT ( 'NONE',  ( 3.100562079346825151, 4.850326012867316017, 0.2802810396734093934 ) ) ;
#1280 = CARTESIAN_POINT ( 'NONE',  ( 4.830000000000000071, 4.599999999999999645, -0.04166666666666814928 ) ) ;
#1281 = VERTEX_POINT ( 'NONE', #1786 ) ;
#1282 = DIRECTION ( 'NONE',  ( 0.000000000000000000, -1.000000000000000000, 1.214306433183763733E-16 ) ) ;
#1283 = CARTESIAN_POINT ( 'NONE',  ( 5.330000000000000071, 4.599999999999999645, -0.04166666666666814928 ) ) ;
#1284 = AXIS2_PLACEMENT_3D ( 'NONE', #2479, #789, #525 ) ;
#1285 = LINE ( 'NONE', #2510, #1902 ) ;
#1286 = ORIENTED_EDGE ( 'NONE', *, *, #1287, .T. ) ;
#1287 = EDGE_CURVE ( 'NONE', #1558, #2876, #137, .T. ) ;
#1288 = CARTESIAN_POINT ( 'NONE',  ( 5.205000000000000071, 4.599999999999999645, 0.1250000000000069944 ) ) ;
#1289 = AXIS2_PLACEMENT_3D ( 'NONE', #573, #837, #350 ) ;
#1290 = CARTESIAN_POINT ( 'NONE',  ( 2.790000000000000036, 4.784797426536750997, 0.1249999999999984041 ) ) ;
#1291 = FACE_OUTER_BOUND ( 'NONE', #1869, .T. ) ;
#1292 = AXIS2_PLACEMENT_3D ( 'NONE', #2818, #572, #301 ) ;
#1293 = CARTESIAN_POINT ( 'NONE',  ( 8.566289938851209484, 4.850000000000000533, -0.3291205747451080299 ) ) ;
#1294 = ORIENTED_EDGE ( 'NONE', *, *, #2944, .F. ) ;
#1295 = EDGE_CURVE ( 'NONE', #1607, #2644, #2977, .T. ) ;
#1296 = DIRECTION ( 'NONE',  ( 1.000000000000000000, 0.000000000000000000, 0.000000000000000000 ) ) ;
#1297 = AXIS2_PLACEMENT_3D ( 'NONE', #1015, #1712, #482 ) ;
#1298 = CARTESIAN_POINT ( 'NONE',  ( 7.370000000000000107, 6.599999999999999645, 0.1250000000000026090 ) ) ;
#1299 = CARTESIAN_POINT ( 'NONE',  ( 7.079680682867530273, 4.850000000000000533, 0.1119446170311016037 ) ) ;
#1300 = CARTESIAN_POINT ( 'NONE',  ( 2.790000000000000036, 4.599999999999999645, -0.04166666666666814928 ) ) ;
#1301 = CARTESIAN_POINT ( 'NONE',  ( 0.4484928576826014424, 4.817398713268380206, -0.07261886093681489684 ) ) ;
#1302 = ORIENTED_EDGE ( 'NONE', *, *, #1013, .F. ) ;
#1303 = FACE_OUTER_BOUND ( 'NONE', #622, .T. ) ;
#1304 = CARTESIAN_POINT ( 'NONE',  ( 8.114460470454012864, 4.843669689938069567, 0.3111587671209494754 ) ) ;
#1305 = EDGE_LOOP ( 'NONE', ( #1168, #1911, #1050, #2162 ) ) ;
#1306 = CARTESIAN_POINT ( 'NONE',  ( 8.113157570142341513, 4.846197500772698064, 0.3399206025087544436 ) ) ;
#1307 = FILL_AREA_STYLE_COLOUR ( '', #1441 ) ;
#1308 = CARTESIAN_POINT ( 'NONE',  ( 7.835666928976210421, 4.850000000000000533, 0.2080239501111955103 ) ) ;
#1309 = ORIENTED_EDGE ( 'NONE', *, *, #2765, .T. ) ;
#1310 = CARTESIAN_POINT ( 'NONE',  ( 9.570000000000000284, 14.05000000000000071, 1.199999999999999956 ) ) ;
#1311 = EDGE_CURVE ( 'NONE', #2865, #3016, #1980, .T. ) ;
#1312 = CARTESIAN_POINT ( 'NONE',  ( 8.559655172413799917, 4.850000000000000533, -2.825862068965524720 ) ) ;
#1313 = CARTESIAN_POINT ( 'NONE',  ( -0.6426843581912481396, 4.851247631638512026, -0.01655054960287669769 ) ) ;
#1314 = EDGE_CURVE ( 'NONE', #3111, #2653, #1471, .T. ) ;
#1315 = CARTESIAN_POINT ( 'NONE',  ( 1.980983005625055027, 4.850000000000000533, -0.2795084971874745028 ) ) ;
#1316 = DIRECTION ( 'NONE',  ( 1.000000000000000000, 0.000000000000000000, 0.000000000000000000 ) ) ;
#1317 = ORIENTED_EDGE ( 'NONE', *, *, #2648, .T. ) ;
#1318 = CARTESIAN_POINT ( 'NONE',  ( 0.08232996577663485860, 4.818145096547476136, 0.2929657250399014257 ) ) ;
#1319 = DIRECTION ( 'NONE',  ( 0.000000000000000000, 0.000000000000000000, -1.000000000000000000 ) ) ;
#1320 = DIRECTION ( 'NONE',  ( 0.000000000000000000, 0.000000000000000000, -1.000000000000000000 ) ) ;
#1321 = ORIENTED_EDGE ( 'NONE', *, *, #3199, .F. ) ;
#1322 = DIRECTION ( 'NONE',  ( 1.000000000000000000, 0.000000000000000000, 0.000000000000000000 ) ) ;
#1323 = PRESENTATION_STYLE_ASSIGNMENT (( #1852 ) ) ;
#1324 = ORIENTED_EDGE ( 'NONE', *, *, #3049, .T. ) ;
#1325 = CARTESIAN_POINT ( 'NONE',  ( 0.4578421926879810977, 4.826632559578429849, 0.2289210963439887170 ) ) ;
#1326 = CARTESIAN_POINT ( 'NONE',  ( -0.6335243637413899842, 4.850000000000000533, -3.497767548086550438 ) ) ;
#1327 = CARTESIAN_POINT ( 'NONE',  ( 2.965227733613748029, 4.816909433658215001, 0.2126138668068726367 ) ) ;
#1328 = CARTESIAN_POINT ( 'NONE',  ( -0.8323228471809809292, 4.850388239009945757, -0.5848393501964747054 ) ) ;
#1329 = CARTESIAN_POINT ( 'NONE',  ( 3.188970643942031113, 4.850326012867316017, 0.1038805771496586622 ) ) ;
#1330 = CARTESIAN_POINT ( 'NONE',  ( 4.517892835681300845, 4.850652025734631501, 0.2810535821593492245 ) ) ;
#1331 = ORIENTED_EDGE ( 'NONE', *, *, #2026, .T. ) ;
#1332 = EDGE_CURVE ( 'NONE', #62, #271, #2452, .T. ) ;
#1333 = CARTESIAN_POINT ( 'NONE',  ( 7.058546116291621431, 4.845390061441756657, 0.2165954651539399589 ) ) ;
#1334 = CARTESIAN_POINT ( 'NONE',  ( -0.5636522492905722270, 4.850978038601947873, -0.2818261246452861135 ) ) ;
#1335 = VERTEX_POINT ( 'NONE', #1034 ) ;
#1336 = CARTESIAN_POINT ( 'NONE',  ( 8.024508497187468947, 4.817398713268380206, -0.2022542485937385004 ) ) ;
#1337 = MECHANICAL_DESIGN_GEOMETRIC_PRESENTATION_REPRESENTATION (  '', ( #135 ), #1898 ) ;
#1338 = CARTESIAN_POINT ( 'NONE',  ( 0.2083333333333330095, 4.799545181958140283, -0.1250000000000019984 ) ) ;
#1339 = ORIENTED_EDGE ( 'NONE', *, *, #746, .F. ) ;
#1340 = VECTOR ( 'NONE', #1539, 1000.000000000000000 ) ;
#1341 = CARTESIAN_POINT ( 'NONE',  ( 0.6126761368814910291, 4.850000000000000533, 0.1239708434328029990 ) ) ;
#1342 = AXIS2_PLACEMENT_3D ( 'NONE', #3058, #1106, #3071 ) ;
#1343 = CARTESIAN_POINT ( 'NONE',  ( 1.877253204620284999, 4.730445813340940830, -4.200000000000000178 ) ) ;
#1344 = AXIS2_PLACEMENT_3D ( 'NONE', #1161, #1903, #874 ) ;
#1345 = DIRECTION ( 'NONE',  ( 0.000000000000000000, -1.000000000000000000, 1.214306433183763733E-16 ) ) ;
#1346 = CARTESIAN_POINT ( 'NONE',  ( 4.221141582688569649, 4.812775370669509556, 0.3149439911761409694 ) ) ;
#1347 = VECTOR ( 'NONE', #2020, 1000.000000000000000 ) ;
#1348 = ADVANCED_FACE ( 'NONE', ( #1269 ), #1491, .F. ) ;
#1349 = CARTESIAN_POINT ( 'NONE',  ( -0.2500000000000000000, 4.401860820291149851E-17, 0.1250000000000000000 ) ) ;
#1350 = CARTESIAN_POINT ( 'NONE',  ( 9.570000000000000284, 14.05000000000000071, 1.350000000000000533 ) ) ;
#1351 = FACE_OUTER_BOUND ( 'NONE', #1101, .T. ) ;
#1352 =( LENGTH_UNIT ( ) NAMED_UNIT ( * ) SI_UNIT ( .MILLI., .METRE. ) );
#1353 = EDGE_CURVE ( 'NONE', #1632, #408, #1285, .T. ) ;
#1354 = CARTESIAN_POINT ( 'NONE',  ( -1.879999999999999893, 14.05000000000000071, 1.199999999999999956 ) ) ;
#1355 = ORIENTED_EDGE ( 'NONE', *, *, #2277, .F. ) ;
#1356 = CARTESIAN_POINT ( 'NONE',  ( 9.570000000000000284, 14.05000000000000071, 1.199999999999999956 ) ) ;
#1357 = CARTESIAN_POINT ( 'NONE',  ( -0.2083333333333345083, 4.599999999999999645, -0.1250000000000019984 ) ) ;
#1358 = ORIENTED_EDGE ( 'NONE', *, *, #469, .T. ) ;
#1359 = DIRECTION ( 'NONE',  ( -0.000000000000000000, -0.000000000000000000, -1.000000000000000000 ) ) ;
#1360 = CARTESIAN_POINT ( 'NONE',  ( 2.540000000000001368, 4.599999999999999645, -0.1250000000000019984 ) ) ;
#1361 = LINE ( 'NONE', #1639, #2463 ) ;
#1362 = LINE ( 'NONE', #1641, #401 ) ;
#1363 = CARTESIAN_POINT ( 'NONE',  ( 0.5605620793468227836, 4.850326012867316017, 0.2802810396734093934 ) ) ;
#1364 = CARTESIAN_POINT ( 'NONE',  ( -0.8196551724137930428, 4.850000000000000533, -0.6741379310344849385 ) ) ;
#1365 = SURFACE_SIDE_STYLE ('',( #1801 ) ) ;
#1366 = CARTESIAN_POINT ( 'NONE',  ( 7.060983005625049991, 4.850000000000000533, -0.2795084971874745028 ) ) ;
#1367 = ORIENTED_EDGE ( 'NONE', *, *, #448, .F. ) ;
#1368 = LINE ( 'NONE', #3096, #1950 ) ;
#1369 = ORIENTED_EDGE ( 'NONE', *, *, #652, .T. ) ;
#1370 = FACE_OUTER_BOUND ( 'NONE', #2126, .T. ) ;
#1371 = EDGE_CURVE ( 'NONE', #3126, #1192, #2528, .T. ) ;
#1372 = CARTESIAN_POINT ( 'NONE',  ( 8.417956933154959742, 4.787583186029919169, -3.848883774043274641 ) ) ;
#1373 = FACE_OUTER_BOUND ( 'NONE', #193, .T. ) ;
#1374 = CARTESIAN_POINT ( 'NONE',  ( 1.891029356057969180, 4.850326012867316017, 0.1038805771496614655 ) ) ;
#1375 = CARTESIAN_POINT ( 'NONE',  ( -0.2500000000000000000, 4.599999999999999645, 0.1250000000000000000 ) ) ;
#1376 = CARTESIAN_POINT ( 'NONE',  ( 2.866272114768110058, 4.784545850780900444, 0.1631360573840530126 ) ) ;
#1377 = CARTESIAN_POINT ( 'NONE',  ( -1.830000000000000071, 4.100000000000000533, -4.700000000000000178 ) ) ;
#1378 = EDGE_LOOP ( 'NONE', ( #1089, #2621, #1067, #2914 ) ) ;
#1379 = CARTESIAN_POINT ( 'NONE',  ( 2.540000000000000036, 4.849420349971629740, -0.3917233415692999987 ) ) ;
#1380 = CARTESIAN_POINT ( 'NONE',  ( 8.179016994374949334, 4.850000000000000533, -0.2795084971874755020 ) ) ;
#1381 = ORIENTED_EDGE ( 'NONE', *, *, #2121, .T. ) ;
#1382 = DIRECTION ( 'NONE',  ( 0.000000000000000000, 0.000000000000000000, 1.000000000000000000 ) ) ;
#1383 = CARTESIAN_POINT ( 'NONE',  ( 3.870000000000000107, 4.732418789450219876, -4.200000000000000178 ) ) ;
#1384 = CARTESIAN_POINT ( 'NONE',  ( 2.290000000000000036, 4.599999999999999645, -1.226503707624226891E-15 ) ) ;
#1385 = EDGE_CURVE ( 'NONE', #2967, #1216, #999, .T. ) ;
#1386 = AXIS2_PLACEMENT_3D ( 'NONE', #2759, #770, #1511 ) ;
#1387 = CARTESIAN_POINT ( 'NONE',  ( 7.060949588553931733, 4.850256173854800679, 0.1031237862865680976 ) ) ;
#1388 = ORIENTED_EDGE ( 'NONE', *, *, #2661, .F. ) ;
#1389 = CIRCLE ( 'NONE', #1289, 0.04999999999999969746 ) ;
#1390 = CIRCLE ( 'NONE', #3193, 0.04999999999999991257 ) ;
#1391 = LINE ( 'NONE', #941, #296 ) ;
#1392 = AXIS2_PLACEMENT_3D ( 'NONE', #1633, #912, #1927 ) ;
#1393 = DIRECTION ( 'NONE',  ( 0.000000000000000000, 0.000000000000000000, -1.000000000000000000 ) ) ;
#1394 = ORIENTED_EDGE ( 'NONE', *, *, #2586, .T. ) ;
#1395 = CARTESIAN_POINT ( 'NONE',  ( 7.870000000000000107, 4.784797426536750997, 0.04166666666666555413 ) ) ;
#1396 = B_SPLINE_CURVE_WITH_KNOTS ( 'NONE', 3,
 ( #671, #1159, #1884, #405 ),
 .UNSPECIFIED., .F., .F.,
 ( 4, 4 ),
 ( 0.000000000000000000, 1.000000000000000000 ),
 .UNSPECIFIED. ) ;
#1397 = EDGE_LOOP ( 'NONE', ( #2808, #2384, #1668, #2595 ) ) ;
#1398 = CARTESIAN_POINT ( 'NONE',  ( 2.117570070072375188, 4.815986383258029413, 0.2112149649638107862 ) ) ;
#1399 = FACE_OUTER_BOUND ( 'NONE', #2345, .T. ) ;
#1400 = CARTESIAN_POINT ( 'NONE',  ( -1.879999999999999893, 4.100000000000000533, -4.750000000000000000 ) ) ;
#1401 = CARTESIAN_POINT ( 'NONE',  ( 7.870000000000000107, 6.599999999999999645, 0.1250000000000029976 ) ) ;
#1402 = VERTEX_POINT ( 'NONE', #11 ) ;
#1403 = EDGE_CURVE ( 'NONE', #1508, #590, #795, .T. ) ;
#1404 = B_SPLINE_SURFACE_WITH_KNOTS ( 'NONE', 3, 3, ( 
 ( #1150, #164, #2386, #1627, #2615, #2133, #1647 ),
 ( #3107, #2373, #1888, #1164, #3148, #939, #424 ),
 ( #1420, #1922, #2904, #1122, #511, #2935, #2225 ),
 ( #1, #1689, #1988, #1007, #438, #2483, #1450 ) ),
 .UNSPECIFIED., .F., .F., .F.,
 ( 4, 4 ),
 ( 4, 3, 4 ),
 ( 0.000000000000000000, 1.000000000000000000 ),
 ( 0.000000000000000000, 1.000000000000000000, 1.010000000000000009 ),
 .UNSPECIFIED. ) ;
#1405 = CARTESIAN_POINT ( 'NONE',  ( 2.790000000000000036, 4.599999999999999645, -0.1250000000000019984 ) ) ;
#1406 = CARTESIAN_POINT ( 'NONE',  ( 2.790000000000000036, 4.401860820291189910E-17, 0.1250000000000019984 ) ) ;
#1407 = EDGE_CURVE ( 'NONE', #1486, #1626, #1730, .T. ) ;
#1408 = CARTESIAN_POINT ( 'NONE',  ( -1.330000000000000071, 4.847835457094220146, -2.566666666666669983 ) ) ;
#1409 = CARTESIAN_POINT ( 'NONE',  ( 0.2500000000000000000, 4.784797426536750997, -0.1250000000000019984 ) ) ;
#1410 = B_SPLINE_CURVE_WITH_KNOTS ( 'NONE', 3,
 ( #2686, #766, #51, #2547 ),
 .UNSPECIFIED., .F., .F.,
 ( 4, 4 ),
 ( 0.000000000000000000, 0.6959616137903450461 ),
 .UNSPECIFIED. ) ;
#1411 = ORIENTED_EDGE ( 'NONE', *, *, #2589, .F. ) ;
#1412 =( NAMED_UNIT ( * ) PLANE_ANGLE_UNIT ( ) SI_UNIT ( $, .RADIAN. ) );
#1413 = ORIENTED_EDGE ( 'NONE', *, *, #1353, .T. ) ;
#1414 = CARTESIAN_POINT ( 'NONE',  ( 2.135491502812524978, 4.817398713268380206, -0.2022542485937385004 ) ) ;
#1415 = CARTESIAN_POINT ( 'NONE',  ( 5.080000000000000071, 4.848840699943259835, -0.1250000000000062172 ) ) ;
#1416 = DIRECTION ( 'NONE',  ( 0.000000000000000000, 1.000000000000000000, 0.000000000000000000 ) ) ;
#1417 = CARTESIAN_POINT ( 'NONE',  ( 1.893014284634795041, 4.850000000000000533, 0.1035710552069599860 ) ) ;
#1418 = ORIENTED_EDGE ( 'NONE', *, *, #1603, .T. ) ;
#1419 = CARTESIAN_POINT ( 'NONE',  ( -0.3472976192214010105, 4.850000000000000533, 0.5581066337228229868 ) ) ;
#1420 = CARTESIAN_POINT ( 'NONE',  ( 7.370000000000000107, 4.599999999999999645, 0.04166666666666555413 ) ) ;
#1421 =( NAMED_UNIT ( * ) SI_UNIT ( $, .STERADIAN. ) SOLID_ANGLE_UNIT ( ) );
#1422 = CARTESIAN_POINT ( 'NONE',  ( -1.830000000000000071, 4.100000000000000533, 1.350000000000000533 ) ) ;
#1423 = CARTESIAN_POINT ( 'NONE',  ( 5.330000000000000071, 4.599999999999999645, -0.1250000000000019984 ) ) ;
#1424 = EDGE_CURVE ( 'NONE', #2094, #726, #1234, .T. ) ;
#1425 = ORIENTED_EDGE ( 'NONE', *, *, #221, .F. ) ;
#1426 = FILL_AREA_STYLE_COLOUR ( '', #1753 ) ;
#1427 = EDGE_LOOP ( 'NONE', ( #2398, #430, #1904, #2910 ) ) ;
#1428 = PLANE ( 'NONE',  #3141 ) ;
#1429 = CARTESIAN_POINT ( 'NONE',  ( 2.182787932428130073, 4.824772590979070408, 0.2551804411582775378 ) ) ;
#1430 = CARTESIAN_POINT ( 'NONE',  ( 5.550108143232378666, 4.829885664828977632, 0.2350540716161887422 ) ) ;
#1431 = ORIENTED_EDGE ( 'NONE', *, *, #3159, .T. ) ;
#1432 = VECTOR ( 'NONE', #1201, 1000.000000000000000 ) ;
#1433 = VERTEX_POINT ( 'NONE', #2773 ) ;
#1434 = AXIS2_PLACEMENT_3D ( 'NONE', #1837, #2344, #1322 ) ;
#1435 = CARTESIAN_POINT ( 'NONE',  ( 0.4578421926879810977, 4.826632559578429849, 0.2289210963439887170 ) ) ;
#1436 = VECTOR ( 'NONE', #302, 1000.000000000000000 ) ;
#1437 = CLOSED_SHELL ( 'NONE', ( #59, #2550, #2294, #3066, #859, #2794, #311, #1799, #487, #3121, #636, #3087, #2190, #2848, #648, #1542, #1983, #1169, #3028, #2990, #1183, #1523, #8, #1917, #2752, #2468, #2310, #2134, #2447, #423 ) ) ;
#1438 = LINE ( 'NONE', #224, #3097 ) ;
#1439 = CARTESIAN_POINT ( 'NONE',  ( -1.330000000000000071, 4.599999999999999645, 0.6999999999999999556 ) ) ;
#1440 = VERTEX_POINT ( 'NONE', #2249 ) ;
#1441 = COLOUR_RGB ( '',0.1019607843137254888, 0.1019607843137254888, 0.1019607843137254888 ) ;
#1442 = EDGE_CURVE ( 'NONE', #3204, #2608, #2291, .T. ) ;
#1443 = DIRECTION ( 'NONE',  ( -8.499851737735099270E-32, -1.000000000000000000, 3.521488656232915443E-16 ) ) ;
#1444 = VERTEX_POINT ( 'NONE', #1016 ) ;
#1445 = DIRECTION ( 'NONE',  ( -1.000000000000000000, -7.010384997569550548E-32, -4.336808689942040416E-16 ) ) ;
#1446 = DIRECTION ( 'NONE',  ( 0.000000000000000000, -1.000000000000000000, 0.000000000000000000 ) ) ;
#1447 = CARTESIAN_POINT ( 'NONE',  ( 7.620000000000003659, 4.599999999999999645, 0.1249999999999992645 ) ) ;
#1448 = ORIENTED_EDGE ( 'NONE', *, *, #2214, .F. ) ;
#1449 = EDGE_LOOP ( 'NONE', ( #2297, #1853, #2098, #1411 ) ) ;
#1450 = CARTESIAN_POINT ( 'NONE',  ( 7.056347750709425881, 4.850978038601947873, 0.2818261246452866131 ) ) ;
#1451 = CARTESIAN_POINT ( 'NONE',  ( -1.330000000000000071, 4.847835457094220146, 0.6999999999999999556 ) ) ;
#1452 = CARTESIAN_POINT ( 'NONE',  ( 9.070000000000000284, 4.100000000000000533, -4.750000000000000000 ) ) ;
#1453 = CARTESIAN_POINT ( 'NONE',  ( -0.8196551724137900452, 4.850000000000000533, -2.825862068965524720 ) ) ;
#1454 = ORIENTED_EDGE ( 'NONE', *, *, #3070, .T. ) ;
#1455 = CARTESIAN_POINT ( 'NONE',  ( 8.777239308570099041, 4.799055981207050792, -1.525385957083505106 ) ) ;
#1456 = LINE ( 'NONE', #2736, #880 ) ;
#1457 = ORIENTED_EDGE ( 'NONE', *, *, #1081, .T. ) ;
#1458 = EDGE_CURVE ( 'NONE', #2180, #2269, #764, .T. ) ;
#1459 = CARTESIAN_POINT ( 'NONE',  ( 9.570000000000000284, 4.100000000000000533, -4.750000000000000000 ) ) ;
#1460 = CARTESIAN_POINT ( 'NONE',  ( 5.437212067571870477, 4.824772590979070408, -0.2551804411582789811 ) ) ;
#1461 = CARTESIAN_POINT ( 'NONE',  ( 7.620000000000000107, 4.849420349971629740, 0.3917233415692885079 ) ) ;
#1462 = ORIENTED_EDGE ( 'NONE', *, *, #2174, .F. ) ;
#1463 = EDGE_CURVE ( 'NONE', #2213, #2094, #2494, .T. ) ;
#1464 = ORIENTED_EDGE ( 'NONE', *, *, #911, .T. ) ;
#1465 = CARTESIAN_POINT ( 'NONE',  ( -4.119968255444915272E-15, 4.850000000000000533, -0.6584466831385940022 ) ) ;
#1466 = CARTESIAN_POINT ( 'NONE',  ( -0.6240959133014200022, 4.850000000000000533, -0.03368606193255870018 ) ) ;
#1467 = CARTESIAN_POINT ( 'NONE',  ( 4.830000000000000071, 4.784797426536750997, -0.1250000000000019984 ) ) ;
#1468 = CARTESIAN_POINT ( 'NONE',  ( 4.520983005625049955, 4.850000000000000533, -0.2795084971874740032 ) ) ;
#1469 = ORIENTED_EDGE ( 'NONE', *, *, #1787, .T. ) ;
#1470 = CARTESIAN_POINT ( 'NONE',  ( 8.481549534333563400, 4.850161299685191274, -2.277010371203912698 ) ) ;
#1471 = LINE ( 'NONE', #980, #1340 ) ;
#1472 = VERTEX_POINT ( 'NONE', #270 ) ;
#1473 = CARTESIAN_POINT ( 'NONE',  ( 4.520983005625049955, 4.850000000000000533, -0.2795084971874745028 ) ) ;
#1474 = CARTESIAN_POINT ( 'NONE',  ( -1.330000000000000071, 6.599999999999999645, -4.200000000000000178 ) ) ;
#1475 = EDGE_CURVE ( 'NONE', #473, #2608, #2866, .T. ) ;
#1476 = DIRECTION ( 'NONE',  ( -0.000000000000000000, -0.000000000000000000, -1.000000000000000000 ) ) ;
#1477 = CARTESIAN_POINT ( 'NONE',  ( 7.495000000000000107, 4.829040692800909085, 0.1250000000000062172 ) ) ;
#1478 = EDGE_LOOP ( 'NONE', ( #1235, #1926, #1520 ) ) ;
#1479 = EDGE_CURVE ( 'NONE', #1444, #508, #1389, .T. ) ;
#1480 = CARTESIAN_POINT ( 'NONE',  ( 2.022338736173985740, 4.832332392419139033, 0.1167102282050829914 ) ) ;
#1481 = CARTESIAN_POINT ( 'NONE',  ( -0.7627793111089099520, 4.849999999999998757, -0.2187505501798168439 ) ) ;
#1482 = VECTOR ( 'NONE', #1780, 1000.000000000000000 ) ;
#1483 = DIRECTION ( 'NONE',  ( 4.336808689942035485E-16, -3.521488656232920374E-16, -1.000000000000000000 ) ) ;
#1484 = SPHERICAL_SURFACE ( 'NONE', #1543, 0.05000000000000000278 ) ;
#1485 = VECTOR ( 'NONE', #585, 1000.000000000000000 ) ;
#1486 = VERTEX_POINT ( 'NONE', #1084 ) ;
#1487 = B_SPLINE_CURVE_WITH_KNOTS ( 'NONE', 3,
 ( #222, #1223, #2205, #340, #2800, #582, #2324, #3008, #1515, #2042, #1045, #2502, #1778, #2292, #1762, #1312 ),
 .UNSPECIFIED., .F., .F.,
 ( 4, 2, 2, 2, 2, 2, 2, 4 ),
 ( 0.000000000000000000, 0.1250000000000000278, 0.2500000000000000555, 0.3750000000000001110, 0.5000000000000001110, 0.6250000000000001110, 0.7500000000000002220, 1.000000000000000000 ),
 .UNSPECIFIED. ) ;
#1488 = CARTESIAN_POINT ( 'NONE',  ( 9.070000000000000284, 4.847835457094220146, -4.200000000000000178 ) ) ;
#1489 = VECTOR ( 'NONE', #2312, 1000.000000000000000 ) ;
#1490 = CARTESIAN_POINT ( 'NONE',  ( 4.830000000000000071, 4.401860820291220109E-17, 0.1250000000000031919 ) ) ;
#1491 = PLANE ( 'NONE',  #445 ) ;
#1492 = ORIENTED_EDGE ( 'NONE', *, *, #1935, .F. ) ;
#1493 = AXIS2_PLACEMENT_3D ( 'NONE', #505, #788, #16 ) ;
#1494 = DIRECTION ( 'NONE',  ( 0.000000000000000000, -1.000000000000000000, 0.000000000000000000 ) ) ;
#1495 = CARTESIAN_POINT ( 'NONE',  ( 9.619999999999999218, 14.05000000000000071, 1.199999999999999956 ) ) ;
#1496 = CARTESIAN_POINT ( 'NONE',  ( 5.247681752204807815, 4.818950488498022544, 0.2981844044451342768 ) ) ;
#1497 = VERTEX_POINT ( 'NONE', #2342 ) ;
#1498 = CARTESIAN_POINT ( 'NONE',  ( 7.977212067571870513, 4.824772590979070408, -0.2551804411582789811 ) ) ;
#1499 = CARTESIAN_POINT ( 'NONE',  ( 1.980983005625055027, 4.850000000000000533, -0.2795084971874745028 ) ) ;
#1500 = ADVANCED_FACE ( 'NONE', ( #121 ), #2330, .F. ) ;
#1501 = CARTESIAN_POINT ( 'NONE',  ( 3.136591164201394832, 4.850000000000000533, -0.2043601575345825039 ) ) ;
#1502 = CARTESIAN_POINT ( 'NONE',  ( 2.790000000000000036, 4.784797426536750997, -0.1250000000000019984 ) ) ;
#1503 = CARTESIAN_POINT ( 'NONE',  ( -0.8242201985420161137, 4.849999999999995204, -3.055521209660500670 ) ) ;
#1504 = ORIENTED_EDGE ( 'NONE', *, *, #1635, .T. ) ;
#1505 = EDGE_CURVE ( 'NONE', #726, #1666, #2300, .T. ) ;
#1506 = CARTESIAN_POINT ( 'NONE',  ( 5.330000000000000071, 4.784797426536750997, 0.04166666666666555413 ) ) ;
#1507 = DIRECTION ( 'NONE',  ( 0.000000000000000000, -1.214306433183763733E-16, -1.000000000000000000 ) ) ;
#1508 = VERTEX_POINT ( 'NONE', #1366 ) ;
#1509 = CARTESIAN_POINT ( 'NONE',  ( 4.520983005625049955, 4.850000000000000533, 0.2795084971874745028 ) ) ;
#1510 = CARTESIAN_POINT ( 'NONE',  ( -1.879999999999999893, 14.05000000000000071, -4.700000000000000178 ) ) ;
#1511 = DIRECTION ( 'NONE',  ( -0.000000000000000000, 0.000000000000000000, -1.000000000000000000 ) ) ;
#1512 = CARTESIAN_POINT ( 'NONE',  ( 8.378706610055200343, 4.850631779276922018, -0.008985008483303868337 ) ) ;
#1513 = ORIENTED_EDGE ( 'NONE', *, *, #1203, .F. ) ;
#1514 = CARTESIAN_POINT ( 'NONE',  ( 7.495000000000000107, 4.829040692800909085, -0.1249999999999984041 ) ) ;
#1515 = CARTESIAN_POINT ( 'NONE',  ( 8.320309581977728186, 4.849999999999997868, -3.511383416886485254 ) ) ;
#1516 = CARTESIAN_POINT ( 'NONE',  ( 9.070000000000000284, 4.599999999999999645, 1.350000000000000533 ) ) ;
#1517 = CARTESIAN_POINT ( 'NONE',  ( 0.6101210573111290891, 4.774070626272799878, -3.905999601418115308 ) ) ;
#1518 = CARTESIAN_POINT ( 'NONE',  ( 3.186985715365204808, 4.850000000000000533, 0.1035710552069571966 ) ) ;
#1519 = DIRECTION ( 'NONE',  ( -0.000000000000000000, 1.214306433183763733E-16, 1.000000000000000000 ) ) ;
#1520 = ORIENTED_EDGE ( 'NONE', *, *, #1287, .F. ) ;
#1521 = CARTESIAN_POINT ( 'NONE',  ( 7.370000000000000107, 4.599999999999999645, -1.226503707624226891E-15 ) ) ;
#1522 = CARTESIAN_POINT ( 'NONE',  ( 9.570000000000000284, 14.05000000000000071, 1.250000000000000000 ) ) ;
#1523 = ADVANCED_FACE ( 'NONE', ( #1557 ), #915, .T. ) ;
#1524 = DIRECTION ( 'NONE',  ( 1.000000000000000000, 7.010384997569550548E-32, 4.336808689942040416E-16 ) ) ;
#1525 = VERTEX_POINT ( 'NONE', #65 ) ;
#1526 = CARTESIAN_POINT ( 'NONE',  ( 5.639016994374949299, 4.850000000000000533, -0.2795084971874755020 ) ) ;
#1527 = LINE ( 'NONE', #2948, #1347 ) ;
#1528 = CARTESIAN_POINT ( 'NONE',  ( 8.561252838239722607, 4.851467267905253067, -0.3263171391704501878 ) ) ;
#1529 = VERTEX_POINT ( 'NONE', #1354 ) ;
#1530 = DIRECTION ( 'NONE',  ( -1.000000000000000000, -1.440818217108969990E-31, -6.505213034913050270E-16 ) ) ;
#1531 = CARTESIAN_POINT ( 'NONE',  ( 2.613045390992226213, 4.807643583626600936, 0.2629564889186248866 ) ) ;
#1532 = CARTESIAN_POINT ( 'NONE',  ( 3.859465752519342541, 4.851116738879913903, -0.08166369791243932585 ) ) ;
#1533 = CARTESIAN_POINT ( 'NONE',  ( 3.103652249290574705, 4.850978038601947873, 0.2818261246452841151 ) ) ;
#1534 = DIRECTION ( 'NONE',  ( -0.000000000000000000, -0.000000000000000000, -1.000000000000000000 ) ) ;
#1535 = ORIENTED_EDGE ( 'NONE', *, *, #1716, .T. ) ;
#1536 = VECTOR ( 'NONE', #2051, 1000.000000000000000 ) ;
#1537 = LINE ( 'NONE', #2526, #3046 ) ;
#1538 = AXIS2_PLACEMENT_3D ( 'NONE', #1087, #98, #867 ) ;
#1539 = DIRECTION ( 'NONE',  ( 4.336808689942015271E-16, 1.000000000000000000, -1.214306433183763733E-16 ) ) ;
#1540 = ORIENTED_EDGE ( 'NONE', *, *, #618, .T. ) ;
#1541 = CARTESIAN_POINT ( 'NONE',  ( 4.830000000000000071, 4.599999999999999645, 0.1250000000000000000 ) ) ;
#1542 = ADVANCED_FACE ( 'NONE', ( #1070 ), #2049, .F. ) ;
#1543 = AXIS2_PLACEMENT_3D ( 'NONE', #1247, #1519, #1977 ) ;
#1544 = CARTESIAN_POINT ( 'NONE',  ( -1.330000000000000071, 13.59999999999999964, 0.6999999999999999556 ) ) ;
#1545 = VECTOR ( 'NONE', #724, 1000.000000000000000 ) ;
#1546 = CARTESIAN_POINT ( 'NONE',  ( 8.375267339458460469, 4.851263558553843502, -0.008139001049852767622 ) ) ;
#1547 = ORIENTED_EDGE ( 'NONE', *, *, #427, .T. ) ;
#1548 = DIRECTION ( 'NONE',  ( 0.000000000000000000, 0.000000000000000000, 1.000000000000000000 ) ) ;
#1549 = EDGE_CURVE ( 'NONE', #2264, #455, #1848, .T. ) ;
#1550 = VECTOR ( 'NONE', #2283, 1000.000000000000000 ) ;
#1551 = CARTESIAN_POINT ( 'NONE',  ( 2.469434195206491545, 4.807362112854703717, 0.2622502362517866170 ) ) ;
#1552 = CARTESIAN_POINT ( 'NONE',  ( -0.09458598401624097873, 4.850779467169028969, 0.2053980025578484025 ) ) ;
#1553 = CARTESIAN_POINT ( 'NONE',  ( 3.192940501095683281, 4.850978038601947873, 0.1044996210350615795 ) ) ;
#1554 = CARTESIAN_POINT ( 'NONE',  ( -1.879999999999999893, 4.100000000000000533, -4.750000000000000000 ) ) ;
#1555 = ORIENTED_EDGE ( 'NONE', *, *, #599, .F. ) ;
#1556 = DIRECTION ( 'NONE',  ( 0.000000000000000000, 0.000000000000000000, 1.000000000000000000 ) ) ;
#1557 = FACE_OUTER_BOUND ( 'NONE', #1914, .T. ) ;
#1558 = VERTEX_POINT ( 'NONE', #1602 ) ;
#1559 = CARTESIAN_POINT ( 'NONE',  ( 4.955000000000000071, 4.599999999999999645, 0.1250000000000062172 ) ) ;
#1560 = CARTESIAN_POINT ( 'NONE',  ( -0.5060908018104069983, 4.850000000000000533, -0.3853608823165555197 ) ) ;
#1561 = EDGE_CURVE ( 'NONE', #2481, #3204, #1755, .T. ) ;
#1562 = CARTESIAN_POINT ( 'NONE',  ( 8.382145880651940217, 4.850000000000000533, -0.009831015916754969053 ) ) ;
#1563 = ORIENTED_EDGE ( 'NONE', *, *, #427, .F. ) ;
#1564 = LINE ( 'NONE', #1760, #2786 ) ;
#1565 = CARTESIAN_POINT ( 'NONE',  ( 7.370000000000000107, 6.599999999999999645, -0.1249999999999975853 ) ) ;
#1566 = ADVANCED_FACE ( 'NONE', ( #2590 ), #412, .F. ) ;
#1567 = CARTESIAN_POINT ( 'NONE',  ( -0.6426102615399195139, 4.850623815819256279, -0.01300326965434754449 ) ) ;
#1568 = DIRECTION ( 'NONE',  ( -1.000000000000000000, -1.440818217108969990E-31, -6.505213034913050270E-16 ) ) ;
#1569 = CARTESIAN_POINT ( 'NONE',  ( 0.4045084971874735036, 4.817398713268380206, 0.2022542485937355028 ) ) ;
#1570 = ORIENTED_EDGE ( 'NONE', *, *, #1114, .F. ) ;
#1571 = LINE ( 'NONE', #1068, #3139 ) ;
#1572 = CARTESIAN_POINT ( 'NONE',  ( -0.2500000000000000000, 4.599999999999999645, -1.226503707624226891E-15 ) ) ;
#1573 = CARTESIAN_POINT ( 'NONE',  ( 2.790000000000000036, 6.599999999999999645, 0.1250000000000000000 ) ) ;
#1574 = EDGE_LOOP ( 'NONE', ( #1220, #1388, #259, #1418 ) ) ;
#1575 = CARTESIAN_POINT ( 'NONE',  ( 2.192702380778599913, 4.850000000000000533, -0.5581066337228159924 ) ) ;
#1576 = ORIENTED_EDGE ( 'NONE', *, *, #1844, .F. ) ;
#1577 = CARTESIAN_POINT ( 'NONE',  ( -1.830000000000000071, 14.05000000000000071, 1.250000000000000000 ) ) ;
#1578 = EDGE_CURVE ( 'NONE', #2961, #1993, #705, .T. ) ;
#1579 = CARTESIAN_POINT ( 'NONE',  ( 8.156022323079488601, 4.695311863413649256, -4.200000000000000178 ) ) ;
#1580 = DIRECTION ( 'NONE',  ( 0.000000000000000000, -1.214306433183763733E-16, -1.000000000000000000 ) ) ;
#1581 = CARTESIAN_POINT ( 'NONE',  ( -0.07244369656697960402, 4.772053283097109855, 0.4539293545063919910 ) ) ;
#1582 = EDGE_CURVE ( 'NONE', #642, #962, #2136, .T. ) ;
#1583 = CARTESIAN_POINT ( 'NONE',  ( 4.519437920653175844, 4.850326012867316017, 0.2802810396734118359 ) ) ;
#1584 = CYLINDRICAL_SURFACE ( 'NONE', #1138, 0.04999999999999991257 ) ;
#1585 = LINE ( 'NONE', #1572, #2531 ) ;
#1586 = CARTESIAN_POINT ( 'NONE',  ( -0.6509555725188570507, 4.850652025734631501, -0.1041900990923619180 ) ) ;
#1587 = ORIENTED_EDGE ( 'NONE', *, *, #1188, .T. ) ;
#1588 = LINE ( 'NONE', #2822, #2832 ) ;
#1589 = COLOUR_RGB ( '',1.000000000000000000, 1.000000000000000000, 1.000000000000000000 ) ;
#1590 = CARTESIAN_POINT ( 'NONE',  ( -0.3472976192214015101, 4.850000000000000533, -0.5581066337228159924 ) ) ;
#1591 = ORIENTED_EDGE ( 'NONE', *, *, #2772, .T. ) ;
#1592 = VECTOR ( 'NONE', #3027, 1000.000000000000000 ) ;
#1593 = LINE ( 'NONE', #1855, #399 ) ;
#1594 = AXIS2_PLACEMENT_3D ( 'NONE', #385, #2322, #1382 ) ;
#1595 = CARTESIAN_POINT ( 'NONE',  ( 8.065770570377150506, 4.850000000000000533, -3.687287386587255078 ) ) ;
#1596 = AXIS2_PLACEMENT_3D ( 'NONE', #629, #1629, #150 ) ;
#1597 = CARTESIAN_POINT ( 'NONE',  ( -1.830000000000000071, 4.100000000000000533, 1.350000000000000533 ) ) ;
#1598 = CARTESIAN_POINT ( 'NONE',  ( -0.6427584548425767652, 4.851871447457767772, -0.02009782955140584915 ) ) ;
#1599 = MECHANICAL_DESIGN_GEOMETRIC_PRESENTATION_REPRESENTATION (  '', ( #1697 ), #775 ) ;
#1600 = CARTESIAN_POINT ( 'NONE',  ( -0.4412299085413809441, 4.821900135243211594, 0.2206149542706904720 ) ) ;
#1601 = CARTESIAN_POINT ( 'NONE',  ( -1.330000000000000071, 4.599999999999999645, 0.6999999999999999556 ) ) ;
#1602 = CARTESIAN_POINT ( 'NONE',  ( 9.570000000000000284, 14.09999999999999964, 1.199999999999999956 ) ) ;
#1603 = EDGE_CURVE ( 'NONE', #593, #2224, #1679, .T. ) ;
#1604 = VERTEX_POINT ( 'NONE', #2403 ) ;
#1605 = CARTESIAN_POINT ( 'NONE',  ( 2.540000000000000036, 4.599999999999999645, -0.1250000000000062172 ) ) ;
#1606 =( NAMED_UNIT ( * ) PLANE_ANGLE_UNIT ( ) SI_UNIT ( $, .RADIAN. ) );
#1607 = VERTEX_POINT ( 'NONE', #2920 ) ;
#1608 = LINE ( 'NONE', #1129, #2070 ) ;
#1609 = B_SPLINE_SURFACE_WITH_KNOTS ( 'NONE', 3, 3, ( 
 ( #806, #1811, #3037, #2255, #1775, #1791, #1058 ),
 ( #2516, #2052, #290, #1308, #2742, #2287, #790 ),
 ( #69, #2499, #2796, #2760, #543, #2534, #2777 ),
 ( #1074, #578, #1274, #1562, #1512, #1546, #275 ),
 ( #53, #34, #1041, #1293, #2023, #1528, #2273 ),
 ( #2039, #2473, #728, #2753, #977, #1711, #1230 ),
 ( #761, #229, #2714, #1940, #1213, #742, #2437 ),
 ( #1198, #465, #1455, #1250, #1964, #2196, #2181 ),
 ( #268, #2492, #1267, #518, #3182, #1747, #1769 ),
 ( #2696, #498, #251, #481, #1470, #2216, #2014 ),
 ( #3201, #996, #537, #1994, #3168, #2231, #2958 ),
 ( #1728, #1488, #9, #1014, #2998, #960, #783 ) ),
 .UNSPECIFIED., .F., .F., .F.,
 ( 4, 1, 1, 1, 2, 1, 1, 1, 4 ),
 ( 4, 3, 4 ),
 ( 0.000000000000000000, 0.09365191441177689313, 0.1873038288235534810, 0.2809557432353304574, 0.3746076576471074615, 0.5309557432353310125, 0.6873038288235540083, 0.8436519144117768931, 1.000000000000000000 ),
 ( 0.000000000000000000, 1.000000000000000000, 1.010000000000000009 ),
 .UNSPECIFIED. ) ;
#1610 = CARTESIAN_POINT ( 'NONE',  ( -0.2031940349495394982, 4.599999999999999645, -4.200000000000000178 ) ) ;
#1611 = CARTESIAN_POINT ( 'NONE',  ( 5.705763151373460573, 4.850000000000000533, -0.09238614442003070804 ) ) ;
#1612 = CARTESIAN_POINT ( 'NONE',  ( 1.915120543514875040, 4.850000000000000533, 0.01252458811041960024 ) ) ;
#1613 = CARTESIAN_POINT ( 'NONE',  ( -0.8196551724137900452, 4.850000000000000533, -2.825862068965524720 ) ) ;
#1614 = ADVANCED_FACE ( 'NONE', ( #3152 ), #3110, .F. ) ;
#1615 = CARTESIAN_POINT ( 'NONE',  ( -1.330000000000000071, 4.847835457094220146, 0.6999999999999999556 ) ) ;
#1616 = CARTESIAN_POINT ( 'NONE',  ( -0.4045084971874740032, 4.817398713268380206, -0.2022542485937375012 ) ) ;
#1617 = ORIENTED_EDGE ( 'NONE', *, *, #2064, .T. ) ;
#1618 = LINE ( 'NONE', #2592, #2061 ) ;
#1619 = EDGE_CURVE ( 'NONE', #2674, #2391, #986, .T. ) ;
#1620 = CARTESIAN_POINT ( 'NONE',  ( 8.182107164318701109, 4.850652025734631501, 0.2810535821593467265 ) ) ;
#1621 = ORIENTED_EDGE ( 'NONE', *, *, #752, .F. ) ;
#1622 = CARTESIAN_POINT ( 'NONE',  ( 7.370000000000000107, 4.599999999999999645, -0.1250000000000019984 ) ) ;
#1623 = CARTESIAN_POINT ( 'NONE',  ( -1.330000000000000071, 4.599999999999999645, -4.200000000000000178 ) ) ;
#1624 = DIRECTION ( 'NONE',  ( -4.336808689942035485E-16, 3.521488656232920374E-16, 1.000000000000000000 ) ) ;
#1625 = CARTESIAN_POINT ( 'NONE',  ( 1.979437920653180472, 4.850326012867316017, -0.2802810396734113918 ) ) ;
#1626 = VERTEX_POINT ( 'NONE', #1910 ) ;
#1627 = CARTESIAN_POINT ( 'NONE',  ( 7.060983005625049991, 4.850000000000000533, -0.2795084971874740032 ) ) ;
#1628 = DIRECTION ( 'NONE',  ( -0.000000000000000000, 1.214306433183763733E-16, 1.000000000000000000 ) ) ;
#1629 = DIRECTION ( 'NONE',  ( 1.000000000000000000, 1.074737692180375958E-32, 8.850629979473508477E-17 ) ) ;
#1630 = CARTESIAN_POINT ( 'NONE',  ( -1.074827586206895891, 4.848917728547109895, 0.01293103448275939940 ) ) ;
#1631 = CARTESIAN_POINT ( 'NONE',  ( 5.639016994374949299, 4.850000000000000533, -0.2795084971874755020 ) ) ;
#1632 = VERTEX_POINT ( 'NONE', #2907 ) ;
#1633 = CARTESIAN_POINT ( 'NONE',  ( 9.570000000000000284, 14.05000000000000071, -4.700000000000000178 ) ) ;
#1634 = ORIENTED_EDGE ( 'NONE', *, *, #1424, .F. ) ;
#1635 = EDGE_CURVE ( 'NONE', #1887, #271, #2419, .T. ) ;
#1636 = CARTESIAN_POINT ( 'NONE',  ( 1.915120543514875040, 4.850000000000000533, 0.01252458811041960024 ) ) ;
#1637 = VECTOR ( 'NONE', #4, 1000.000000000000000 ) ;
#1638 = CARTESIAN_POINT ( 'NONE',  ( 5.205000000000000071, 4.599999999999999645, -0.1250000000000000000 ) ) ;
#1639 = CARTESIAN_POINT ( 'NONE',  ( -1.830000000000000071, 4.100000000000000533, 1.350000000000000533 ) ) ;
#1640 = VECTOR ( 'NONE', #91, 1000.000000000000000 ) ;
#1641 = CARTESIAN_POINT ( 'NONE',  ( 9.570000000000000284, 4.100000000000000533, -4.750000000000000000 ) ) ;
#1642 = EDGE_CURVE ( 'NONE', #2213, #214, #2212, .T. ) ;
#1643 = B_SPLINE_CURVE_WITH_KNOTS ( 'NONE', 3,
 ( #1636, #900, #2854, #1341 ),
 .UNSPECIFIED., .F., .F.,
 ( 4, 4 ),
 ( 0.7530039267593949814, 0.9221594719903239978 ),
 .UNSPECIFIED. ) ;
#1644 = ORIENTED_EDGE ( 'NONE', *, *, #114, .T. ) ;
#1645 = VECTOR ( 'NONE', #2340, 1000.000000000000000 ) ;
#1646 = AXIS2_PLACEMENT_3D ( 'NONE', #292, #1296, #1060 ) ;
#1647 = CARTESIAN_POINT ( 'NONE',  ( 7.056347750709425881, 4.850978038601947873, -0.2818261246452861135 ) ) ;
#1648 = CARTESIAN_POINT ( 'NONE',  ( 4.830000000000000071, 6.599999999999999645, 0.1250000000000000000 ) ) ;
#1649 = AXIS2_PLACEMENT_3D ( 'NONE', #79, #2771, #1847 ) ;
#1650 = DIRECTION ( 'NONE',  ( -8.261637608313679916E-32, -1.000000000000000000, 3.521488656232920374E-16 ) ) ;
#1651 = CARTESIAN_POINT ( 'NONE',  ( -1.330000000000000071, 13.59999999999999964, -4.200000000000000178 ) ) ;
#1652 = ORIENTED_EDGE ( 'NONE', *, *, #551, .F. ) ;
#1653 = ORIENTED_EDGE ( 'NONE', *, *, #2087, .T. ) ;
#1654 = CARTESIAN_POINT ( 'NONE',  ( 4.632480665091253336, 4.823740568000589590, 0.2237596674543750608 ) ) ;
#1655 = CARTESIAN_POINT ( 'NONE',  ( 2.033909198189594925, 4.850000000000000533, 0.3853608823165545205 ) ) ;
#1656 = EDGE_CURVE ( 'NONE', #593, #1497, #1181, .T. ) ;
#1657 = FACE_OUTER_BOUND ( 'NONE', #356, .T. ) ;
#1658 = CARTESIAN_POINT ( 'NONE',  ( 1.887059498904317234, 4.850978038601947873, -0.1044996210350633836 ) ) ;
#1659 = EDGE_LOOP ( 'NONE', ( #1162, #1919, #624, #156 ) ) ;
#1660 = CARTESIAN_POINT ( 'NONE',  ( 0.2500000000000000000, 4.599999999999999645, 0.1249999999999984041 ) ) ;
#1661 = EDGE_CURVE ( 'NONE', #2495, #657, #475, .T. ) ;
#1662 = B_SPLINE_SURFACE_WITH_KNOTS ( 'NONE', 3, 3, ( 
 ( #661, #2635, #181, #2588 ),
 ( #411, #1408, #1909, #2107 ),
 ( #1864, #2892, #1664, #3120 ),
 ( #1601, #1615, #1630, #1139 ) ),
 .UNSPECIFIED., .F., .F., .F.,
 ( 4, 4 ),
 ( 4, 4 ),
 ( 0.000000000000000000, 1.000000000000000000 ),
 ( 0.000000000000000000, 1.000000000000000000 ),
 .UNSPECIFIED. ) ;
#1663 = CARTESIAN_POINT ( 'NONE',  ( 0.5404394005606683038, 4.839416925030162631, 0.1733637907926139088 ) ) ;
#1664 = CARTESIAN_POINT ( 'NONE',  ( -1.015058351839940087, 4.848917728547109895, -1.159860653620351956 ) ) ;
#1665 = CARTESIAN_POINT ( 'NONE',  ( -1.330000000000000071, 4.100000000000000533, 1.350000000000000533 ) ) ;
#1666 = VERTEX_POINT ( 'NONE', #2663 ) ;
#1667 = DIRECTION ( 'NONE',  ( 0.000000000000000000, -1.000000000000000000, 0.000000000000000000 ) ) ;
#1668 = ORIENTED_EDGE ( 'NONE', *, *, #1403, .T. ) ;
#1669 = B_SPLINE_CURVE_WITH_KNOTS ( 'NONE', 3,
 ( #1435, #677, #1663, #2417, #893, #1875, #2859 ),
 .UNSPECIFIED., .F., .F.,
 ( 4, 3, 4 ),
 ( 1.368201284053078337E-18, 0.0001505396318417832565, 0.0001885063254256002727 ),
 .UNSPECIFIED. ) ;
#1670 = CARTESIAN_POINT ( 'NONE',  ( 5.330000000000000071, 6.599999999999999645, 0.1250000000000011935 ) ) ;
#1671 = CARTESIAN_POINT ( 'NONE',  ( 2.540000000000000036, 4.848840699943259835, 0.1249999999999914096 ) ) ;
#1672 = CARTESIAN_POINT ( 'NONE',  ( 7.718719278646686277, 4.850034830679581965, 0.1914853973827000122 ) ) ;
#1673 = EDGE_LOOP ( 'NONE', ( #1540, #765, #1705, #782 ) ) ;
#1674 = ORIENTED_EDGE ( 'NONE', *, *, #2405, .F. ) ;
#1675 = ADVANCED_FACE ( 'NONE', ( #442 ), #663, .F. ) ;
#1676 = SURFACE_STYLE_USAGE ( .BOTH. , #2177 ) ;
#1677 = EDGE_CURVE ( 'NONE', #2269, #1281, #398, .T. ) ;
#1678 = CARTESIAN_POINT ( 'NONE',  ( 0.2500000000000000000, 6.599999999999999645, 0.1249999999999980016 ) ) ;
#1679 = LINE ( 'NONE', #943, #3043 ) ;
#1680 = ORIENTED_EDGE ( 'NONE', *, *, #953, .T. ) ;
#1681 = FACE_OUTER_BOUND ( 'NONE', #1082, .T. ) ;
#1682 = ORIENTED_EDGE ( 'NONE', *, *, #1877, .F. ) ;
#1683 = CARTESIAN_POINT ( 'NONE',  ( -0.2500000000000000000, 4.784797426536750997, -0.1250000000000019984 ) ) ;
#1684 = CARTESIAN_POINT ( 'NONE',  ( 5.427297619221399749, 4.850000000000000533, -0.5581066337228151042 ) ) ;
#1685 = CARTESIAN_POINT ( 'NONE',  ( 4.934824692556186498, 4.816965754572203551, 0.2917474860127015623 ) ) ;
#1686 = ORIENTED_EDGE ( 'NONE', *, *, #513, .F. ) ;
#1687 = CARTESIAN_POINT ( 'NONE',  ( -0.5060908018104069983, 4.850000000000000533, 0.3853608823165545205 ) ) ;
#1688 = VECTOR ( 'NONE', #2258, 1000.000000000000000 ) ;
#1689 = CARTESIAN_POINT ( 'NONE',  ( 7.370000000000000107, 4.784797426536750997, 0.1250000000000000000 ) ) ;
#1690 = CARTESIAN_POINT ( 'NONE',  ( 7.422703058510548679, 4.833951326172802432, 0.3694301946008178850 ) ) ;
#1691 = VECTOR ( 'NONE', #1534, 1000.000000000000000 ) ;
#1692 = AXIS2_PLACEMENT_3D ( 'NONE', #562, #322, #2725 ) ;
#1693 = CARTESIAN_POINT ( 'NONE',  ( 3.099016994374944822, 4.850000000000000533, -0.2795084971874755020 ) ) ;
#1694 = AXIS2_PLACEMENT_3D ( 'NONE', #1703, #698, #1190 ) ;
#1695 = DIRECTION ( 'NONE',  ( 0.000000000000000000, -1.214306433183763733E-16, -1.000000000000000000 ) ) ;
#1696 = ORIENTED_EDGE ( 'NONE', *, *, #1463, .F. ) ;
#1697 = STYLED_ITEM ( 'NONE', ( #1323 ), #3019 ) ;
#1698 = CARTESIAN_POINT ( 'NONE',  ( 0.2500000000000000000, 4.599999999999999645, 0.1249999999999984041 ) ) ;
#1699 = EDGE_CURVE ( 'NONE', #1951, #2706, #679, .T. ) ;
#1700 = EDGE_LOOP ( 'NONE', ( #2145, #695, #522, #3113 ) ) ;
#1701 = CARTESIAN_POINT ( 'NONE',  ( 4.520983005625049955, 4.850000000000000533, -0.2795084971874745028 ) ) ;
#1702 = CARTESIAN_POINT ( 'NONE',  ( 9.070000000000000284, 4.599999999999999645, -4.200000000000000178 ) ) ;
#1703 = CARTESIAN_POINT ( 'NONE',  ( 9.570000000000000284, 14.05000000000000071, -4.700000000000000178 ) ) ;
#1704 = VERTEX_POINT ( 'NONE', #1665 ) ;
#1705 = ORIENTED_EDGE ( 'NONE', *, *, #1248, .T. ) ;
#1706 = DIRECTION ( 'NONE',  ( -1.000000000000000000, 8.499851737735099270E-32, 0.000000000000000000 ) ) ;
#1707 = CARTESIAN_POINT ( 'NONE',  ( 4.830000000000000071, 6.599999999999999645, 0.1250000000000000000 ) ) ;
#1708 = CARTESIAN_POINT ( 'NONE',  ( 4.675491502812529454, 4.817398713268380206, -0.2022542485937385004 ) ) ;
#1709 = CARTESIAN_POINT ( 'NONE',  ( -1.830000000000000071, 14.09999999999999964, -4.700000000000000178 ) ) ;
#1710 = EDGE_LOOP ( 'NONE', ( #633, #2379, #1492, #890 ) ) ;
#1711 = CARTESIAN_POINT ( 'NONE',  ( 8.573126498914513505, 4.851405245169047475, -0.5611536085176054289 ) ) ;
#1712 = DIRECTION ( 'NONE',  ( 0.000000000000000000, 1.000000000000000000, -1.214306433183763733E-16 ) ) ;
#1713 = CARTESIAN_POINT ( 'NONE',  ( 8.198561635395524405, 4.843780917007372899, 0.1288584498064790917 ) ) ;
#1714 = ORIENTED_EDGE ( 'NONE', *, *, #2830, .T. ) ;
#1715 = PLANE ( 'NONE',  #1749 ) ;
#1716 = EDGE_CURVE ( 'NONE', #171, #1486, #39, .T. ) ;
#1717 = CARTESIAN_POINT ( 'NONE',  ( 3.099016994374950151, 4.850000000000000533, 0.2795084971874720048 ) ) ;
#1718 = LINE ( 'NONE', #488, #1802 ) ;
#1719 = DIRECTION ( 'NONE',  ( 0.000000000000000000, -1.214306433183763733E-16, -1.000000000000000000 ) ) ;
#1720 = VERTEX_POINT ( 'NONE', #895 ) ;
#1721 = CARTESIAN_POINT ( 'NONE',  ( 0.3572120675718705174, 4.824772590979070408, 0.2551804411582755394 ) ) ;
#1722 = CARTESIAN_POINT ( 'NONE',  ( 0.5060908018104049999, 4.850000000000000533, -0.3853608823165560193 ) ) ;
#1723 = CARTESIAN_POINT ( 'NONE',  ( 9.070000000000000284, 4.100000000000000533, -4.750000000000000000 ) ) ;
#1724 = LINE ( 'NONE', #2243, #140 ) ;
#1725 = CARTESIAN_POINT ( 'NONE',  ( 7.080110183329145990, 4.849999999999976552, -3.611999202836323697 ) ) ;
#1726 = UNCERTAINTY_MEASURE_WITH_UNIT (LENGTH_MEASURE( 1.000000000000000082E-05 ), #64, 'distance_accuracy_value', 'NONE');
#1727 = ORIENTED_EDGE ( 'NONE', *, *, #125, .T. ) ;
#1728 = CARTESIAN_POINT ( 'NONE',  ( 9.070000000000000284, 4.599999999999999645, -4.200000000000000178 ) ) ;
#1729 = CARTESIAN_POINT ( 'NONE',  ( 5.484508497187469800, 4.817398713268380206, 0.2022542485937355028 ) ) ;
#1730 = LINE ( 'NONE', #785, #2011 ) ;
#1731 = ORIENTED_EDGE ( 'NONE', *, *, #668, .F. ) ;
#1732 = CARTESIAN_POINT ( 'NONE',  ( 5.080000000000000071, 4.848840699943259835, 0.1249999999999914096 ) ) ;
#1733 = CARTESIAN_POINT ( 'NONE',  ( -1.879999999999999893, 4.100000000000000533, -4.700000000000000178 ) ) ;
#1734 = ADVANCED_FACE ( 'NONE', ( #1878 ), #2861, .T. ) ;
#1735 = CARTESIAN_POINT ( 'NONE',  ( 4.701047224178288353, 4.819284405274109062, 0.2628670459520849323 ) ) ;
#1736 = ORIENTED_EDGE ( 'NONE', *, *, #1578, .F. ) ;
#1737 = CARTESIAN_POINT ( 'NONE',  ( 7.620000000000000107, 4.850000000000000533, -0.6584466831385940022 ) ) ;
#1738 = CARTESIAN_POINT ( 'NONE',  ( 7.870000000000000107, 6.599999999999999645, -0.1249999999999972106 ) ) ;
#1739 = ADVANCED_FACE ( 'NONE', ( #1211 ), #1484, .T. ) ;
#1740 = CARTESIAN_POINT ( 'NONE',  ( -1.330000000000000071, 4.599999999999999645, 0.6999999999999999556 ) ) ;
#1741 = PRESENTATION_LAYER_ASSIGNMENT (  '', '', ( #135 ) ) ;
#1742 = DIRECTION ( 'NONE',  ( 5.421010862427549780E-16, -3.521488656232915443E-16, -1.000000000000000000 ) ) ;
#1743 = CARTESIAN_POINT ( 'NONE',  ( 3.190955572518856975, 4.850652025734631501, 0.1041900990923601278 ) ) ;
#1744 = CARTESIAN_POINT ( 'NONE',  ( -0.7790717028531961574, 4.849999999999996980, -3.226952357586649001 ) ) ;
#1745 = VECTOR ( 'NONE', #1359, 1000.000000000000000 ) ;
#1746 = EDGE_LOOP ( 'NONE', ( #1849, #300, #2624, #2858, #803 ) ) ;
#1747 = CARTESIAN_POINT ( 'NONE',  ( 8.456692301379774790, 4.850681511873386142, -1.741215836122889993 ) ) ;
#1748 = AXIS2_PLACEMENT_3D ( 'NONE', #218, #2202, #2966 ) ;
#1749 = AXIS2_PLACEMENT_3D ( 'NONE', #1670, #1445, #2156 ) ;
#1750 = LINE ( 'NONE', #1490, #1239 ) ;
#1751 = DIRECTION ( 'NONE',  ( -1.000000000000000000, 0.000000000000000000, 1.138412281109783600E-15 ) ) ;
#1752 = ORIENTED_EDGE ( 'NONE', *, *, #1013, .T. ) ;
#1753 = COLOUR_RGB ( '',0.8980392156862745390, 0.8980392156862745390, 0.8980392156862745390 ) ;
#1754 = CARTESIAN_POINT ( 'NONE',  ( 8.559655172413791036, 4.850000000000000533, -0.6741379310344914888 ) ) ;
#1755 = B_SPLINE_CURVE_WITH_KNOTS ( 'NONE', 3,
 ( #365, #1304, #2791, #1154 ),
 .UNSPECIFIED., .F., .F.,
 ( 4, 4 ),
 ( 8.131516293641283255E-19, 8.544331710799572040E-05 ),
 .UNSPECIFIED. ) ;
#1756 = CARTESIAN_POINT ( 'NONE',  ( 0.2500000000000000000, 4.784797426536750997, -0.1250000000000019984 ) ) ;
#1757 = CARTESIAN_POINT ( 'NONE',  ( 9.570000000000000284, 4.100000000000000533, -4.700000000000000178 ) ) ;
#1758 = CARTESIAN_POINT ( 'NONE',  ( 7.370000000000000107, 4.784797426536750997, 0.1250000000000000000 ) ) ;
#1759 = EDGE_LOOP ( 'NONE', ( #2978, #1275, #2451, #1776 ) ) ;
#1760 = CARTESIAN_POINT ( 'NONE',  ( 9.619999999999999218, 14.09999999999999964, 1.199999999999999956 ) ) ;
#1761 = ADVANCED_FACE ( 'NONE', ( #2681 ), #1264, .T. ) ;
#1762 = CARTESIAN_POINT ( 'NONE',  ( 8.579486299740885613, 4.849999999999997868, -2.944022535956118958 ) ) ;
#1763 = DIRECTION ( 'NONE',  ( -8.499851737735099270E-32, -1.000000000000000000, 3.521488656232915443E-16 ) ) ;
#1764 = EDGE_CURVE ( 'NONE', #1604, #1242, #1945, .T. ) ;
#1765 = CARTESIAN_POINT ( 'NONE',  ( -0.09479625390685110509, 4.850000000000000533, -3.707913294817634764 ) ) ;
#1766 = CARTESIAN_POINT ( 'NONE',  ( -1.879999999999999893, 13.59999999999999964, -4.750000000000000000 ) ) ;
#1767 = CARTESIAN_POINT ( 'NONE',  ( 4.675491502812529454, 4.817398713268380206, 0.2022542485937365020 ) ) ;
#1768 = ORIENTED_EDGE ( 'NONE', *, *, #1039, .T. ) ;
#1769 = CARTESIAN_POINT ( 'NONE',  ( 8.453656124653933901, 4.851022267810079391, -1.736820704110592528 ) ) ;
#1770 = CARTESIAN_POINT ( 'NONE',  ( 5.330000000000000071, 4.599999999999999645, 0.1249999999999984041 ) ) ;
#1771 = DIRECTION ( 'NONE',  ( 0.000000000000000000, -1.000000000000000000, 1.214306433183763733E-16 ) ) ;
#1772 = ORIENTED_EDGE ( 'NONE', *, *, #1314, .T. ) ;
#1773 = CARTESIAN_POINT ( 'NONE',  ( 9.070000000000000284, 4.599999999999999645, 0.6999999999999999556 ) ) ;
#1774 = CARTESIAN_POINT ( 'NONE',  ( 7.870000000000000107, 6.599999999999999645, 0.1250000000000029976 ) ) ;
#1775 = CARTESIAN_POINT ( 'NONE',  ( 7.718719278646664961, 4.850034830679581965, 0.1914853973826980138 ) ) ;
#1776 = ORIENTED_EDGE ( 'NONE', *, *, #77, .F. ) ;
#1777 = CARTESIAN_POINT ( 'NONE',  ( -1.830000000000000071, 4.100000000000000533, 1.250000000000000000 ) ) ;
#1778 = CARTESIAN_POINT ( 'NONE',  ( 8.518990092530383862, 4.849999999999999645, -3.227428191593268103 ) ) ;
#1779 = CARTESIAN_POINT ( 'NONE',  ( 8.328420303774141331, 4.599999999999999645, 0.6999999999999999556 ) ) ;
#1780 = DIRECTION ( 'NONE',  ( -1.000000000000000000, 0.000000000000000000, 0.000000000000000000 ) ) ;
#1781 = CARTESIAN_POINT ( 'NONE',  ( -1.879999999999999893, 4.100000000000000533, 1.199999999999999956 ) ) ;
#1782 = EDGE_CURVE ( 'NONE', #2072, #946, #534, .T. ) ;
#1783 = ORIENTED_EDGE ( 'NONE', *, *, #2021, .T. ) ;
#1784 = CARTESIAN_POINT ( 'NONE',  ( 9.619999999999999218, 14.05000000000000071, -4.750000000000000000 ) ) ;
#1785 =( NAMED_UNIT ( * ) PLANE_ANGLE_UNIT ( ) SI_UNIT ( $, .RADIAN. ) );
#1786 = CARTESIAN_POINT ( 'NONE',  ( 9.070000000000000284, 6.599999999999999645, -4.200000000000000178 ) ) ;
#1787 = EDGE_CURVE ( 'NONE', #1242, #1335, #6, .T. ) ;
#1788 = VERTEX_POINT ( 'NONE', #1709 ) ;
#1789 = DIRECTION ( 'NONE',  ( 1.000000000000000000, 0.000000000000000000, 0.000000000000000000 ) ) ;
#1790 = CARTESIAN_POINT ( 'NONE',  ( 3.046090801810409587, 4.850000000000000533, 0.3853608823165530217 ) ) ;
#1791 = CARTESIAN_POINT ( 'NONE',  ( 7.711996488988190457, 4.850069661359164286, 0.1889554739865920430 ) ) ;
#1792 = ORIENTED_EDGE ( 'NONE', *, *, #1561, .T. ) ;
#1793 = CYLINDRICAL_SURFACE ( 'NONE', #1692, 0.04999999999999991257 ) ;
#1794 = LINE ( 'NONE', #2780, #1688 ) ;
#1795 = CARTESIAN_POINT ( 'NONE',  ( -0.8249907538742601298, 4.851099780742667456, -0.3468978473387374084 ) ) ;
#1796 = CARTESIAN_POINT ( 'NONE',  ( 2.790000000000000036, 4.784797426536750997, 0.04166666666666555413 ) ) ;
#1797 = CARTESIAN_POINT ( 'NONE',  ( 9.070000000000000284, 4.599999999999999645, 0.6999999999999999556 ) ) ;
#1798 = ORIENTED_EDGE ( 'NONE', *, *, #2064, .F. ) ;
#1799 = ADVANCED_FACE ( 'NONE', ( #479 ), #178, .T. ) ;
#1800 = CARTESIAN_POINT ( 'NONE',  ( 1.913130798206184924, 4.850000000000000533, -0.08740504450526451197 ) ) ;
#1801 = SURFACE_STYLE_FILL_AREA ( #94 ) ;
#1802 = VECTOR ( 'NONE', #1476, 1000.000000000000000 ) ;
#1803 = DIRECTION ( 'NONE',  ( -4.336808689942035485E-16, 3.521488656232920374E-16, 1.000000000000000000 ) ) ;
#1804 = EDGE_LOOP ( 'NONE', ( #3191, #1939, #913, #1768 ) ) ;
#1805 = CARTESIAN_POINT ( 'NONE',  ( 9.619999999999999218, 14.05000000000000071, -4.700000000000000178 ) ) ;
#1806 = AXIS2_PLACEMENT_3D ( 'NONE', #646, #2619, #1393 ) ;
#1807 = VECTOR ( 'NONE', #651, 1000.000000000000000 ) ;
#1808 = EDGE_CURVE ( 'NONE', #962, #99, #1832, .T. ) ;
#1809 =( NAMED_UNIT ( * ) PLANE_ANGLE_UNIT ( ) SI_UNIT ( $, .RADIAN. ) );
#1810 = AXIS2_PLACEMENT_3D ( 'NONE', #718, #2929, #434 ) ;
#1811 = CARTESIAN_POINT ( 'NONE',  ( 9.070000000000000284, 4.843033864083570172, 0.6999999999999999556 ) ) ;
#1812 = ORIENTED_EDGE ( 'NONE', *, *, #2664, .T. ) ;
#1813 = CARTESIAN_POINT ( 'NONE',  ( 8.024508497187468947, 4.817398713268380206, -0.2022542485937385004 ) ) ;
#1814 = VECTOR ( 'NONE', #2063, 1000.000000000000000 ) ;
#1815 = LINE ( 'NONE', #2814, #658 ) ;
#1816 = CARTESIAN_POINT ( 'NONE',  ( 4.572283165377140079, 4.775550741339019467, 0.6999999999999999556 ) ) ;
#1817 = CARTESIAN_POINT ( 'NONE',  ( 7.370000000000000107, -4.401860820291045080E-17, -0.1249999999999951983 ) ) ;
#1818 = CARTESIAN_POINT ( 'NONE',  ( 8.254489021177260355, 4.850000000000000533, -0.04814240565968949670 ) ) ;
#1819 = VERTEX_POINT ( 'NONE', #1600 ) ;
#1820 = CARTESIAN_POINT ( 'NONE',  ( 9.570000000000000284, 14.05000000000000071, 1.350000000000000533 ) ) ;
#1821 = CARTESIAN_POINT ( 'NONE',  ( 8.578046038529262063, 4.849999999999987210, -0.5645590204300813264 ) ) ;
#1822 = VERTEX_POINT ( 'NONE', #3062 ) ;
#1823 = EDGE_CURVE ( 'NONE', #2542, #1529, #2587, .T. ) ;
#1824 = CARTESIAN_POINT ( 'NONE',  ( 3.046090801810405146, 4.850000000000000533, -0.3853608823165560193 ) ) ;
#1825 = ORIENTED_EDGE ( 'NONE', *, *, #1061, .F. ) ;
#1826 = ADVANCED_FACE ( 'NONE', ( #104 ), #1123, .F. ) ;
#1827 = CARTESIAN_POINT ( 'NONE',  ( 7.370000000000000107, 6.599999999999999645, -0.1249999999999975853 ) ) ;
#1828 = CARTESIAN_POINT ( 'NONE',  ( 8.156022323079488601, 4.599999999999999645, -4.200000000000000178 ) ) ;
#1829 = CARTESIAN_POINT ( 'NONE',  ( 4.456520793749409570, 4.850000000000000533, -0.04375893483960899971 ) ) ;
#1830 = CARTESIAN_POINT ( 'NONE',  ( 1.941521193639810461, 4.851611780254275530, -0.02041362852531754951 ) ) ;
#1831 = CARTESIAN_POINT ( 'NONE',  ( 3.109100462887445460, 4.839442765587271822, 0.05139506695747773912 ) ) ;
#1832 = LINE ( 'NONE', #3089, #2263 ) ;
#1833 = CARTESIAN_POINT ( 'NONE',  ( 0.3858521443115204286, 4.819753334306989601, 0.2605013292525814039 ) ) ;
#1834 = PRODUCT_CONTEXT ( 'NONE', #2878, 'mechanical' ) ;
#1835 = CARTESIAN_POINT ( 'NONE',  ( -0.2500000000000000000, 4.784797426536750997, 0.1250000000000000000 ) ) ;
#1836 = ORIENTED_EDGE ( 'NONE', *, *, #531, .F. ) ;
#1837 = CARTESIAN_POINT ( 'NONE',  ( 9.570000000000000284, 14.05000000000000071, -4.700000000000000178 ) ) ;
#1838 = CARTESIAN_POINT ( 'NONE',  ( 0.1250000000000026090, 4.829040692800909085, -0.1250000000000000000 ) ) ;
#1839 = ORIENTED_EDGE ( 'NONE', *, *, #510, .F. ) ;
#1840 = CARTESIAN_POINT ( 'NONE',  ( 0.2500000000000000000, 4.401860820291154781E-17, 0.1250000000000000000 ) ) ;
#1841 = CARTESIAN_POINT ( 'NONE',  ( 5.862746795379729647, 4.599999999999999645, -4.200000000000000178 ) ) ;
#1842 = DIRECTION ( 'NONE',  ( 0.000000000000000000, 0.000000000000000000, 1.000000000000000000 ) ) ;
#1843 = CARTESIAN_POINT ( 'NONE',  ( -0.6351264997557259928, 4.787618418074429449, 0.3452720051470970497 ) ) ;
#1844 = EDGE_CURVE ( 'NONE', #1558, #1444, #2767, .T. ) ;
#1845 = CARTESIAN_POINT ( 'NONE',  ( 0.6529405010956830235, 4.850978038601947873, 0.1044996210350615795 ) ) ;
#1846 = CARTESIAN_POINT ( 'NONE',  ( 7.027024353178392246, 4.847901269041122063, 0.1662765726669026833 ) ) ;
#1847 = DIRECTION ( 'NONE',  ( 1.000000000000000000, 0.000000000000000000, 0.000000000000000000 ) ) ;
#1848 = LINE ( 'NONE', #621, #1037 ) ;
#1849 = ORIENTED_EDGE ( 'NONE', *, *, #2119, .F. ) ;
#1850 = FACE_OUTER_BOUND ( 'NONE', #201, .T. ) ;
#1851 = VECTOR ( 'NONE', #2027, 1000.000000000000000 ) ;
#1852 = SURFACE_STYLE_USAGE ( .BOTH. , #3081 ) ;
#1853 = ORIENTED_EDGE ( 'NONE', *, *, #1039, .F. ) ;
#1854 = VECTOR ( 'NONE', #1110, 1000.000000000000000 ) ;
#1855 = CARTESIAN_POINT ( 'NONE',  ( -1.330000000000000071, 13.59999999999999964, -4.200000000000000178 ) ) ;
#1856 = CARTESIAN_POINT ( 'NONE',  ( 8.110896446728318665, 4.772655931706819565, -3.943643693293630292 ) ) ;
#1857 = VECTOR ( 'NONE', #2710, 1000.000000000000000 ) ;
#1858 = LINE ( 'NONE', #1384, #2573 ) ;
#1859 = CARTESIAN_POINT ( 'NONE',  ( 2.290000000000000036, 4.784797426536750997, 0.04166666666666555413 ) ) ;
#1860 = EDGE_CURVE ( 'NONE', #590, #2608, #862, .T. ) ;
#1861 = AXIS2_PLACEMENT_3D ( 'NONE', #447, #1443, #2153 ) ;
#1862 = FILL_AREA_STYLE_COLOUR ( '', #293 ) ;
#1863 = ADVANCED_FACE ( 'NONE', ( #61 ), #362, .F. ) ;
#1864 = CARTESIAN_POINT ( 'NONE',  ( -1.330000000000000071, 4.599999999999999645, -0.9333333333333330151 ) ) ;
#1865 = CARTESIAN_POINT ( 'NONE',  ( -0.5605620793468217844, 4.850326012867316017, 0.2802810396734118359 ) ) ;
#1866 = EDGE_LOOP ( 'NONE', ( #2413, #29, #2743, #2942 ) ) ;
#1867 = CARTESIAN_POINT ( 'NONE',  ( 2.776148809610704760, 4.839520346400449924, -0.3415533168614075521 ) ) ;
#1868 = CARTESIAN_POINT ( 'NONE',  ( -0.3572120675718705174, 4.824772590979070408, -0.2551804411582789811 ) ) ;
#1869 = EDGE_LOOP ( 'NONE', ( #3167, #1462, #3095, #1321 ) ) ;
#1870 = DIRECTION ( 'NONE',  ( 4.336808689942035485E-16, -3.521488656232920374E-16, -1.000000000000000000 ) ) ;
#1871 = CARTESIAN_POINT ( 'NONE',  ( 7.943194034949549120, 4.695335231132910181, -4.200000000000000178 ) ) ;
#1872 = DIRECTION ( 'NONE',  ( 0.000000000000000000, 1.000000000000000000, 0.000000000000000000 ) ) ;
#1873 = CARTESIAN_POINT ( 'NONE',  ( 2.091507142317395207, 4.817398713268380206, -0.07261886093681309273 ) ) ;
#1874 = ORIENTED_EDGE ( 'NONE', *, *, #464, .F. ) ;
#1875 = CARTESIAN_POINT ( 'NONE',  ( 0.6023665152514900978, 4.848482911588503974, 0.1311523863346233665 ) ) ;
#1876 = LINE ( 'NONE', #2389, #1645 ) ;
#1877 = EDGE_CURVE ( 'NONE', #66, #1882, #2296, .T. ) ;
#1878 = FACE_OUTER_BOUND ( 'NONE', #1427, .T. ) ;
#1879 = ORIENTED_EDGE ( 'NONE', *, *, #1248, .F. ) ;
#1880 = CARTESIAN_POINT ( 'NONE',  ( 8.180562079346824333, 4.850326012867316017, -0.2802810396734128906 ) ) ;
#1881 = EDGE_CURVE ( 'NONE', #99, #1249, #2339, .T. ) ;
#1882 = VERTEX_POINT ( 'NONE', #1797 ) ;
#1883 = CARTESIAN_POINT ( 'NONE',  ( 7.215491502812529490, 4.817398713268380206, -0.2022542485937385004 ) ) ;
#1884 = CARTESIAN_POINT ( 'NONE',  ( 3.599496436428291979, 4.849999999999998757, -0.05190670981886716384 ) ) ;
#1885 = DIRECTION ( 'NONE',  ( 7.542275982507859612E-17, -1.214306433183763733E-16, -1.000000000000000000 ) ) ;
#1886 = CARTESIAN_POINT ( 'NONE',  ( 1.889044427481143318, 4.850652025734631501, -0.1041900990923619180 ) ) ;
#1887 = VERTEX_POINT ( 'NONE', #3076 ) ;
#1888 = CARTESIAN_POINT ( 'NONE',  ( 7.171507142317399719, 4.817398713268380206, -0.07261886093681309273 ) ) ;
#1889 = PLANE ( 'NONE',  #42 ) ;
#1890 = PLANE ( 'NONE',  #2789 ) ;
#1891 = CARTESIAN_POINT ( 'NONE',  ( -1.330000000000000071, 4.847835457094220146, 0.6999999999999999556 ) ) ;
#1892 = EDGE_LOOP ( 'NONE', ( #484, #176, #2535, #1054, #1182 ) ) ;
#1893 = EDGE_CURVE ( 'NONE', #1704, #2199, #848, .T. ) ;
#1894 = CARTESIAN_POINT ( 'NONE',  ( 8.266985715365210652, 4.850000000000000533, 0.1035710552069571966 ) ) ;
#1895 = ORIENTED_EDGE ( 'NONE', *, *, #1245, .T. ) ;
#1896 = CARTESIAN_POINT ( 'NONE',  ( 1.980983005625055027, 4.850000000000000533, -0.2795084971874745028 ) ) ;
#1897 = EDGE_CURVE ( 'NONE', #1704, #3111, #2309, .T. ) ;
#1898 =( GEOMETRIC_REPRESENTATION_CONTEXT ( 3 ) GLOBAL_UNCERTAINTY_ASSIGNED_CONTEXT ( ( #2435 ) ) GLOBAL_UNIT_ASSIGNED_CONTEXT ( ( #2464, #2005, #2191 ) ) REPRESENTATION_CONTEXT ( 'NONE', 'WORKASPACE' ) );
#1899 = CARTESIAN_POINT ( 'NONE',  ( 2.331666666666665222, 4.799545181958140283, 0.1250000000000000000 ) ) ;
#1900 = B_SPLINE_CURVE_WITH_KNOTS ( 'NONE', 3,
 ( #2735, #2923, #63, #2048 ),
 .UNSPECIFIED., .F., .F.,
 ( 4, 4 ),
 ( 0.09374811589471210294, 0.2625094047203799796 ),
 .UNSPECIFIED. ) ;
#1901 = PLANE ( 'NONE',  #2360 ) ;
#1902 = VECTOR ( 'NONE', #2268, 1000.000000000000000 ) ;
#1903 = DIRECTION ( 'NONE',  ( 0.000000000000000000, -1.214306433183763733E-16, -1.000000000000000000 ) ) ;
#1904 = ORIENTED_EDGE ( 'NONE', *, *, #2233, .F. ) ;
#1905 = EDGE_LOOP ( 'NONE', ( #1394, #3013, #1355, #148 ) ) ;
#1906 = CIRCLE ( 'NONE', #1292, 0.04999999999999969746 ) ;
#1907 = DIRECTION ( 'NONE',  ( 0.000000000000000000, 1.214306433183763733E-16, 1.000000000000000000 ) ) ;
#1908 =( GEOMETRIC_REPRESENTATION_CONTEXT ( 3 ) GLOBAL_UNCERTAINTY_ASSIGNED_CONTEXT ( ( #226 ) ) GLOBAL_UNIT_ASSIGNED_CONTEXT ( ( #415, #1412, #2361 ) ) REPRESENTATION_CONTEXT ( 'NONE', 'WORKASPACE' ) );
#1909 = CARTESIAN_POINT ( 'NONE',  ( -1.015058351839940087, 4.848917728547109895, -2.340139346379650043 ) ) ;
#1910 = CARTESIAN_POINT ( 'NONE',  ( -1.830000000000000071, 14.05000000000000071, -4.750000000000000000 ) ) ;
#1911 = ORIENTED_EDGE ( 'NONE', *, *, #998, .F. ) ;
#1912 = DIRECTION ( 'NONE',  ( 0.000000000000000000, -1.000000000000000000, 1.214306433183763733E-16 ) ) ;
#1913 = EDGE_CURVE ( 'NONE', #1666, #2213, #2059, .T. ) ;
#1914 = EDGE_LOOP ( 'NONE', ( #2111, #2230, #586, #1253, #1128 ) ) ;
#1915 = CARTESIAN_POINT ( 'NONE',  ( 4.830000000000000071, -4.401860820291080209E-17, -0.1249999999999969885 ) ) ;
#1916 = CARTESIAN_POINT ( 'NONE',  ( 2.303851190389300196, 4.839520346400449924, 0.3415533168614145465 ) ) ;
#1917 = ADVANCED_FACE ( 'NONE', ( #2803 ), #203, .T. ) ;
#1918 = CARTESIAN_POINT ( 'NONE',  ( 8.559655172413799917, 4.850000000000000533, -2.825862068965524720 ) ) ;
#1919 = ORIENTED_EDGE ( 'NONE', *, *, #2489, .T. ) ;
#1920 = CARTESIAN_POINT ( 'NONE',  ( 0.5590169943749480064, 4.850000000000000533, 0.2795084971874720048 ) ) ;
#1921 = B_SPLINE_SURFACE_WITH_KNOTS ( 'NONE', 3, 3, ( 
 ( #2381, #158, #2142, #3128 ),
 ( #916, #1899, #1429, #1655 ),
 ( #418, #933, #1916, #2898 ),
 ( #684, #1671, #2655, #190 ),
 ( #2272, #2758, #52, #1969 ),
 ( #216, #1020, #2000, #1790 ),
 ( #3003, #1290, #32, #1717 ) ),
 .UNSPECIFIED., .F., .F., .F.,
 ( 4, 1, 1, 1, 4 ),
 ( 4, 4 ),
 ( 0.000000000000000000, 0.2500000000000000000, 0.5000000000000000000, 0.7500000000000000000, 1.000000000000000000 ),
 ( 0.000000000000000000, 1.000000000000000000 ),
 .UNSPECIFIED. ) ;
#1922 = CARTESIAN_POINT ( 'NONE',  ( 7.370000000000000107, 4.784797426536750997, 0.04166666666666555413 ) ) ;
#1923 = CARTESIAN_POINT ( 'NONE',  ( 0.6489706439420299677, 4.850326012867316017, -0.1038805771496630476 ) ) ;
#1924 = CARTESIAN_POINT ( 'NONE',  ( -1.879999999999999893, 6.599999999999999645, -4.200000000000000178 ) ) ;
#1925 = DIRECTION ( 'NONE',  ( -8.261637608313679916E-32, -1.000000000000000000, 3.521488656232920374E-16 ) ) ;
#1926 = ORIENTED_EDGE ( 'NONE', *, *, #14, .T. ) ;
#1927 = DIRECTION ( 'NONE',  ( 0.000000000000000000, 0.000000000000000000, 1.000000000000000000 ) ) ;
#1928 = ORIENTED_EDGE ( 'NONE', *, *, #1442, .T. ) ;
#1929 = DIRECTION ( 'NONE',  ( 0.000000000000000000, 1.000000000000000000, -1.214306433183763733E-16 ) ) ;
#1930 = CARTESIAN_POINT ( 'NONE',  ( 5.205000000000000071, 4.829040692800909085, -0.1250000000000000000 ) ) ;
#1931 = CARTESIAN_POINT ( 'NONE',  ( 4.779257432965400731, 4.817564410412858322, 0.2782447504748215561 ) ) ;
#1932 = ORIENTED_EDGE ( 'NONE', *, *, #2957, .T. ) ;
#1933 = VERTEX_POINT ( 'NONE', #2891 ) ;
#1934 = PLANE ( 'NONE',  #2934 ) ;
#1935 = EDGE_CURVE ( 'NONE', #2301, #2651, #1137, .T. ) ;
#1936 = DIRECTION ( 'NONE',  ( -8.850629979473508477E-17, 1.214306433183763733E-16, 1.000000000000000000 ) ) ;
#1937 = B_SPLINE_CURVE_WITH_KNOTS ( 'NONE', 3,
 ( #1918, #889, #2160, #3104 ),
 .UNSPECIFIED., .F., .F.,
 ( 4, 4 ),
 ( 0.000000000000000000, 1.000000000000000000 ),
 .UNSPECIFIED. ) ;
#1938 = DIRECTION ( 'NONE',  ( 0.000000000000000000, -1.000000000000000000, 3.521488656232915443E-16 ) ) ;
#1939 = ORIENTED_EDGE ( 'NONE', *, *, #3199, .T. ) ;
#1940 = CARTESIAN_POINT ( 'NONE',  ( 8.528952364785199691, 4.850000000000000533, -0.8570754931548769662 ) ) ;
#1941 = PRESENTATION_STYLE_ASSIGNMENT (( #649 ) ) ;
#1942 = MANIFOLD_SOLID_BREP ( 'NONE', #2319 ) ;
#1943 = EDGE_LOOP ( 'NONE', ( #2155, #2699, #330, #282 ) ) ;
#1944 = CARTESIAN_POINT ( 'NONE',  ( 4.742036653273169478, 4.792222336498560331, 0.1689816733634169899 ) ) ;
#1945 = B_SPLINE_CURVE_WITH_KNOTS ( 'NONE', 3,
 ( #1453, #2750, #2211, #1503, #797, #1744, #25, #1028, #3012, #44, #2941, #225, #1049, #3198, #281, #994 ),
 .UNSPECIFIED., .F., .F.,
 ( 4, 2, 2, 2, 2, 2, 2, 4 ),
 ( 0.000000000000000000, 0.1249999999999999445, 0.2499999999999998890, 0.3749999999999998335, 0.4999999999999997780, 0.6249999999999997780, 0.7499999999999996669, 1.000000000000000000 ),
 .UNSPECIFIED. ) ;
#1946 = B_SPLINE_SURFACE_WITH_KNOTS ( 'NONE', 3, 3, ( 
 ( #1541, #31, #747, #1509 ),
 ( #2477, #272, #2496, #2036 ),
 ( #1559, #287, #3017, #1072 ),
 ( #3205, #1732, #2775, #2251 ),
 ( #1288, #1055, #819, #1982 ),
 ( #804, #556, #2532, #2719 ),
 ( #255, #304, #2286, #2512 ) ),
 .UNSPECIFIED., .F., .F., .F.,
 ( 4, 1, 1, 1, 4 ),
 ( 4, 4 ),
 ( 0.000000000000000000, 0.2500000000000000000, 0.5000000000000000000, 0.7500000000000000000, 1.000000000000000000 ),
 ( 0.000000000000000000, 1.000000000000000000 ),
 .UNSPECIFIED. ) ;
#1947 = PLANE ( 'NONE',  #1810 ) ;
#1948 = CARTESIAN_POINT ( 'NONE',  ( 2.290000000000000036, 6.599999999999999645, -0.1250000000000000000 ) ) ;
#1949 = ORIENTED_EDGE ( 'NONE', *, *, #673, .F. ) ;
#1950 = VECTOR ( 'NONE', #2082, 1000.000000000000000 ) ;
#1951 = VERTEX_POINT ( 'NONE', #3150 ) ;
#1952 = AXIS2_PLACEMENT_3D ( 'NONE', #1766, #1065, #2540 ) ;
#1953 = CARTESIAN_POINT ( 'NONE',  ( 0.000000000000000000, 0.000000000000000000, 1.350000000000000533 ) ) ;
#1954 = CARTESIAN_POINT ( 'NONE',  ( 7.620000000000000107, 1.097903481437035800E-30, 4.956972332603739683E-15 ) ) ;
#1955 = EDGE_CURVE ( 'NONE', #35, #2444, #1669, .T. ) ;
#1956 = AXIS2_PLACEMENT_3D ( 'NONE', #1597, #1872, #902 ) ;
#1957 = CLOSED_SHELL ( 'NONE', ( #30, #2610, #351, #2247, #1675, #306 ) ) ;
#1958 = CARTESIAN_POINT ( 'NONE',  ( 8.764081220023911101, 4.776662144165760182, -4.200000000000000178 ) ) ;
#1959 = VECTOR ( 'NONE', #2504, 1000.000000000000000 ) ;
#1960 = CARTESIAN_POINT ( 'NONE',  ( 4.631507142317399683, 4.817398713268380206, -0.07261886093681309273 ) ) ;
#1961 = ADVANCED_FACE ( 'NONE', ( #2845 ), #2601, .T. ) ;
#1962 = ORIENTED_EDGE ( 'NONE', *, *, #1764, .T. ) ;
#1963 = CIRCLE ( 'NONE', #1392, 0.04999999999999969746 ) ;
#1964 = CARTESIAN_POINT ( 'NONE',  ( 8.481551010225899745, 4.850509440187929400, -1.214194184561960821 ) ) ;
#1965 = CARTESIAN_POINT ( 'NONE',  ( 5.330000000000000071, 4.784797426536750997, -0.04166666666666814928 ) ) ;
#1966 = CARTESIAN_POINT ( 'NONE',  ( 7.113909198189589667, 4.850000000000000533, -0.3853608823165550201 ) ) ;
#1967 = VERTEX_POINT ( 'NONE', #2374 ) ;
#1968 = CARTESIAN_POINT ( 'NONE',  ( -0.2500000000000000000, 6.599999999999999645, -0.1250000000000026090 ) ) ;
#1969 = CARTESIAN_POINT ( 'NONE',  ( 2.887297619221405043, 4.850000000000000533, 0.5581066337228191010 ) ) ;
#1970 = CARTESIAN_POINT ( 'NONE',  ( 9.070000000000000284, 6.599999999999999645, -4.200000000000000178 ) ) ;
#1971 = FACE_OUTER_BOUND ( 'NONE', #2840, .T. ) ;
#1972 = ORIENTED_EDGE ( 'NONE', *, *, #327, .F. ) ;
#1973 = CARTESIAN_POINT ( 'NONE',  ( 0.2083333333333330095, 4.799545181958140283, 0.1249999999999984041 ) ) ;
#1974 = CARTESIAN_POINT ( 'NONE',  ( 1.915120543514875040, 4.850000000000000533, 0.01252458811041960024 ) ) ;
#1975 = CARTESIAN_POINT ( 'NONE',  ( 7.510305186586490045, 4.835064741568017688, 0.3697481032655496325 ) ) ;
#1976 = CARTESIAN_POINT ( 'NONE',  ( 7.370000000000000107, 6.599999999999999645, 0.1250000000000026090 ) ) ;
#1977 = DIRECTION ( 'NONE',  ( 1.000000000000000000, 0.000000000000000000, 0.000000000000000000 ) ) ;
#1978 = ORIENTED_EDGE ( 'NONE', *, *, #1979, .F. ) ;
#1979 = EDGE_CURVE ( 'NONE', #1216, #1604, #2562, .T. ) ;
#1980 = LINE ( 'NONE', #539, #923 ) ;
#1981 = ORIENTED_EDGE ( 'NONE', *, *, #2889, .F. ) ;
#1982 = CARTESIAN_POINT ( 'NONE',  ( 5.427297619221410407, 4.850000000000000533, 0.5581066337228191010 ) ) ;
#1983 = ADVANCED_FACE ( 'NONE', ( #2872 ), #1151, .F. ) ;
#1984 = CARTESIAN_POINT ( 'NONE',  ( 7.370000000000000107, 4.599999999999999645, 0.1250000000000000000 ) ) ;
#1985 = CARTESIAN_POINT ( 'NONE',  ( -0.2500000000000000000, 4.401860820291149851E-17, 0.1250000000000000000 ) ) ;
#1986 = ORIENTED_EDGE ( 'NONE', *, *, #769, .F. ) ;
#1987 = CARTESIAN_POINT ( 'NONE',  ( 0.1250000000000000000, 4.599999999999999645, 0.1250000000000069944 ) ) ;
#1988 = CARTESIAN_POINT ( 'NONE',  ( 7.215491502812529490, 4.817398713268380206, 0.2022542485937365020 ) ) ;
#1989 = CARTESIAN_POINT ( 'NONE',  ( -1.830000000000000071, 14.09999999999999964, 1.199999999999999956 ) ) ;
#1990 = CARTESIAN_POINT ( 'NONE',  ( 2.790000000000000036, -4.401860820291109792E-17, -0.1249999999999981820 ) ) ;
#1991 = CARTESIAN_POINT ( 'NONE',  ( 3.188970643942031113, 4.850326012867316017, -0.1038805771496630476 ) ) ;
#1992 = CARTESIAN_POINT ( 'NONE',  ( 4.429044427481143131, 4.850652025734631501, -0.1041900990923619180 ) ) ;
#1993 = VERTEX_POINT ( 'NONE', #659 ) ;
#1994 = CARTESIAN_POINT ( 'NONE',  ( 8.528952364785199691, 4.850000000000000533, -2.642924506845129695 ) ) ;
#1995 = LINE ( 'NONE', #106, #1550 ) ;
#1996 = CARTESIAN_POINT ( 'NONE',  ( 5.330000000000000071, 4.599999999999999645, -1.741499739554841497E-15 ) ) ;
#1997 = ORIENTED_EDGE ( 'NONE', *, *, #1578, .T. ) ;
#1998 = EDGE_CURVE ( 'NONE', #1192, #1819, #354, .T. ) ;
#1999 = CARTESIAN_POINT ( 'NONE',  ( 8.634021233782650739, 4.836079750951649991, 0.5359322637041988857 ) ) ;
#2000 = CARTESIAN_POINT ( 'NONE',  ( 2.897212067571869998, 4.824772590979070408, 0.2551804411582755394 ) ) ;
#2001 = CARTESIAN_POINT ( 'NONE',  ( 6.981246049840940771, 4.850000000000000533, -0.02023931632991043256 ) ) ;
#2002 = ORIENTED_EDGE ( 'NONE', *, *, #3106, .F. ) ;
#2003 = ADVANCED_FACE ( 'NONE', ( #376 ), #1889, .F. ) ;
#2004 = FACE_OUTER_BOUND ( 'NONE', #1397, .T. ) ;
#2005 =( NAMED_UNIT ( * ) PLANE_ANGLE_UNIT ( ) SI_UNIT ( $, .RADIAN. ) );
#2006 = DIRECTION ( 'NONE',  ( -4.336808689942035485E-16, 3.521488656232920374E-16, 1.000000000000000000 ) ) ;
#2007 = AXIS2_PLACEMENT_3D ( 'NONE', #1757, #2254, #1040 ) ;
#2008 = CARTESIAN_POINT ( 'NONE',  ( -0.3708964467283155098, 4.772655931706819565, -3.943643693293630292 ) ) ;
#2009 = CARTESIAN_POINT ( 'NONE',  ( 2.331666666666665222, 4.599999999999999645, -0.1250000000000019984 ) ) ;
#2010 = CARTESIAN_POINT ( 'NONE',  ( 4.631507142317399683, 4.817398713268380206, 0.07261886093681228782 ) ) ;
#2011 = VECTOR ( 'NONE', #3184, 1000.000000000000000 ) ;
#2012 = VECTOR ( 'NONE', #234, 1000.000000000000000 ) ;
#2013 = ORIENTED_EDGE ( 'NONE', *, *, #169, .F. ) ;
#2014 = CARTESIAN_POINT ( 'NONE',  ( 8.475694305819468255, 4.850483899055572756, -2.265591883531637762 ) ) ;
#2015 = VECTOR ( 'NONE', #2402, 1000.000000000000000 ) ;
#2016 = CARTESIAN_POINT ( 'NONE',  ( 5.732940501095677099, 4.850978038601947873, 0.1044996210350615795 ) ) ;
#2017 = CARTESIAN_POINT ( 'NONE',  ( 8.126090801810407882, 4.850000000000000533, -0.3853608823165560193 ) ) ;
#2018 = EDGE_LOOP ( 'NONE', ( #909, #2393, #2256, #1997, #2031 ) ) ;
#2019 = CARTESIAN_POINT ( 'NONE',  ( 5.080000000000000071, 4.850000000000000533, -0.6584466831385940022 ) ) ;
#2020 = DIRECTION ( 'NONE',  ( -1.000000000000000000, -1.440818217108969990E-31, -6.505213034913050270E-16 ) ) ;
#2021 = EDGE_CURVE ( 'NONE', #1440, #650, #2692, .T. ) ;
#2022 =( NAMED_UNIT ( * ) PLANE_ANGLE_UNIT ( ) SI_UNIT ( $, .RADIAN. ) );
#2023 = CARTESIAN_POINT ( 'NONE',  ( 8.563771388545466934, 4.850733633952627244, -0.3277188569577790811 ) ) ;
#2024 = ORIENTED_EDGE ( 'NONE', *, *, #149, .T. ) ;
#2025 = FACE_OUTER_BOUND ( 'NONE', #1759, .T. ) ;
#2026 = EDGE_CURVE ( 'NONE', #391, #1720, #1025, .T. ) ;
#2027 = DIRECTION ( 'NONE',  ( -8.261637608313679916E-32, -1.000000000000000000, 3.521488656232920374E-16 ) ) ;
#2028 = CARTESIAN_POINT ( 'NONE',  ( -0.05052063968652320547, 4.694106566194220065, 0.6999999999999999556 ) ) ;
#2029 = CARTESIAN_POINT ( 'NONE',  ( 2.790000000000000036, 4.599999999999999645, 0.1249999999999984041 ) ) ;
#2030 = CARTESIAN_POINT ( 'NONE',  ( 0.01455793171433383999, 4.850000000000000533, -3.694015320776335543 ) ) ;
#2031 = ORIENTED_EDGE ( 'NONE', *, *, #3178, .T. ) ;
#2032 = FACE_OUTER_BOUND ( 'NONE', #2751, .T. ) ;
#2033 = DIRECTION ( 'NONE',  ( -0.000000000000000000, 1.214306433183763733E-16, 1.000000000000000000 ) ) ;
#2034 = DIRECTION ( 'NONE',  ( -1.000000000000000000, -1.440818217108969990E-31, -6.505213034913050270E-16 ) ) ;
#2035 = ORIENTED_EDGE ( 'NONE', *, *, #1061, .T. ) ;
#2036 = CARTESIAN_POINT ( 'NONE',  ( 4.573909198189589631, 4.850000000000000533, 0.3853608823165545205 ) ) ;
#2037 = CARTESIAN_POINT ( 'NONE',  ( 7.370000000000000107, 4.769959039377699384, 0.1250000000000000000 ) ) ;
#2038 =( NAMED_UNIT ( * ) SI_UNIT ( $, .STERADIAN. ) SOLID_ANGLE_UNIT ( ) );
#2039 = CARTESIAN_POINT ( 'NONE',  ( 9.070000000000000284, 4.599999999999999645, -0.9051002116747179915 ) ) ;
#2040 = VERTEX_POINT ( 'NONE', #1989 ) ;
#2041 = LINE ( 'NONE', #1840, #3094 ) ;
#2042 = CARTESIAN_POINT ( 'NONE',  ( 8.401282077853890584, 4.849999999999997868, -3.427923795338416291 ) ) ;
#2043 = CARTESIAN_POINT ( 'NONE',  ( 2.129077759657600044, 4.796273991524139468, 0.3451164391500879947 ) ) ;
#2044 = CARTESIAN_POINT ( 'NONE',  ( 2.290000000000000036, 4.784797426536750997, -0.1250000000000019984 ) ) ;
#2045 = CARTESIAN_POINT ( 'NONE',  ( 0.5636522492905722270, 4.850978038601947873, 0.2818261246452841151 ) ) ;
#2046 = ORIENTED_EDGE ( 'NONE', *, *, #493, .F. ) ;
#2047 = EDGE_CURVE ( 'NONE', #1933, #1887, #223, .T. ) ;
#2048 = CARTESIAN_POINT ( 'NONE',  ( 5.704974561090149443, 4.850000000000000533, 0.005071939410975809942 ) ) ;
#2049 = PLANE ( 'NONE',  #397 ) ;
#2050 = ORIENTED_EDGE ( 'NONE', *, *, #2351, .T. ) ;
#2051 = DIRECTION ( 'NONE',  ( -8.261637608313679916E-32, -1.000000000000000000, 3.521488656232920374E-16 ) ) ;
#2052 = CARTESIAN_POINT ( 'NONE',  ( 9.070000000000000284, 4.818228961995570714, 0.5470352064607640896 ) ) ;
#2053 = ORIENTED_EDGE ( 'NONE', *, *, #1103, .T. ) ;
#2054 = CARTESIAN_POINT ( 'NONE',  ( 7.060983005625049991, 4.850000000000000533, -0.2795084971874745028 ) ) ;
#2055 = CARTESIAN_POINT ( 'NONE',  ( 7.370000000000000107, 6.599999999999999645, 0.1250000000000026090 ) ) ;
#2056 = CARTESIAN_POINT ( 'NONE',  ( -0.3287883910431487200, 4.852336217505397897, 0.1801146653006556186 ) ) ;
#2057 = PRODUCT_RELATED_PRODUCT_CATEGORY ( 'part', '', ( #1196 ) ) ;
#2058 = CARTESIAN_POINT ( 'NONE',  ( 3.102107164318693933, 4.850652025734631501, -0.2810535821593502792 ) ) ;
#2059 = LINE ( 'NONE', #833, #1592 ) ;
#2060 = ORIENTED_EDGE ( 'NONE', *, *, #2366, .T. ) ;
#2061 = VECTOR ( 'NONE', #623, 1000.000000000000000 ) ;
#2062 = CARTESIAN_POINT ( 'NONE',  ( -0.3750387409804885608, 4.818255515742739803, 0.2602267015326150679 ) ) ;
#2063 = DIRECTION ( 'NONE',  ( 0.000000000000000000, 1.000000000000000000, -1.214306433183763733E-16 ) ) ;
#2064 = EDGE_CURVE ( 'NONE', #2674, #2495, #834, .T. ) ;
#2065 = STYLED_ITEM ( 'NONE', ( #2633 ), #1942 ) ;
#2066 = CARTESIAN_POINT ( 'NONE',  ( -0.6529405010956830235, 4.850978038601947873, 0.1044996210350644106 ) ) ;
#2067 = VERTEX_POINT ( 'NONE', #2432 ) ;
#2068 = LINE ( 'NONE', #3080, #2669 ) ;
#2069 = CIRCLE ( 'NONE', #1694, 0.04999999999999969746 ) ;
#2070 = VECTOR ( 'NONE', #3101, 1000.000000000000000 ) ;
#2071 =( NAMED_UNIT ( * ) SI_UNIT ( $, .STERADIAN. ) SOLID_ANGLE_UNIT ( ) );
#2072 = VERTEX_POINT ( 'NONE', #2991 ) ;
#2073 = CARTESIAN_POINT ( 'NONE',  ( 4.632480665091253336, 4.823740568000589590, 0.2237596674543750608 ) ) ;
#2074 = CARTESIAN_POINT ( 'NONE',  ( 8.462389502568550270, 4.599999999999999645, -4.200000000000000178 ) ) ;
#2075 = LINE ( 'NONE', #1298, #1851 ) ;
#2076 = CARTESIAN_POINT ( 'NONE',  ( 0.6603193171324759358, 4.850000000000000533, 0.1119446170311023947 ) ) ;
#2077 = CARTESIAN_POINT ( 'NONE',  ( 3.038623181039889598, 4.829193406494152185, 0.1338029638431215695 ) ) ;
#2078 = CARTESIAN_POINT ( 'NONE',  ( 0.2500000000000000000, 4.784797426536750997, 0.04166666666666555413 ) ) ;
#2079 = CARTESIAN_POINT ( 'NONE',  ( 7.004828643117290810, 4.850000000000000533, 0.1110967185962854070 ) ) ;
#2080 = CARTESIAN_POINT ( 'NONE',  ( 8.284247907237785924, 4.849999999999989875, 0.04130144616306408167 ) ) ;
#2081 = VERTEX_POINT ( 'NONE', #970 ) ;
#2082 = DIRECTION ( 'NONE',  ( -0.000000000000000000, -0.000000000000000000, -1.000000000000000000 ) ) ;
#2083 = ADVANCED_FACE ( 'NONE', ( #2729 ), #1934, .T. ) ;
#2084 = CARTESIAN_POINT ( 'NONE',  ( 0.3572120675718689631, 4.824772590979070408, -0.2551804411582789811 ) ) ;
#2085 = ORIENTED_EDGE ( 'NONE', *, *, #1893, .F. ) ;
#2086 = CARTESIAN_POINT ( 'NONE',  ( -1.879999999999999893, 4.100000000000000533, -4.750000000000000000 ) ) ;
#2087 = EDGE_CURVE ( 'NONE', #228, #2658, #2634, .T. ) ;
#2088 = CARTESIAN_POINT ( 'NONE',  ( 5.616016921481434387, 4.838011644677258083, 0.1688433930576270503 ) ) ;
#2089 = CARTESIAN_POINT ( 'NONE',  ( 4.520983005625049955, 4.850000000000000533, -0.2795084971874745028 ) ) ;
#2090 = CARTESIAN_POINT ( 'NONE',  ( 5.777410311398874398, 4.850559537486908823, -0.02041362852531753563 ) ) ;
#2091 = CARTESIAN_POINT ( 'NONE',  ( 9.570000000000000284, 14.09999999999999964, -4.750000000000000000 ) ) ;
#2092 = CARTESIAN_POINT ( 'NONE',  ( 5.845000000000000639, 4.850000000000000533, 14.99000000000000021 ) ) ;
#2093 = CARTESIAN_POINT ( 'NONE',  ( -0.2500000000000000000, 4.599999999999999645, 0.04166666666666555413 ) ) ;
#2094 = VERTEX_POINT ( 'NONE', #209 ) ;
#2095 = B_SPLINE_CURVE_WITH_KNOTS ( 'NONE', 3,
 ( #2306, #2088, #3158, #948 ),
 .UNSPECIFIED., .F., .F.,
 ( 4, 4 ),
 ( 1.270822314173809050E-16, 0.0002783142999797378735 ),
 .UNSPECIFIED. ) ;
#2096 = DIRECTION ( 'NONE',  ( 0.000000000000000000, 0.000000000000000000, 1.000000000000000000 ) ) ;
#2097 = CARTESIAN_POINT ( 'NONE',  ( -2.168404344971010051E-15, 4.599999999999999645, -0.1250000000000062172 ) ) ;
#2098 = ORIENTED_EDGE ( 'NONE', *, *, #14, .F. ) ;
#2099 = DIRECTION ( 'NONE',  ( 1.000000000000000000, 0.000000000000000000, 6.505213034913050270E-16 ) ) ;
#2100 = CARTESIAN_POINT ( 'NONE',  ( 3.870000000000000107, 4.791209394725109760, -3.814935911441729832 ) ) ;
#2101 = B_SPLINE_CURVE_WITH_KNOTS ( 'NONE', 3,
 ( #238, #1735, #1931, #1685, #2672, #2722, #1496, #2949, #1241, #1430 ),
 .UNSPECIFIED., .F., .F.,
 ( 4, 2, 2, 2, 4 ),
 ( 1.809554213338007187E-18, 0.0002336623080193824204, 0.0004673246160387629976, 0.0007009869240581437103, 0.0009346492320775242604 ),
 .UNSPECIFIED. ) ;
#2102 = LINE ( 'NONE', #2396, #710 ) ;
#2103 = EDGE_CURVE ( 'NONE', #2797, #54, #2448, .T. ) ;
#2104 = CARTESIAN_POINT ( 'NONE',  ( 1.887059498904317234, 4.850978038601947873, 0.1044996210350644106 ) ) ;
#2105 = LINE ( 'NONE', #3004, #2782 ) ;
#2106 = DIRECTION ( 'NONE',  ( 0.000000000000000000, -1.000000000000000000, 0.000000000000000000 ) ) ;
#2107 = CARTESIAN_POINT ( 'NONE',  ( -0.7001167036798799925, 4.850000000000000533, -2.113612026092629659 ) ) ;
#2108 = CARTESIAN_POINT ( 'NONE',  ( -0.2500000000000000000, 4.599999999999999645, -0.1250000000000019984 ) ) ;
#2109 = ORIENTED_EDGE ( 'NONE', *, *, #1764, .F. ) ;
#2110 = CARTESIAN_POINT ( 'NONE',  ( 2.540000000000000036, 4.850000000000000533, -0.6584466831385940022 ) ) ;
#2111 = ORIENTED_EDGE ( 'NONE', *, *, #409, .F. ) ;
#2112 = AXIS2_PLACEMENT_3D ( 'NONE', #1167, #692, #2390 ) ;
#2113 = LINE ( 'NONE', #886, #2012 ) ;
#2114 = CARTESIAN_POINT ( 'NONE',  ( -0.3257705703771355266, 4.850000000000000533, -3.687287386587259519 ) ) ;
#2115 =( GEOMETRIC_REPRESENTATION_CONTEXT ( 3 ) GLOBAL_UNCERTAINTY_ASSIGNED_CONTEXT ( ( #1029 ) ) GLOBAL_UNIT_ASSIGNED_CONTEXT ( ( #2660, #1165, #1421 ) ) REPRESENTATION_CONTEXT ( 'NONE', 'WORKASPACE' ) );
#2116 = CARTESIAN_POINT ( 'NONE',  ( -1.330000000000000071, 4.599999999999999645, -4.200000000000000178 ) ) ;
#2117 = DIRECTION ( 'NONE',  ( -4.336808689942040416E-16, 0.000000000000000000, 1.000000000000000000 ) ) ;
#2118 = ORIENTED_EDGE ( 'NONE', *, *, #2589, .T. ) ;
#2119 = EDGE_CURVE ( 'NONE', #920, #2481, #942, .T. ) ;
#2120 = FILL_AREA_STYLE ('',( #1862 ) ) ;
#2121 = EDGE_CURVE ( 'NONE', #2472, #2666, #738, .T. ) ;
#2122 = LINE ( 'NONE', #167, #2367 ) ;
#2123 = DIRECTION ( 'NONE',  ( -1.000000000000000000, -1.440818217108969990E-31, -6.505213034913050270E-16 ) ) ;
#2124 = EDGE_LOOP ( 'NONE', ( #2682, #1017, #1294, #184 ) ) ;
#2125 = PLANE ( 'NONE',  #1861 ) ;
#2126 = EDGE_LOOP ( 'NONE', ( #1895, #1825, #352, #2657 ) ) ;
#2127 = DIRECTION ( 'NONE',  ( 0.000000000000000000, -1.000000000000000000, 3.521488656232915443E-16 ) ) ;
#2128 = CARTESIAN_POINT ( 'NONE',  ( -1.830000000000000071, 4.100000000000000533, 1.199999999999999956 ) ) ;
#2129 = DIRECTION ( 'NONE',  ( -1.000000000000000000, 8.499851737735099270E-32, 0.000000000000000000 ) ) ;
#2130 = PLANE ( 'NONE',  #925 ) ;
#2131 = ORIENTED_EDGE ( 'NONE', *, *, #3032, .F. ) ;
#2132 = B_SPLINE_CURVE_WITH_KNOTS ( 'NONE', 3,
 ( #864, #2313, #602, #801 ),
 .UNSPECIFIED., .F., .F.,
 ( 4, 4 ),
 ( 1.630814510830531435E-18, 0.0004124632193209772980 ),
 .UNSPECIFIED. ) ;
#2133 = CARTESIAN_POINT ( 'NONE',  ( 7.057892835681300880, 4.850652025734631501, -0.2810535821593487249 ) ) ;
#2134 = ADVANCED_FACE ( 'NONE', ( #2226 ), #968, .F. ) ;
#2135 = LINE ( 'NONE', #1924, #2266 ) ;
#2136 = LINE ( 'NONE', #3134, #2835 ) ;
#2137 = EDGE_CURVE ( 'NONE', #2081, #473, #1937, .T. ) ;
#2138 = ORIENTED_EDGE ( 'NONE', *, *, #1098, .T. ) ;
#2139 = VERTEX_POINT ( 'NONE', #147 ) ;
#2140 = FACE_OUTER_BOUND ( 'NONE', #1378, .T. ) ;
#2141 = B_SPLINE_CURVE_WITH_KNOTS ( 'NONE', 3,
 ( #1974, #1260, #492, #1480, #1024, #702, #2416 ),
 .UNSPECIFIED., .F., .F.,
 ( 4, 3, 4 ),
 ( 5.451655659527241524E-19, 0.0001505409532493475182, 0.0002857031106920000525 ),
 .UNSPECIFIED. ) ;
#2142 = CARTESIAN_POINT ( 'NONE',  ( 2.135491502812524978, 4.817398713268380206, 0.2022542485937365020 ) ) ;
#2143 = LINE ( 'NONE', #2382, #921 ) ;
#2144 = CARTESIAN_POINT ( 'NONE',  ( 8.397721034152578312, 4.846516932041780024, 0.4470076603894019840 ) ) ;
#2145 = ORIENTED_EDGE ( 'NONE', *, *, #2372, .T. ) ;
#2146 = CARTESIAN_POINT ( 'NONE',  ( 0.5621071643186954514, 4.850652025734631501, -0.2810535821593502792 ) ) ;
#2147 = ADVANCED_FACE ( 'NONE', ( #1147 ), #2631, .F. ) ;
#2148 = DIRECTION ( 'NONE',  ( 0.000000000000000000, -1.000000000000000000, 1.214306433183763733E-16 ) ) ;
#2149 = CARTESIAN_POINT ( 'NONE',  ( 0.4045084971874725044, 4.817398713268380206, -0.2022542485937385004 ) ) ;
#2150 = B_SPLINE_SURFACE_WITH_KNOTS ( 'NONE', 3, 3, ( 
 ( #772, #1758, #435, #2427 ),
 ( #3160, #3173, #950, #2187 ),
 ( #2913, #1477, #735, #2689 ),
 ( #1204, #489, #1461, #2931 ),
 ( #1219, #720, #3190, #472 ),
 ( #987, #2705, #3207, #1004 ),
 ( #307, #526, #3005, #823 ) ),
 .UNSPECIFIED., .F., .F., .F.,
 ( 4, 1, 1, 1, 4 ),
 ( 4, 4 ),
 ( 0.000000000000000000, 0.2500000000000000000, 0.5000000000000000000, 0.7500000000000000000, 1.000000000000000000 ),
 ( 0.000000000000000000, 1.000000000000000000 ),
 .UNSPECIFIED. ) ;
#2151 = ORIENTED_EDGE ( 'NONE', *, *, #110, .F. ) ;
#2152 = ADVANCED_FACE ( 'NONE', ( #2900 ), #2130, .F. ) ;
#2153 = DIRECTION ( 'NONE',  ( -1.000000000000000000, 8.499851737735099270E-32, 0.000000000000000000 ) ) ;
#2154 = AXIS2_PLACEMENT_3D ( 'NONE', #732, #932, #3171 ) ;
#2155 = ORIENTED_EDGE ( 'NONE', *, *, #1505, .T. ) ;
#2156 = DIRECTION ( 'NONE',  ( -4.336808689942040416E-16, 0.000000000000000000, 1.000000000000000000 ) ) ;
#2157 = AXIS2_PLACEMENT_3D ( 'NONE', #1356, #123, #2096 ) ;
#2158 = CARTESIAN_POINT ( 'NONE',  ( 4.871666666666669698, 4.599999999999999645, -0.1250000000000019984 ) ) ;
#2159 = VECTOR ( 'NONE', #2506, 1000.000000000000000 ) ;
#2160 = CARTESIAN_POINT ( 'NONE',  ( 8.440176084465759843, 4.850000000000000533, -1.386034163391555829 ) ) ;
#2161 = VECTOR ( 'NONE', #3083, 1000.000000000000000 ) ;
#2162 = ORIENTED_EDGE ( 'NONE', *, *, #221, .T. ) ;
#2163 = CARTESIAN_POINT ( 'NONE',  ( 0.4045084971874735036, 4.817398713268380206, 0.2022542485937355028 ) ) ;
#2164 = VECTOR ( 'NONE', #477, 1000.000000000000000 ) ;
#2165 = CARTESIAN_POINT ( 'NONE',  ( 2.290000000000000036, 6.599999999999999645, -0.1250000000000000000 ) ) ;
#2166 = CARTESIAN_POINT ( 'NONE',  ( -0.2500000000000000000, 6.599999999999999645, 0.1249999999999975853 ) ) ;
#2167 = ORIENTED_EDGE ( 'NONE', *, *, #250, .F. ) ;
#2168 = CARTESIAN_POINT ( 'NONE',  ( 8.068492857682597830, 4.817398713268380206, -0.07261886093681489684 ) ) ;
#2169 = ORIENTED_EDGE ( 'NONE', *, *, #2963, .T. ) ;
#2170 = DIRECTION ( 'NONE',  ( 1.000000000000000000, 0.000000000000000000, 6.505213034913050270E-16 ) ) ;
#2171 = CARTESIAN_POINT ( 'NONE',  ( 5.586090801810410511, 4.850000000000000533, -0.3853608823165560193 ) ) ;
#2172 = FACE_OUTER_BOUND ( 'NONE', #1746, .T. ) ;
#2173 = EDGE_LOOP ( 'NONE', ( #1212, #967, #2461, #1358 ) ) ;
#2174 = EDGE_CURVE ( 'NONE', #2223, #337, #1362, .T. ) ;
#2175 = ORIENTED_EDGE ( 'NONE', *, *, #580, .T. ) ;
#2176 = CARTESIAN_POINT ( 'NONE',  ( 7.098121992127348179, 4.842068006988021978, 0.2609390039363272407 ) ) ;
#2177 = SURFACE_SIDE_STYLE ('',( #165 ) ) ;
#2178 = CARTESIAN_POINT ( 'NONE',  ( -1.330000000000000071, 4.599999999999999645, -4.750000000000000000 ) ) ;
#2179 = DIRECTION ( 'NONE',  ( 5.421010862427549780E-16, -3.521488656232915443E-16, -1.000000000000000000 ) ) ;
#2180 = VERTEX_POINT ( 'NONE', #161 ) ;
#2181 = CARTESIAN_POINT ( 'NONE',  ( 8.475695796397300086, 4.851528320563788910, -1.208031971244702296 ) ) ;
#2182 = B_SPLINE_CURVE_WITH_KNOTS ( 'NONE', 3,
 ( #2779, #2762, #20, #2073 ),
 .UNSPECIFIED., .F., .F.,
 ( 4, 4 ),
 ( 0.000000000000000000, 0.0003214901595631370224 ),
 .UNSPECIFIED. ) ;
#2183 = ORIENTED_EDGE ( 'NONE', *, *, #151, .F. ) ;
#2184 = PLANE ( 'NONE',  #439 ) ;
#2185 = CARTESIAN_POINT ( 'NONE',  ( 5.330000000000000071, 4.784797426536750997, -0.1250000000000019984 ) ) ;
#2186 = ADVANCED_FACE ( 'NONE', ( #2643 ), #2338, .T. ) ;
#2187 = CARTESIAN_POINT ( 'NONE',  ( 7.113909198189589667, 4.850000000000000533, 0.3853608823165545205 ) ) ;
#2188 = ORIENTED_EDGE ( 'NONE', *, *, #1371, .F. ) ;
#2189 = CARTESIAN_POINT ( 'NONE',  ( -8.673617379884030542E-16, 4.850000000000000533, 0.6584466831385850094 ) ) ;
#2190 = ADVANCED_FACE ( 'NONE', ( #117 ), #413, .T. ) ;
#2191 =( NAMED_UNIT ( * ) SI_UNIT ( $, .STERADIAN. ) SOLID_ANGLE_UNIT ( ) );
#2192 = DIRECTION ( 'NONE',  ( 0.000000000000000000, 1.214306433183763733E-16, 1.000000000000000000 ) ) ;
#2193 = DIRECTION ( 'NONE',  ( -8.499851737735099270E-32, -1.000000000000000000, 3.521488656232915443E-16 ) ) ;
#2194 = CARTESIAN_POINT ( 'NONE',  ( 4.830000000000000071, 4.599999999999999645, 0.1250000000000000000 ) ) ;
#2195 = ORIENTED_EDGE ( 'NONE', *, *, #1479, .T. ) ;
#2196 = CARTESIAN_POINT ( 'NONE',  ( 8.478623403311599915, 4.851018880375859155, -1.211113077903331670 ) ) ;
#2197 = CARTESIAN_POINT ( 'NONE',  ( 5.330000000000000071, 4.599999999999999645, 0.04166666666666555413 ) ) ;
#2198 = CARTESIAN_POINT ( 'NONE',  ( -1.879999999999999893, 6.599999999999999645, 0.6999999999999999556 ) ) ;
#2199 = VERTEX_POINT ( 'NONE', #628 ) ;
#2200 = PLANE ( 'NONE',  #2412 ) ;
#2201 = CARTESIAN_POINT ( 'NONE',  ( 9.570000000000000284, 14.05000000000000071, 1.350000000000000533 ) ) ;
#2202 = DIRECTION ( 'NONE',  ( -1.000000000000000000, -7.010384997569550548E-32, -4.336808689942040416E-16 ) ) ;
#2203 = VERTEX_POINT ( 'NONE', #1612 ) ;
#2204 = EDGE_LOOP ( 'NONE', ( #2511, #1680, #1696, #3181, #474 ) ) ;
#2205 = CARTESIAN_POINT ( 'NONE',  ( 7.840477984982300974, 4.849999999999997868, -3.701879386359174351 ) ) ;
#2206 = CARTESIAN_POINT ( 'NONE',  ( 9.619999999999999218, 4.100000000000000533, -4.750000000000000000 ) ) ;
#2207 = EDGE_CURVE ( 'NONE', #2404, #2653, #2599, .T. ) ;
#2208 = VECTOR ( 'NONE', #843, 1000.000000000000000 ) ;
#2209 = CARTESIAN_POINT ( 'NONE',  ( -1.879999999999999893, 4.100000000000000533, -4.750000000000000000 ) ) ;
#2210 = CIRCLE ( 'NONE', #2415, 0.04999999999999991257 ) ;
#2211 = CARTESIAN_POINT ( 'NONE',  ( -0.8320981178066866324, 4.849999999999998757, -2.940493123934400987 ) ) ;
#2212 = B_SPLINE_CURVE_WITH_KNOTS ( 'NONE', 3,
 ( #1423, #3122, #908, #1631 ),
 .UNSPECIFIED., .F., .F.,
 ( 4, 4 ),
 ( 0.000000000000000000, 1.000000000000000000 ),
 .UNSPECIFIED. ) ;
#2213 = VERTEX_POINT ( 'NONE', #18 ) ;
#2214 = EDGE_CURVE ( 'NONE', #550, #1200, #2101, .T. ) ;
#2215 =( GEOMETRIC_REPRESENTATION_CONTEXT ( 3 ) GLOBAL_UNCERTAINTY_ASSIGNED_CONTEXT ( ( #462 ) ) GLOBAL_UNIT_ASSIGNED_CONTEXT ( ( #1352, #815, #2299 ) ) REPRESENTATION_CONTEXT ( 'NONE', 'WORKASPACE' ) );
#2216 = CARTESIAN_POINT ( 'NONE',  ( 8.478621920076514940, 4.850322599370382015, -2.271301127367775230 ) ) ;
#2217 = FACE_OUTER_BOUND ( 'NONE', #2204, .T. ) ;
#2218 = DIRECTION ( 'NONE',  ( 1.000000000000000000, 9.158634246406699852E-33, 7.542275982507859612E-17 ) ) ;
#2219 = ORIENTED_EDGE ( 'NONE', *, *, #1475, .T. ) ;
#2220 = CARTESIAN_POINT ( 'NONE',  ( 2.790000000000000036, 6.599999999999999645, -0.1250000000000000000 ) ) ;
#2221 = CARTESIAN_POINT ( 'NONE',  ( -0.8196551724137930428, 4.850000000000000533, -0.6741379310344849385 ) ) ;
#2222 = DIRECTION ( 'NONE',  ( 1.000000000000000000, 0.000000000000000000, 0.000000000000000000 ) ) ;
#2223 = VERTEX_POINT ( 'NONE', #2443 ) ;
#2224 = VERTEX_POINT ( 'NONE', #1985 ) ;
#2225 = CARTESIAN_POINT ( 'NONE',  ( 6.967059498904323078, 4.850978038601947873, 0.1044996210350644106 ) ) ;
#2226 = FACE_OUTER_BOUND ( 'NONE', #1205, .T. ) ;
#2227 = DIRECTION ( 'NONE',  ( 0.000000000000000000, -1.000000000000000000, 3.521488656232915443E-16 ) ) ;
#2228 = EDGE_CURVE ( 'NONE', #3204, #1525, #2359, .T. ) ;
#2229 = CARTESIAN_POINT ( 'NONE',  ( 4.516347750709426734, 4.850978038601947873, -0.2818261246452861135 ) ) ;
#2230 = ORIENTED_EDGE ( 'NONE', *, *, #1619, .T. ) ;
#2231 = CARTESIAN_POINT ( 'NONE',  ( 8.523541888433049607, 4.850121963409498527, -2.629907437311521878 ) ) ;
#2232 = CARTESIAN_POINT ( 'NONE',  ( 2.290000000000000036, 4.599999999999999645, 0.1250000000000000000 ) ) ;
#2233 = EDGE_CURVE ( 'NONE', #2223, #1444, #2069, .T. ) ;
#2234 = CARTESIAN_POINT ( 'NONE',  ( 4.830000000000000071, 6.599999999999999645, 0.1250000000000000000 ) ) ;
#2235 = ORIENTED_EDGE ( 'NONE', *, *, #2328, .T. ) ;
#2236 = DIRECTION ( 'NONE',  ( 0.000000000000000000, 1.000000000000000000, 0.000000000000000000 ) ) ;
#2237 = CARTESIAN_POINT ( 'NONE',  ( 0.2500000000000000000, 4.599999999999999645, -0.1250000000000019984 ) ) ;
#2238 = CARTESIAN_POINT ( 'NONE',  ( 9.570000000000000284, 14.05000000000000071, 1.350000000000000533 ) ) ;
#2239 = CARTESIAN_POINT ( 'NONE',  ( 9.070000000000000284, 6.599999999999999645, 0.6999999999999999556 ) ) ;
#2240 = ORIENTED_EDGE ( 'NONE', *, *, #1881, .T. ) ;
#2241 = CARTESIAN_POINT ( 'NONE',  ( 7.262787932428129700, 4.824772590979070408, -0.2551804411582789811 ) ) ;
#2242 = CARTESIAN_POINT ( 'NONE',  ( -1.204913029559194104, 4.599999999999999645, 0.6999999999999999556 ) ) ;
#2243 = CARTESIAN_POINT ( 'NONE',  ( -1.330000000000000071, 6.599999999999999645, 0.6999999999999999556 ) ) ;
#2244 = CARTESIAN_POINT ( 'NONE',  ( 3.099016994374944822, 4.850000000000000533, -0.2795084971874755020 ) ) ;
#2245 = CARTESIAN_POINT ( 'NONE',  ( 4.830000000000000071, 4.784797426536750997, 0.04166666666666555413 ) ) ;
#2246 = ORIENTED_EDGE ( 'NONE', *, *, #2290, .T. ) ;
#2247 = ADVANCED_FACE ( 'NONE', ( #1971 ), #965, .F. ) ;
#2248 = CARTESIAN_POINT ( 'NONE',  ( 5.726985715365199958, 4.850000000000000533, 0.1035710552069571966 ) ) ;
#2249 = CARTESIAN_POINT ( 'NONE',  ( 4.830000000000000071, 6.599999999999999645, 0.1250000000000000000 ) ) ;
#2250 = ORIENTED_EDGE ( 'NONE', *, *, #709, .T. ) ;
#2251 = CARTESIAN_POINT ( 'NONE',  ( 5.080000000000000071, 4.850000000000000533, 0.6584466831385850094 ) ) ;
#2252 = EDGE_CURVE ( 'NONE', #1525, #2926, #454, .T. ) ;
#2253 = CARTESIAN_POINT ( 'NONE',  ( 9.070000000000000284, 4.100000000000000533, 1.350000000000000533 ) ) ;
#2254 = DIRECTION ( 'NONE',  ( 0.000000000000000000, 1.000000000000000000, 0.000000000000000000 ) ) ;
#2255 = CARTESIAN_POINT ( 'NONE',  ( 7.725442068305140353, 4.850000000000000533, 0.1940153207788039846 ) ) ;
#2256 = ORIENTED_EDGE ( 'NONE', *, *, #3108, .F. ) ;
#2257 = CARTESIAN_POINT ( 'NONE',  ( 0.000000000000000000, 0.000000000000000000, 0.000000000000000000 ) ) ;
#2258 = DIRECTION ( 'NONE',  ( 0.000000000000000000, 1.214306433183763733E-16, 1.000000000000000000 ) ) ;
#2259 = CARTESIAN_POINT ( 'NONE',  ( -0.05052063968652300424, 4.599999999999999645, 0.6999999999999999556 ) ) ;
#2260 = VECTOR ( 'NONE', #1345, 1000.000000000000000 ) ;
#2261 = CARTESIAN_POINT ( 'NONE',  ( 3.099016994374950151, 4.850000000000000533, 0.2795084971874720048 ) ) ;
#2262 = CARTESIAN_POINT ( 'NONE',  ( 4.830000000000000071, 4.784797426536750997, -0.04166666666666814928 ) ) ;
#2263 = VECTOR ( 'NONE', #2817, 1000.000000000000000 ) ;
#2264 = VERTEX_POINT ( 'NONE', #1948 ) ;
#2265 = CARTESIAN_POINT ( 'NONE',  ( 2.790000000000000036, 4.599999999999999645, 0.1249999999999984041 ) ) ;
#2266 = VECTOR ( 'NONE', #2873, 1000.000000000000000 ) ;
#2267 = CARTESIAN_POINT ( 'NONE',  ( 5.726985715365199958, 4.850000000000000533, -0.1035710552069615958 ) ) ;
#2268 = DIRECTION ( 'NONE',  ( -8.261637608313679916E-32, -1.000000000000000000, 3.521488656232920374E-16 ) ) ;
#2269 = VERTEX_POINT ( 'NONE', #2239 ) ;
#2270 = VECTOR ( 'NONE', #355, 1000.000000000000000 ) ;
#2271 = DIRECTION ( 'NONE',  ( -8.261637608313679916E-32, -1.000000000000000000, 3.521488656232920374E-16 ) ) ;
#2272 = CARTESIAN_POINT ( 'NONE',  ( 2.665000000000000036, 4.599999999999999645, 0.1250000000000069944 ) ) ;
#2273 = CARTESIAN_POINT ( 'NONE',  ( 8.558734287933978280, 4.852200901857879778, -0.3249154213831212945 ) ) ;
#2274 = ORIENTED_EDGE ( 'NONE', *, *, #110, .T. ) ;
#2275 = CARTESIAN_POINT ( 'NONE',  ( 7.370000000000000107, 6.599999999999999645, 0.1250000000000026090 ) ) ;
#2276 = DIRECTION ( 'NONE',  ( -1.000000000000000000, 0.000000000000000000, 0.000000000000000000 ) ) ;
#2277 = EDGE_CURVE ( 'NONE', #2968, #1788, #450, .T. ) ;
#2278 = CARTESIAN_POINT ( 'NONE',  ( -0.09436675344743640503, 4.850000000000000533, 0.2078587090127844983 ) ) ;
#2279 = CARTESIAN_POINT ( 'NONE',  ( 2.790000000000000036, 4.599999999999999645, 0.04166666666666555413 ) ) ;
#2280 = CARTESIAN_POINT ( 'NONE',  ( 0.6469857153652038839, 4.850000000000000533, -0.1035710552069615958 ) ) ;
#2281 = ORIENTED_EDGE ( 'NONE', *, *, #911, .F. ) ;
#2282 = FACE_OUTER_BOUND ( 'NONE', #1449, .T. ) ;
#2283 = DIRECTION ( 'NONE',  ( -8.261637608313679916E-32, -1.000000000000000000, 3.521488656232920374E-16 ) ) ;
#2284 = CARTESIAN_POINT ( 'NONE',  ( -0.2500000000000000000, 4.784797426536750997, -0.04166666666666814928 ) ) ;
#2285 = ORIENTED_EDGE ( 'NONE', *, *, #2648, .F. ) ;
#2286 = CARTESIAN_POINT ( 'NONE',  ( 5.484508497187469800, 4.817398713268380206, 0.2022542485937355028 ) ) ;
#2287 = CARTESIAN_POINT ( 'NONE',  ( 7.823323598265971235, 4.850317710380044112, 0.2046338375476998428 ) ) ;
#2288 = ORIENTED_EDGE ( 'NONE', *, *, #2388, .T. ) ;
#2289 = CARTESIAN_POINT ( 'NONE',  ( 7.620000000000000107, 4.848840699943259835, -0.1250000000000062172 ) ) ;
#2290 = EDGE_CURVE ( 'NONE', #966, #1508, #2667, .T. ) ;
#2291 = B_SPLINE_CURVE_WITH_KNOTS ( 'NONE', 3,
 ( #730, #2717, #1713, #2698 ),
 .UNSPECIFIED., .F., .F.,
 ( 4, 4 ),
 ( 3.252606517456513302E-19, 0.0002150962644467782929 ),
 .UNSPECIFIED. ) ;
#2292 = CARTESIAN_POINT ( 'NONE',  ( 8.571798920685921530, 4.849999999999998757, -3.059184124986868980 ) ) ;
#2293 = CARTESIAN_POINT ( 'NONE',  ( 7.067193286658464579, 4.850170782569867001, 0.1060640632014126089 ) ) ;
#2294 = ADVANCED_FACE ( 'NONE', ( #2172 ), #2150, .T. ) ;
#2295 = CARTESIAN_POINT ( 'NONE',  ( 3.190955572518856975, 4.850652025734631501, -0.1041900990923645132 ) ) ;
#2296 = LINE ( 'NONE', #2327, #1640 ) ;
#2297 = ORIENTED_EDGE ( 'NONE', *, *, #854, .F. ) ;
#2298 = CARTESIAN_POINT ( 'NONE',  ( 2.790000000000000036, 4.599999999999999645, -0.1250000000000019984 ) ) ;
#2299 =( NAMED_UNIT ( * ) SI_UNIT ( $, .STERADIAN. ) SOLID_ANGLE_UNIT ( ) );
#2300 = LINE ( 'NONE', #1125, #2671 ) ;
#2301 = VERTEX_POINT ( 'NONE', #3020 ) ;
#2302 = CARTESIAN_POINT ( 'NONE',  ( 2.944508497187475093, 4.817398713268380206, -0.2022542485937385004 ) ) ;
#2303 = CARTESIAN_POINT ( 'NONE',  ( -0.1250000000000000000, 4.599999999999999645, -0.1249999999999984041 ) ) ;
#2304 = ORIENTED_EDGE ( 'NONE', *, *, #2799, .F. ) ;
#2305 = CARTESIAN_POINT ( 'NONE',  ( 7.383851190389299823, 4.839520346400449924, -0.3415533168614064974 ) ) ;
#2306 = CARTESIAN_POINT ( 'NONE',  ( 5.550108143232378666, 4.829885664828977632, 0.2350540716161887422 ) ) ;
#2307 = CARTESIAN_POINT ( 'NONE',  ( 7.004828643117290810, 4.850000000000000533, 0.1110967185962854070 ) ) ;
#2308 = CARTESIAN_POINT ( 'NONE',  ( -0.2874908355369025226, 4.599999999999999645, 0.6999999999999909628 ) ) ;
#2309 = LINE ( 'NONE', #549, #1691 ) ;
#2310 = ADVANCED_FACE ( 'NONE', ( #559 ), #1609, .F. ) ;
#2311 = AXIS2_PLACEMENT_3D ( 'NONE', #264, #24, #1027 ) ;
#2312 = DIRECTION ( 'NONE',  ( -1.000000000000000000, 0.000000000000000000, 0.000000000000000000 ) ) ;
#2313 = CARTESIAN_POINT ( 'NONE',  ( 0.6220747326372985109, 4.849999999999997868, -0.1533930206627445170 ) ) ;
#2314 = VECTOR ( 'NONE', #612, 1000.000000000000000 ) ;
#2315 = CARTESIAN_POINT ( 'NONE',  ( -0.5621071643186974498, 4.850652025734631501, -0.2810535821593487249 ) ) ;
#2316 = EDGE_CURVE ( 'NONE', #966, #2139, #1900, .T. ) ;
#2317 = ORIENTED_EDGE ( 'NONE', *, *, #1272, .F. ) ;
#2318 = CARTESIAN_POINT ( 'NONE',  ( 3.099016994374944822, 4.850000000000000533, -0.2795084971874755020 ) ) ;
#2319 = CLOSED_SHELL ( 'NONE', ( #1149, #323, #2747, #368, #2003, #1348 ) ) ;
#2320 = COLOUR_RGB ( '',1.000000000000000000, 1.000000000000000000, 1.000000000000000000 ) ;
#2321 = EDGE_LOOP ( 'NONE', ( #2821, #2240, #2169, #665 ) ) ;
#2322 = DIRECTION ( 'NONE',  ( 0.000000000000000000, -1.000000000000000000, 0.000000000000000000 ) ) ;
#2323 = CARTESIAN_POINT ( 'NONE',  ( 3.870000000000000107, 4.599999999999999645, -4.200000000000000178 ) ) ;
#2324 = CARTESIAN_POINT ( 'NONE',  ( 8.176529490200577399, 4.849999999999997868, -3.612310385844818228 ) ) ;
#2325 = CARTESIAN_POINT ( 'NONE',  ( 6.313205405719539698, 4.831348750436339934, 0.3451164391500874951 ) ) ;
#2326 = SPHERICAL_SURFACE ( 'NONE', #763, 0.05000000000000000278 ) ;
#2327 = CARTESIAN_POINT ( 'NONE',  ( 9.070000000000000284, 4.599999999999999645, -1.680407555816981535 ) ) ;
#2328 = EDGE_CURVE ( 'NONE', #2926, #1607, #2975, .T. ) ;
#2329 = DIRECTION ( 'NONE',  ( 1.000000000000000000, 0.000000000000000000, 0.000000000000000000 ) ) ;
#2330 = PLANE ( 'NONE',  #1135 ) ;
#2331 = ORIENTED_EDGE ( 'NONE', *, *, #2721, .T. ) ;
#2332 = ADVANCED_FACE ( 'NONE', ( #1303 ), #2805, .F. ) ;
#2333 = CARTESIAN_POINT ( 'NONE',  ( -0.2083333333333340365, 4.799545181958140283, -0.1250000000000019984 ) ) ;
#2334 = EDGE_LOOP ( 'NONE', ( #1513, #579, #2151, #19 ) ) ;
#2335 = CARTESIAN_POINT ( 'NONE',  ( 9.070000000000000284, 6.599999999999999645, 0.6999999999999999556 ) ) ;
#2336 = CARTESIAN_POINT ( 'NONE',  ( 0.5603522979514009572, 4.698141252545589452, -4.200000000000000178 ) ) ;
#2337 = LINE ( 'NONE', #2828, #2314 ) ;
#2338 = CYLINDRICAL_SURFACE ( 'NONE', #1344, 0.04999999999999969746 ) ;
#2339 = LINE ( 'NONE', #2784, #1854 ) ;
#2340 = DIRECTION ( 'NONE',  ( 0.000000000000000000, 1.214306433183763733E-16, 1.000000000000000000 ) ) ;
#2341 = LINE ( 'NONE', #553, #191 ) ;
#2342 = CARTESIAN_POINT ( 'NONE',  ( 0.2500000000000000000, 6.599999999999999645, 0.1249999999999980016 ) ) ;
#2343 = ORIENTED_EDGE ( 'NONE', *, *, #217, .T. ) ;
#2344 = DIRECTION ( 'NONE',  ( -0.000000000000000000, 1.214306433183763733E-16, 1.000000000000000000 ) ) ;
#2345 = EDGE_LOOP ( 'NONE', ( #1302, #2645, #2281, #2591 ) ) ;
#2346 = EDGE_CURVE ( 'NONE', #2203, #228, #46, .T. ) ;
#2347 = PLANE ( 'NONE',  #3047 ) ;
#2348 = CARTESIAN_POINT ( 'NONE',  ( 8.462389502568550270, 4.725166372059839581, -4.200000000000000178 ) ) ;
#2349 = DIRECTION ( 'NONE',  ( -1.000000000000000000, 0.000000000000000000, 0.000000000000000000 ) ) ;
#2350 = CARTESIAN_POINT ( 'NONE',  ( 2.091507142317395207, 4.817398713268380206, 0.07261886093681228782 ) ) ;
#2351 = EDGE_CURVE ( 'NONE', #852, #2658, #2940, .T. ) ;
#2352 = ORIENTED_EDGE ( 'NONE', *, *, #1475, .F. ) ;
#2353 = DIRECTION ( 'NONE',  ( 0.000000000000000000, 0.000000000000000000, 1.000000000000000000 ) ) ;
#2354 = B_SPLINE_CURVE_WITH_KNOTS ( 'NONE', 3,
 ( #678, #1376, #2649, #619 ),
 .UNSPECIFIED., .F., .F.,
 ( 4, 4 ),
 ( 0.2974023225525644909, 1.000000000000000000 ),
 .UNSPECIFIED. ) ;
#2355 = CARTESIAN_POINT ( 'NONE',  ( 0.5605620793468206742, 4.850326012867316017, -0.2802810396734128906 ) ) ;
#2356 = CARTESIAN_POINT ( 'NONE',  ( 9.570000000000000284, 4.100000000000000533, 1.250000000000000444 ) ) ;
#2357 = CARTESIAN_POINT ( 'NONE',  ( -0.8196551724137930428, 4.850000000000000533, -0.6741379310344849385 ) ) ;
#2358 = ORIENTED_EDGE ( 'NONE', *, *, #185, .T. ) ;
#2359 = B_SPLINE_CURVE_WITH_KNOTS ( 'NONE', 3,
 ( #2480, #507, #258, #1257 ),
 .UNSPECIFIED., .F., .F.,
 ( 4, 4 ),
 ( 0.09468986759342169768, 1.000000000000000000 ),
 .UNSPECIFIED. ) ;
#2360 = AXIS2_PLACEMENT_3D ( 'NONE', #373, #1885, #3073 ) ;
#2361 =( NAMED_UNIT ( * ) SI_UNIT ( $, .STERADIAN. ) SOLID_ANGLE_UNIT ( ) );
#2362 = ORIENTED_EDGE ( 'NONE', *, *, #1385, .F. ) ;
#2363 = VECTOR ( 'NONE', #1695, 1000.000000000000000 ) ;
#2364 = LINE ( 'NONE', #2086, #1807 ) ;
#2365 = CARTESIAN_POINT ( 'NONE',  ( -1.024081220023909999, 4.599999999999999645, -4.200000000000000178 ) ) ;
#2366 = EDGE_CURVE ( 'NONE', #966, #920, #155, .T. ) ;
#2367 = VECTOR ( 'NONE', #396, 1000.000000000000000 ) ;
#2368 = CARTESIAN_POINT ( 'NONE',  ( 5.080000000000000071, 7.319356542913569956E-31, 3.304648221735829742E-15 ) ) ;
#2369 = CARTESIAN_POINT ( 'NONE',  ( 1.977892835681306138, 4.850652025734631501, -0.2810535821593487249 ) ) ;
#2370 = EDGE_LOOP ( 'NONE', ( #1792, #1928, #2352, #1148, #1086, #574, #199 ) ) ;
#2371 = VECTOR ( 'NONE', #748, 1000.000000000000000 ) ;
#2372 = EDGE_CURVE ( 'NONE', #1444, #1788, #105, .T. ) ;
#2373 = CARTESIAN_POINT ( 'NONE',  ( 7.370000000000000107, 4.784797426536750997, -0.04166666666666814928 ) ) ;
#2374 = CARTESIAN_POINT ( 'NONE',  ( -1.830000000000000071, 14.05000000000000071, 1.350000000000000533 ) ) ;
#2375 = DIRECTION ( 'NONE',  ( -1.000000000000000000, -1.440818217108969990E-31, -6.505213034913050270E-16 ) ) ;
#2376 = DIRECTION ( 'NONE',  ( 0.000000000000000000, 1.000000000000000000, 0.000000000000000000 ) ) ;
#2377 = ORIENTED_EDGE ( 'NONE', *, *, #1098, .F. ) ;
#2378 = CARTESIAN_POINT ( 'NONE',  ( 8.068492857682597830, 4.817398713268380206, 0.07261886093681139964 ) ) ;
#2379 = ORIENTED_EDGE ( 'NONE', *, *, #2939, .F. ) ;
#2380 = DIRECTION ( 'NONE',  ( -8.261637608313679916E-32, -1.000000000000000000, 3.521488656232920374E-16 ) ) ;
#2381 = CARTESIAN_POINT ( 'NONE',  ( 2.290000000000000036, 4.599999999999999645, 0.1250000000000000000 ) ) ;
#2382 = CARTESIAN_POINT ( 'NONE',  ( 0.2500000000000000000, 6.599999999999999645, -0.1250000000000021927 ) ) ;
#2383 = CARTESIAN_POINT ( 'NONE',  ( 2.290000000000000036, 4.599999999999999645, -0.1250000000000019984 ) ) ;
#2384 = ORIENTED_EDGE ( 'NONE', *, *, #130, .T. ) ;
#2385 = EDGE_CURVE ( 'NONE', #1626, #2223, #283, .T. ) ;
#2386 = CARTESIAN_POINT ( 'NONE',  ( 7.215491502812529490, 4.817398713268380206, -0.2022542485937375012 ) ) ;
#2387 = DIRECTION ( 'NONE',  ( 0.000000000000000000, 0.000000000000000000, 1.000000000000000000 ) ) ;
#2388 = EDGE_CURVE ( 'NONE', #1819, #35, #426, .T. ) ;
#2389 = CARTESIAN_POINT ( 'NONE',  ( 9.619999999999999218, 14.05000000000000071, 1.250000000000000000 ) ) ;
#2390 = DIRECTION ( 'NONE',  ( 0.000000000000000000, 0.000000000000000000, 1.000000000000000000 ) ) ;
#2391 = VERTEX_POINT ( 'NONE', #2543 ) ;
#2392 = LINE ( 'NONE', #2895, #1184 ) ;
#2393 = ORIENTED_EDGE ( 'NONE', *, *, #2462, .T. ) ;
#2394 = CARTESIAN_POINT ( 'NONE',  ( 5.330000000000000071, -4.401860820291074663E-17, -0.1249999999999965861 ) ) ;
#2395 = CARTESIAN_POINT ( 'NONE',  ( 5.080000000000000071, 4.849420349971629740, -0.3917233415692999987 ) ) ;
#2396 = CARTESIAN_POINT ( 'NONE',  ( 2.790000000000000036, 6.599999999999999645, 0.1250000000000000000 ) ) ;
#2397 = CARTESIAN_POINT ( 'NONE',  ( 1.889044427481143318, 4.850652025734631501, 0.1041900990923629450 ) ) ;
#2398 = ORIENTED_EDGE ( 'NONE', *, *, #2421, .T. ) ;
#2399 = ORIENTED_EDGE ( 'NONE', *, *, #580, .F. ) ;
#2400 = B_SPLINE_CURVE_WITH_KNOTS ( 'NONE', 3,
 ( #3014, #3133, #630, #3109 ),
 .UNSPECIFIED., .F., .F.,
 ( 4, 4 ),
 ( 0.2219151953290185164, 1.000000000000000000 ),
 .UNSPECIFIED. ) ;
#2401 = CARTESIAN_POINT ( 'NONE',  ( 0.2500000000000000000, 4.784797426536750997, -0.1250000000000019984 ) ) ;
#2402 = DIRECTION ( 'NONE',  ( 0.000000000000000000, 0.000000000000000000, 1.000000000000000000 ) ) ;
#2403 = CARTESIAN_POINT ( 'NONE',  ( -0.8196551724137900452, 4.850000000000000533, -2.825862068965524720 ) ) ;
#2404 = VERTEX_POINT ( 'NONE', #3050 ) ;
#2405 = EDGE_CURVE ( 'NONE', #637, #1887, #1537, .T. ) ;
#2406 = VERTEX_POINT ( 'NONE', #601 ) ;
#2407 = CARTESIAN_POINT ( 'NONE',  ( -0.6240959133014200022, 4.850000000000000533, -0.03368606193255870018 ) ) ;
#2408 = AXIS2_PLACEMENT_3D ( 'NONE', #597, #2276, #1108 ) ;
#2409 = CARTESIAN_POINT ( 'NONE',  ( 4.871666666666669698, 4.799545181958140283, -0.1250000000000019984 ) ) ;
#2410 = VECTOR ( 'NONE', #744, 1000.000000000000000 ) ;
#2411 = CARTESIAN_POINT ( 'NONE',  ( 6.999924094308527245, 4.850000000000000533, -0.1573906745544174923 ) ) ;
#2412 = AXIS2_PLACEMENT_3D ( 'NONE', #3186, #468, #3140 ) ;
#2413 = ORIENTED_EDGE ( 'NONE', *, *, #551, .T. ) ;
#2414 = ORIENTED_EDGE ( 'NONE', *, *, #531, .T. ) ;
#2415 = AXIS2_PLACEMENT_3D ( 'NONE', #879, #2846, #1153 ) ;
#2416 = CARTESIAN_POINT ( 'NONE',  ( 2.117570070072375188, 4.815986383258029413, 0.2112149649638107862 ) ) ;
#2417 = CARTESIAN_POINT ( 'NONE',  ( 0.5816270205459319609, 4.845444891720881664, 0.1453412344955770097 ) ) ;
#2418 = CARTESIAN_POINT ( 'NONE',  ( 8.814827586206899213, 4.848917728547109895, -3.512931034482759785 ) ) ;
#2419 = LINE ( 'NONE', #1439, #615 ) ;
#2420 = ORIENTED_EDGE ( 'NONE', *, *, #3070, .F. ) ;
#2421 = EDGE_CURVE ( 'NONE', #1626, #1788, #1906, .T. ) ;
#2422 = CARTESIAN_POINT ( 'NONE',  ( 8.179016994374949334, 4.850000000000000533, 0.2795084971874720048 ) ) ;
#2423 = VERTEX_POINT ( 'NONE', #1820 ) ;
#2424 = CARTESIAN_POINT ( 'NONE',  ( -0.5157688722051302355, 4.833347271720508154, 0.1466141509735911230 ) ) ;
#2425 = ADVANCED_FACE ( 'NONE', ( #2282 ), #1584, .T. ) ;
#2426 = DIRECTION ( 'NONE',  ( 0.000000000000000000, 0.000000000000000000, 1.000000000000000000 ) ) ;
#2427 = CARTESIAN_POINT ( 'NONE',  ( 7.060983005625049991, 4.850000000000000533, 0.2795084971874745028 ) ) ;
#2428 = ORIENTED_EDGE ( 'NONE', *, *, #875, .F. ) ;
#2429 = CARTESIAN_POINT ( 'NONE',  ( -2.168404344971009854E-16, 4.599999999999999645, 0.1249999999999914096 ) ) ;
#2430 = B_SPLINE_SURFACE_WITH_KNOTS ( 'NONE', 3, 3, ( 
 ( #3209, #422, #737, #2445 ),
 ( #2951, #937, #700, #1687 ),
 ( #2708, #722, #220, #1419 ),
 ( #2429, #207, #1206, #2189 ),
 ( #1987, #3192, #989, #1175 ),
 ( #491, #1973, #1721, #1006 ),
 ( #1660, #177, #2163, #1920 ) ),
 .UNSPECIFIED., .F., .F., .F.,
 ( 4, 1, 1, 1, 4 ),
 ( 4, 4 ),
 ( 0.000000000000000000, 0.2500000000000000000, 0.5000000000000000000, 0.7500000000000000000, 1.000000000000000000 ),
 ( 0.000000000000000000, 1.000000000000000000 ),
 .UNSPECIFIED. ) ;
#2431 = SURFACE_SIDE_STYLE ('',( #2969 ) ) ;
#2432 = CARTESIAN_POINT ( 'NONE',  ( 0.2500000000000000000, 4.401860820291154781E-17, 0.1250000000000000000 ) ) ;
#2433 = CARTESIAN_POINT ( 'NONE',  ( 8.966879666234280677, 4.599999999999999645, -4.200000000000000178 ) ) ;
#2434 = CARTESIAN_POINT ( 'NONE',  ( 4.830000000000000071, 4.599999999999999645, 0.04166666666666555413 ) ) ;
#2435 = UNCERTAINTY_MEASURE_WITH_UNIT (LENGTH_MEASURE( 1.000000000000000082E-05 ), #2464, 'distance_accuracy_value', 'NONE');
#2436 = ORIENTED_EDGE ( 'NONE', *, *, #1998, .F. ) ;
#2437 = CARTESIAN_POINT ( 'NONE',  ( 8.520836650256974565, 4.851914538015727807, -0.8502301223770795113 ) ) ;
#2438 = FACE_OUTER_BOUND ( 'NONE', #1700, .T. ) ;
#2439 = ORIENTED_EDGE ( 'NONE', *, *, #2700, .T. ) ;
#2440 = CARTESIAN_POINT ( 'NONE',  ( -0.5590169943749470072, 4.850000000000000533, -0.2795084971874745028 ) ) ;
#2441 = CARTESIAN_POINT ( 'NONE',  ( 4.955000000000000071, 4.829040692800909085, -0.1249999999999984041 ) ) ;
#2442 = EDGE_CURVE ( 'NONE', #62, #1951, #1571, .T. ) ;
#2443 = CARTESIAN_POINT ( 'NONE',  ( 9.570000000000000284, 14.05000000000000071, -4.750000000000000000 ) ) ;
#2444 = VERTEX_POINT ( 'NONE', #347 ) ;
#2445 = CARTESIAN_POINT ( 'NONE',  ( -0.5590169943749480064, 4.850000000000000533, 0.2795084971874745028 ) ) ;
#2446 = CARTESIAN_POINT ( 'NONE',  ( 7.870000000000000107, 4.401860820291265099E-17, 0.1250000000000052180 ) ) ;
#2447 = ADVANCED_FACE ( 'NONE', ( #1351 ), #1111, .T. ) ;
#2448 = LINE ( 'NONE', #2206, #506 ) ;
#2449 = CARTESIAN_POINT ( 'NONE',  ( -0.6240959133014200022, 4.850000000000000533, -0.03368606193255870018 ) ) ;
#2450 = CARTESIAN_POINT ( 'NONE',  ( 4.429044427481143131, 4.850652025734631501, 0.1041900990923629450 ) ) ;
#2451 = ORIENTED_EDGE ( 'NONE', *, *, #557, .F. ) ;
#2452 = LINE ( 'NONE', #2737, #2785 ) ;
#2453 = ORIENTED_EDGE ( 'NONE', *, *, #2346, .T. ) ;
#2454 = CARTESIAN_POINT ( 'NONE',  ( 4.830000000000000071, 4.599999999999999645, 0.1250000000000000000 ) ) ;
#2455 = B_SPLINE_SURFACE_WITH_KNOTS ( 'NONE', 3, 3, ( 
 ( #972, #263, #2418, #197 ),
 ( #2433, #1194, #707, #210 ),
 ( #1210, #1958, #2597, #2993 ),
 ( #2074, #2348, #1372, #779 ),
 ( #1828, #1579, #1856, #1595 ),
 ( #128, #1871, #532, #372 ),
 ( #2827, #611, #387, #2566 ),
 ( #1841, #1092, #3084, #871 ),
 ( #2323, #1383, #2100, #339 ),
 ( #595, #1343, #857, #2583 ),
 ( #3072, #2336, #1517, #3059 ),
 ( #1610, #1131, #358, #1765 ),
 ( #101, #845, #2008, #2114 ),
 ( #3102, #887, #2855, #1326 ),
 ( #2365, #626, #324, #115 ),
 ( #2813, #1107, #85, #639 ),
 ( #1623, #2842, #2611, #145 ) ),
 .UNSPECIFIED., .F., .F., .F.,
 ( 4, 1, 1, 1, 2, 1, 1, 1, 2, 1, 1, 1, 4 ),
 ( 4, 4 ),
 ( 0.000000000000000000, 0.03164036201928845105, 0.06328072403857690209, 0.09492108605786529762, 0.1265614480771535821, 0.3132807240385769854, 0.5000000000000000000, 0.6867192759614230146, 0.8734385519228460293, 0.9050789139421340224, 0.9367192759614230146, 0.9683596379807110077, 1.000000000000000000 ),
 ( 0.000000000000000000, 1.000000000000000000 ),
 .UNSPECIFIED. ) ;
#2456 = FACE_OUTER_BOUND ( 'NONE', #711, .T. ) ;
#2457 = FILL_AREA_STYLE ('',( #2741 ) ) ;
#2458 = DIRECTION ( 'NONE',  ( 0.000000000000000000, -1.214306433183763733E-16, -1.000000000000000000 ) ) ;
#2459 = VERTEX_POINT ( 'NONE', #2265 ) ;
#2460 = VECTOR ( 'NONE', #529, 1000.000000000000000 ) ;
#2461 = ORIENTED_EDGE ( 'NONE', *, *, #89, .F. ) ;
#2462 = EDGE_CURVE ( 'NONE', #35, #3126, #2400, .T. ) ;
#2463 = VECTOR ( 'NONE', #3116, 1000.000000000000000 ) ;
#2464 =( LENGTH_UNIT ( ) NAMED_UNIT ( * ) SI_UNIT ( .MILLI., .METRE. ) );
#2465 = CARTESIAN_POINT ( 'NONE',  ( 2.192702380778599913, 4.850000000000000533, -0.5581066337228159924 ) ) ;
#2466 = AXIS2_PLACEMENT_3D ( 'NONE', #1976, #1742, #2227 ) ;
#2467 = VECTOR ( 'NONE', #1530, 1000.000000000000000 ) ;
#2468 = ADVANCED_FACE ( 'NONE', ( #2032 ), #1662, .F. ) ;
#2469 = CARTESIAN_POINT ( 'NONE',  ( 2.790000000000000036, 6.599999999999999645, 0.1250000000000000000 ) ) ;
#2470 = STYLED_ITEM ( 'NONE', ( #1941 ), #3036 ) ;
#2471 = CARTESIAN_POINT ( 'NONE',  ( 7.725442068305239829, 4.850000000000000533, -3.694015320778815337 ) ) ;
#2472 = VERTEX_POINT ( 'NONE', #152 ) ;
#2473 = CARTESIAN_POINT ( 'NONE',  ( 9.070000000000000284, 4.709475483095160619, -0.9051002116747179915 ) ) ;
#2474 = CARTESIAN_POINT ( 'NONE',  ( 5.639016994374949299, 4.850000000000000533, -0.2795084971874755020 ) ) ;
#2475 = LINE ( 'NONE', #253, #2622 ) ;
#2476 = ORIENTED_EDGE ( 'NONE', *, *, #1208, .T. ) ;
#2477 = CARTESIAN_POINT ( 'NONE',  ( 4.871666666666669698, 4.599999999999999645, 0.1250000000000000000 ) ) ;
#2478 = CARTESIAN_POINT ( 'NONE',  ( -0.7001760844657550775, 4.850000000000000533, -2.113965836608454829 ) ) ;
#2479 = CARTESIAN_POINT ( 'NONE',  ( -1.830000000000000071, 14.05000000000000071, 1.199999999999999956 ) ) ;
#2480 = CARTESIAN_POINT ( 'NONE',  ( 8.135257005524579199, 4.840609750061213745, 0.2576285027622865487 ) ) ;
#2481 = VERTEX_POINT ( 'NONE', #2618 ) ;
#2482 = CARTESIAN_POINT ( 'NONE',  ( 7.745000000000000107, 4.599999999999999645, -0.1250000000000000000 ) ) ;
#2483 = CARTESIAN_POINT ( 'NONE',  ( 7.057892835681300880, 4.850652025734631501, 0.2810535821593492245 ) ) ;
#2484 = CARTESIAN_POINT ( 'NONE',  ( -1.074827586206895891, 4.848917728547109895, 0.01293103448275768029 ) ) ;
#2485 = EDGE_CURVE ( 'NONE', #2264, #391, #364, .T. ) ;
#2486 = DIRECTION ( 'NONE',  ( 1.000000000000000000, 0.000000000000000000, 6.505213034913050270E-16 ) ) ;
#2487 = FACE_OUTER_BOUND ( 'NONE', #693, .T. ) ;
#2488 = CARTESIAN_POINT ( 'NONE',  ( 4.431029356057969437, 4.850326012867316017, -0.1038805771496604663 ) ) ;
#2489 = EDGE_CURVE ( 'NONE', #1281, #2967, #2135, .T. ) ;
#2490 = ORIENTED_EDGE ( 'NONE', *, *, #1582, .F. ) ;
#2491 = B_SPLINE_CURVE_WITH_KNOTS ( 'NONE', 3,
 ( #2454, #963, #1944, #1654 ),
 .UNSPECIFIED., .F., .F.,
 ( 4, 4 ),
 ( 0.000000000000000000, 0.7545268312477989570 ),
 .UNSPECIFIED. ) ;
#2492 = CARTESIAN_POINT ( 'NONE',  ( 9.070000000000000284, 4.781848812661320558, -2.629032502606970301 ) ) ;
#2493 = CARTESIAN_POINT ( 'NONE',  ( 5.330000000000000071, 4.784797426536750997, -0.1250000000000019984 ) ) ;
#2494 = LINE ( 'NONE', #1996, #2524 ) ;
#2495 = VERTEX_POINT ( 'NONE', #1364 ) ;
#2496 = CARTESIAN_POINT ( 'NONE',  ( 4.722787932428129665, 4.824772590979070408, 0.2551804411582775378 ) ) ;
#2497 = CARTESIAN_POINT ( 'NONE',  ( 0.4045084971874725044, 4.817398713268380206, -0.2022542485937385004 ) ) ;
#2498 = SURFACE_STYLE_USAGE ( .BOTH. , #2965 ) ;
#2499 = CARTESIAN_POINT ( 'NONE',  ( 9.070000000000000284, 4.768619157819560250, 0.2513991269969325093 ) ) ;
#2500 = VERTEX_POINT ( 'NONE', #1422 ) ;
#2501 = DIRECTION ( 'NONE',  ( -1.000000000000000000, 8.499851737735099270E-32, 0.000000000000000000 ) ) ;
#2502 = CARTESIAN_POINT ( 'NONE',  ( 8.494774037378384435, 4.849999999999997868, -3.282764402428631545 ) ) ;
#2503 = CARTESIAN_POINT ( 'NONE',  ( -1.021371067796527976, 4.837058699668439488, 0.06707421172587499369 ) ) ;
#2504 = DIRECTION ( 'NONE',  ( 1.000000000000000000, 0.000000000000000000, 0.000000000000000000 ) ) ;
#2505 = CARTESIAN_POINT ( 'NONE',  ( 2.182787932428130073, 4.824772590979070408, -0.2551804411582789811 ) ) ;
#2506 = DIRECTION ( 'NONE',  ( 1.000000000000000000, 1.059017651961891883E-31, 5.421010862427549780E-16 ) ) ;
#2507 = ORIENTED_EDGE ( 'NONE', *, *, #1136, .F. ) ;
#2508 = CARTESIAN_POINT ( 'NONE',  ( 1.935081183375470193, 4.850000000000000533, -0.1877048526883060009 ) ) ;
#2509 = CARTESIAN_POINT ( 'NONE',  ( 5.730955572518850794, 4.850652025734631501, -0.1041900990923645132 ) ) ;
#2510 = CARTESIAN_POINT ( 'NONE',  ( 5.330000000000000071, 6.599999999999999645, 0.1250000000000011935 ) ) ;
#2511 = ORIENTED_EDGE ( 'NONE', *, *, #2772, .F. ) ;
#2512 = CARTESIAN_POINT ( 'NONE',  ( 5.639016994374949299, 4.850000000000000533, 0.2795084971874720048 ) ) ;
#2513 = EDGE_CURVE ( 'NONE', #508, #2876, #1876, .T. ) ;
#2514 = CARTESIAN_POINT ( 'NONE',  ( 9.070000000000000284, 13.59999999999999964, -4.200000000000000178 ) ) ;
#2515 = CYLINDRICAL_SURFACE ( 'NONE', #2007, 0.04999999999999969746 ) ;
#2516 = CARTESIAN_POINT ( 'NONE',  ( 9.070000000000000284, 4.599999999999999645, 0.5470352064607640896 ) ) ;
#2517 = ORIENTED_EDGE ( 'NONE', *, *, #510, .T. ) ;
#2518 = CARTESIAN_POINT ( 'NONE',  ( 2.290000000000000036, 6.599999999999999645, -0.1250000000000000000 ) ) ;
#2519 = CARTESIAN_POINT ( 'NONE',  ( 2.685096274972727404, 4.807640651378913610, 0.2643348662903786117 ) ) ;
#2520 = CARTESIAN_POINT ( 'NONE',  ( -0.8271033461870860304, 4.850000000000000533, -0.3314264505800370020 ) ) ;
#2521 = VECTOR ( 'NONE', #758, 1000.000000000000000 ) ;
#2522 = CARTESIAN_POINT ( 'NONE',  ( 3.103652249290568488, 4.850978038601947873, -0.2818261246452876123 ) ) ;
#2523 = CARTESIAN_POINT ( 'NONE',  ( 0.6489706439420309669, 4.850326012867316017, 0.1038805771496586622 ) ) ;
#2524 = VECTOR ( 'NONE', #501, 1000.000000000000000 ) ;
#2525 = VERTEX_POINT ( 'NONE', #428 ) ;
#2526 = CARTESIAN_POINT ( 'NONE',  ( 9.070000000000000284, 13.59999999999999964, 0.6999999999999999556 ) ) ;
#2527 = VECTOR ( 'NONE', #3091, 1000.000000000000000 ) ;
#2528 = LINE ( 'NONE', #2945, #2575 ) ;
#2529 = ORIENTED_EDGE ( 'NONE', *, *, #2485, .T. ) ;
#2530 = EDGE_CURVE ( 'NONE', #212, #1440, #2122, .T. ) ;
#2531 = VECTOR ( 'NONE', #1319, 1000.000000000000000 ) ;
#2532 = CARTESIAN_POINT ( 'NONE',  ( 5.437212067571870477, 4.824772590979070408, 0.2551804411582755394 ) ) ;
#2533 = SURFACE_STYLE_USAGE ( .BOTH. , #2810 ) ;
#2534 = CARTESIAN_POINT ( 'NONE',  ( 8.060454201863816337, 4.850813808421803763, 0.1862479697336012208 ) ) ;
#2535 = ORIENTED_EDGE ( 'NONE', *, *, #3159, .F. ) ;
#2536 = EDGE_CURVE ( 'NONE', #852, #2459, #2860, .T. ) ;
#2537 = CARTESIAN_POINT ( 'NONE',  ( 7.870000000000000107, 4.599999999999999645, -0.1250000000000019984 ) ) ;
#2538 = FACE_OUTER_BOUND ( 'NONE', #3048, .T. ) ;
#2539 = CARTESIAN_POINT ( 'NONE',  ( 1.945163068708116949, 4.850537260084758273, -0.01331595730831938371 ) ) ;
#2540 = DIRECTION ( 'NONE',  ( -1.000000000000000000, 0.000000000000000000, 0.000000000000000000 ) ) ;
#2541 = DIRECTION ( 'NONE',  ( 0.000000000000000000, 1.000000000000000000, 0.000000000000000000 ) ) ;
#2542 = VERTEX_POINT ( 'NONE', #2602 ) ;
#2543 = CARTESIAN_POINT ( 'NONE',  ( -0.5590169943749470072, 4.850000000000000533, -0.2795084971874745028 ) ) ;
#2544 = CARTESIAN_POINT ( 'NONE',  ( 8.135257005524579199, 4.840609750061213745, 0.2576285027622865487 ) ) ;
#2545 = CARTESIAN_POINT ( 'NONE',  ( -0.4484928576826029967, 4.817398713268380206, -0.07261886093681309273 ) ) ;
#2546 = ORIENTED_EDGE ( 'NONE', *, *, #1549, .T. ) ;
#2547 = CARTESIAN_POINT ( 'NONE',  ( 2.117570070072375188, 4.815986383258029413, 0.2112149649638107862 ) ) ;
#2548 = EDGE_LOOP ( 'NONE', ( #1030, #2246, #2984, #2837, #1116 ) ) ;
#2549 = LINE ( 'NONE', #2518, #2467 ) ;
#2550 = ADVANCED_FACE ( 'NONE', ( #924 ), #1179, .T. ) ;
#2551 = CARTESIAN_POINT ( 'NONE',  ( 4.483701758299235784, 4.850000000000000533, -0.2049460025358325055 ) ) ;
#2552 = CARTESIAN_POINT ( 'NONE',  ( 5.793015993757729909, 4.850000000000000533, -0.009767121699820300804 ) ) ;
#2553 = EDGE_CURVE ( 'NONE', #414, #303, #1391, .T. ) ;
#2554 = CARTESIAN_POINT ( 'NONE',  ( 2.033909198189594925, 4.850000000000000533, -0.3853608823165555197 ) ) ;
#2555 = CARTESIAN_POINT ( 'NONE',  ( 0.4484928576826019420, 4.817398713268380206, 0.07261886093681139964 ) ) ;
#2556 = EDGE_LOOP ( 'NONE', ( #2002, #555, #249, #1071 ) ) ;
#2557 = CARTESIAN_POINT ( 'NONE',  ( 0.3110011184765105186, 4.817255392734955954, 0.2746899974770058428 ) ) ;
#2558 = DIRECTION ( 'NONE',  ( 0.000000000000000000, 0.000000000000000000, 1.000000000000000000 ) ) ;
#2559 = DIRECTION ( 'NONE',  ( -1.000000000000000000, -7.010384997569550548E-32, -4.336808689942040416E-16 ) ) ;
#2560 = ORIENTED_EDGE ( 'NONE', *, *, #2021, .F. ) ;
#2561 = CARTESIAN_POINT ( 'NONE',  ( -0.2500000000000000000, 6.599999999999999645, 0.1249999999999975853 ) ) ;
#2562 = B_SPLINE_CURVE_WITH_KNOTS ( 'NONE', 3,
 ( #179, #1193, #644, #1613 ),
 .UNSPECIFIED., .F., .F.,
 ( 4, 4 ),
 ( 0.000000000000000000, 1.000000000000000000 ),
 .UNSPECIFIED. ) ;
#2563 =( LENGTH_UNIT ( ) NAMED_UNIT ( * ) SI_UNIT ( .MILLI., .METRE. ) );
#2564 = ORIENTED_EDGE ( 'NONE', *, *, #36, .F. ) ;
#2565 = DIRECTION ( 'NONE',  ( 0.000000000000000000, -1.000000000000000000, 1.214306433183763733E-16 ) ) ;
#2566 = CARTESIAN_POINT ( 'NONE',  ( 7.080110183329130003, 4.850000000000000533, -3.611999202836229994 ) ) ;
#2567 = CARTESIAN_POINT ( 'NONE',  ( 5.430311177860249749, 4.798989863998810002, 0.1751555889301230073 ) ) ;
#2568 = CARTESIAN_POINT ( 'NONE',  ( -0.09480521458504555243, 4.851558934338057405, 0.2029372961029123346 ) ) ;
#2569 = EDGE_CURVE ( 'NONE', #1822, #2459, #2354, .T. ) ;
#2570 = CARTESIAN_POINT ( 'NONE',  ( 3.163636117360619782, 4.850000000000000533, -0.04185060306135209712 ) ) ;
#2571 = CARTESIAN_POINT ( 'NONE',  ( 8.179016994374949334, 4.850000000000000533, -0.2795084971874755020 ) ) ;
#2572 = EDGE_CURVE ( 'NONE', #2853, #2666, #1124, .T. ) ;
#2573 = VECTOR ( 'NONE', #2629, 1000.000000000000000 ) ;
#2574 = DIRECTION ( 'NONE',  ( -2.433923244355214800E-16, -1.214306433183763733E-16, -1.000000000000000000 ) ) ;
#2575 = VECTOR ( 'NONE', #1751, 1000.000000000000000 ) ;
#2576 = CARTESIAN_POINT ( 'NONE',  ( -0.6509555725188570507, 4.850652025734631501, 0.1041900990923629450 ) ) ;
#2577 = ORIENTED_EDGE ( 'NONE', *, *, #2569, .T. ) ;
#2578 = CARTESIAN_POINT ( 'NONE',  ( 2.665000000000000036, 4.599999999999999645, -0.1250000000000000000 ) ) ;
#2579 = VECTOR ( 'NONE', #2006, 1000.000000000000000 ) ;
#2580 = CARTESIAN_POINT ( 'NONE',  ( -4.119968255444915272E-15, 4.850000000000000533, -0.6584466831385940022 ) ) ;
#2581 = EDGE_LOOP ( 'NONE', ( #687, #1812, #2317, #1731 ) ) ;
#2582 = CARTESIAN_POINT ( 'NONE',  ( 7.370000000000000107, 6.599999999999999645, -0.1249999999999975853 ) ) ;
#2583 = CARTESIAN_POINT ( 'NONE',  ( 1.946353547080730051, 4.850000000000000533, -3.490264672793574441 ) ) ;
#2584 = LINE ( 'NONE', #146, #2877 ) ;
#2585 = CARTESIAN_POINT ( 'NONE',  ( -0.9679428337088139545, 4.776681283822200363, 0.6999999999999999556 ) ) ;
#2586 = EDGE_CURVE ( 'NONE', #1529, #2040, #2210, .T. ) ;
#2587 = LINE ( 'NONE', #1781, #1485 ) ;
#2588 = CARTESIAN_POINT ( 'NONE',  ( -0.8196551724137910444, 4.850000000000000533, -2.825862068965520280 ) ) ;
#2589 = EDGE_CURVE ( 'NONE', #1433, #3082, #377, .T. ) ;
#2590 = FACE_OUTER_BOUND ( 'NONE', #3161, .T. ) ;
#2591 = ORIENTED_EDGE ( 'NONE', *, *, #2569, .F. ) ;
#2592 = CARTESIAN_POINT ( 'NONE',  ( 4.830000000000000071, 4.401860820291220109E-17, 0.1250000000000031919 ) ) ;
#2593 =( NAMED_UNIT ( * ) SI_UNIT ( $, .STERADIAN. ) SOLID_ANGLE_UNIT ( ) );
#2594 = B_SPLINE_CURVE_WITH_KNOTS ( 'NONE', 3,
 ( #1026, #1467, #1708, #495 ),
 .UNSPECIFIED., .F., .F.,
 ( 4, 4 ),
 ( 0.000000000000000000, 1.000000000000000000 ),
 .UNSPECIFIED. ) ;
#2595 = ORIENTED_EDGE ( 'NONE', *, *, #535, .F. ) ;
#2596 = CARTESIAN_POINT ( 'NONE',  ( 7.370000000000000107, 4.784797426536750997, -0.1250000000000019984 ) ) ;
#2597 = CARTESIAN_POINT ( 'NONE',  ( 8.663672412479360929, 4.813331072082879913, -3.691548088234919867 ) ) ;
#2598 = CARTESIAN_POINT ( 'NONE',  ( 5.639016994374949299, 4.850000000000000533, -0.2795084971874755020 ) ) ;
#2599 = LINE ( 'NONE', #205, #1180 ) ;
#2600 = FACE_OUTER_BOUND ( 'NONE', #2548, .T. ) ;
#2601 = CYLINDRICAL_SURFACE ( 'NONE', #346, 0.04999999999999969746 ) ;
#2602 = CARTESIAN_POINT ( 'NONE',  ( -1.879999999999999893, 4.100000000000000533, 1.199999999999999956 ) ) ;
#2603 = CARTESIAN_POINT ( 'NONE',  ( -0.6489706439420309669, 4.850326012867316017, -0.1038805771496604663 ) ) ;
#2604 = B_SPLINE_CURVE_WITH_KNOTS ( 'NONE', 3,
 ( #846, #2567, #2763, #828 ),
 .UNSPECIFIED., .F., .F.,
 ( 4, 4 ),
 ( 0.1942534015475625153, 1.000000000000000000 ),
 .UNSPECIFIED. ) ;
#2605 = ORIENTED_EDGE ( 'NONE', *, *, #2530, .T. ) ;
#2606 = PLANE ( 'NONE',  #1538 ) ;
#2607 = CARTESIAN_POINT ( 'NONE',  ( 7.870000000000000107, 4.784797426536750997, -0.1250000000000019984 ) ) ;
#2608 = VERTEX_POINT ( 'NONE', #645 ) ;
#2609 = PLANE ( 'NONE',  #1342 ) ;
#2610 = ADVANCED_FACE ( 'NONE', ( #907 ), #1890, .F. ) ;
#2611 = CARTESIAN_POINT ( 'NONE',  ( -1.074827586206893892, 4.848917728547109895, -3.512931034482759785 ) ) ;
#2612 = DIRECTION ( 'NONE',  ( -4.336808689942040416E-16, 0.000000000000000000, 1.000000000000000000 ) ) ;
#2613 = CARTESIAN_POINT ( 'NONE',  ( 9.070000000000000284, 4.843033864083570172, 0.6999999999999999556 ) ) ;
#2614 = ORIENTED_EDGE ( 'NONE', *, *, #1203, .T. ) ;
#2615 = CARTESIAN_POINT ( 'NONE',  ( 7.059437920653174992, 4.850326012867316017, -0.2802810396734113918 ) ) ;
#2616 = DIRECTION ( 'NONE',  ( 1.000000000000000000, 0.000000000000000000, 0.000000000000000000 ) ) ;
#2617 = CARTESIAN_POINT ( 'NONE',  ( -0.2500000000000000000, 4.736756039249839567, 0.1250000000000000000 ) ) ;
#2618 = CARTESIAN_POINT ( 'NONE',  ( 8.113157570142341513, 4.846197500772698064, 0.3399206025087544436 ) ) ;
#2619 = DIRECTION ( 'NONE',  ( -1.000000000000000000, 0.000000000000000000, 0.000000000000000000 ) ) ;
#2620 = VECTOR ( 'NONE', #1057, 1000.000000000000000 ) ;
#2621 = ORIENTED_EDGE ( 'NONE', *, *, #3155, .F. ) ;
#2622 = VECTOR ( 'NONE', #1252, 1000.000000000000000 ) ;
#2623 = PRODUCT_DEFINITION ( 'UNKNOWN', '', #666, #958 ) ;
#2624 = ORIENTED_EDGE ( 'NONE', *, *, #2252, .F. ) ;
#2625 = AXIS2_PLACEMENT_3D ( 'NONE', #973, #759, #2733 ) ;
#2626 = CARTESIAN_POINT ( 'NONE',  ( 5.639016994374949299, 4.850000000000000533, -0.2795084971874755020 ) ) ;
#2627 = CARTESIAN_POINT ( 'NONE',  ( 8.559655172413799917, 4.850000000000000533, -2.825862068965524720 ) ) ;
#2628 = AXIS2_PLACEMENT_3D ( 'NONE', #460, #2193, #2662 ) ;
#2629 = DIRECTION ( 'NONE',  ( 0.000000000000000000, 0.000000000000000000, -1.000000000000000000 ) ) ;
#2630 = EDGE_CURVE ( 'NONE', #1666, #315, #2594, .T. ) ;
#2631 = PLANE ( 'NONE',  #2882 ) ;
#2632 = EDGE_LOOP ( 'NONE', ( #1457, #2046, #1339, #1413 ) ) ;
#2633 = PRESENTATION_STYLE_ASSIGNMENT (( #1676 ) ) ;
#2634 = B_SPLINE_CURVE_WITH_KNOTS ( 'NONE', 3,
 ( #1499, #2936, #2465, #723, #512, #3164, #1209 ),
 .UNSPECIFIED., .F., .F.,
 ( 4, 1, 1, 1, 4 ),
 ( 0.000000000000000000, 0.2500000000000000000, 0.5000000000000000000, 0.7500000000000000000, 1.000000000000000000 ),
 .UNSPECIFIED. ) ;
#2635 = CARTESIAN_POINT ( 'NONE',  ( -1.330000000000000071, 4.847835457094220146, -4.200000000000000178 ) ) ;
#2636 = DIRECTION ( 'NONE',  ( 0.000000000000000000, 0.000000000000000000, 1.000000000000000000 ) ) ;
#2637 = ORIENTED_EDGE ( 'NONE', *, *, #998, .T. ) ;
#2638 = DIRECTION ( 'NONE',  ( 5.656706986880899023E-17, 1.214306433183763733E-16, 1.000000000000000000 ) ) ;
#2639 = EDGE_LOOP ( 'NONE', ( #675, #2894, #2997, #1221 ) ) ;
#2640 = CARTESIAN_POINT ( 'NONE',  ( 5.330000000000000071, 4.401860820291225039E-17, 0.1250000000000036082 ) ) ;
#2641 = CARTESIAN_POINT ( 'NONE',  ( 4.955000000000000071, 4.599999999999999645, -0.1249999999999984041 ) ) ;
#2642 = LINE ( 'NONE', #129, #561 ) ;
#2643 = FACE_OUTER_BOUND ( 'NONE', #745, .T. ) ;
#2644 = VERTEX_POINT ( 'NONE', #2693 ) ;
#2645 = ORIENTED_EDGE ( 'NONE', *, *, #441, .F. ) ;
#2646 = LINE ( 'NONE', #3132, #821 ) ;
#2647 = CARTESIAN_POINT ( 'NONE',  ( 0.5590169943749458970, 4.850000000000000533, -0.2795084971874755020 ) ) ;
#2648 = EDGE_CURVE ( 'NONE', #946, #2665, #23, .T. ) ;
#2649 = CARTESIAN_POINT ( 'NONE',  ( 2.790000000000000036, 4.729838242682990135, 0.1249999999999984041 ) ) ;
#2650 = CARTESIAN_POINT ( 'NONE',  ( -0.6240959133014200022, 4.850000000000000533, -0.03368606193255870018 ) ) ;
#2651 = VERTEX_POINT ( 'NONE', #1990 ) ;
#2652 = CARTESIAN_POINT ( 'NONE',  ( 7.870000000000000107, 4.599999999999999645, 0.04166666666666555413 ) ) ;
#2653 = VERTEX_POINT ( 'NONE', #2178 ) ;
#2654 = PLANE ( 'NONE',  #610 ) ;
#2655 = CARTESIAN_POINT ( 'NONE',  ( 2.540000000000000036, 4.849420349971629740, 0.3917233415692885079 ) ) ;
#2656 = DIRECTION ( 'NONE',  ( 1.000000000000000000, 7.010384997569550548E-32, 4.336808689942040416E-16 ) ) ;
#2657 = ORIENTED_EDGE ( 'NONE', *, *, #1152, .T. ) ;
#2658 = VERTEX_POINT ( 'NONE', #956 ) ;
#2659 = DIRECTION ( 'NONE',  ( -0.000000000000000000, 0.000000000000000000, 1.000000000000000000 ) ) ;
#2660 =( LENGTH_UNIT ( ) NAMED_UNIT ( * ) SI_UNIT ( .MILLI., .METRE. ) );
#2661 = EDGE_CURVE ( 'NONE', #1497, #2067, #691, .T. ) ;
#2662 = DIRECTION ( 'NONE',  ( -1.000000000000000000, 8.499851737735099270E-32, 0.000000000000000000 ) ) ;
#2663 = CARTESIAN_POINT ( 'NONE',  ( 4.830000000000000071, 4.599999999999999645, -0.1250000000000019984 ) ) ;
#2664 = EDGE_CURVE ( 'NONE', #2653, #2472, #478, .T. ) ;
#2665 = VERTEX_POINT ( 'NONE', #2906 ) ;
#2666 = VERTEX_POINT ( 'NONE', #1452 ) ;
#2667 = B_SPLINE_CURVE_WITH_KNOTS ( 'NONE', 3,
 ( #750, #2001, #2411, #2983 ),
 .UNSPECIFIED., .F., .F.,
 ( 4, 4 ),
 ( 0.000000000000000000, 1.000000000000000000 ),
 .UNSPECIFIED. ) ;
#2668 = LINE ( 'NONE', #202, #1432 ) ;
#2669 = VECTOR ( 'NONE', #1115, 1000.000000000000000 ) ;
#2670 = CARTESIAN_POINT ( 'NONE',  ( 4.675491502812529454, 4.817398713268380206, -0.2022542485937385004 ) ) ;
#2671 = VECTOR ( 'NONE', #1320, 1000.000000000000000 ) ;
#2672 = CARTESIAN_POINT ( 'NONE',  ( 5.013105721275226578, 4.817713527238510984, 0.2914481456304006679 ) ) ;
#2673 = AXIS2_PLACEMENT_3D ( 'NONE', #2257, #1091, #2501 ) ;
#2674 = VERTEX_POINT ( 'NONE', #2449 ) ;
#2675 = ORIENTED_EDGE ( 'NONE', *, *, #1787, .F. ) ;
#2676 = VECTOR ( 'NONE', #757, 1000.000000000000000 ) ;
#2677 = CARTESIAN_POINT ( 'NONE',  ( 2.540000000000000036, 6.599999999999999645, -6.718584022458120826E-16 ) ) ;
#2678 = CARTESIAN_POINT ( 'NONE',  ( -0.8145517241379310880, 4.850021645429058559, -0.6878793103448298529 ) ) ;
#2679 = AXIS2_PLACEMENT_3D ( 'NONE', #2754, #2033, #252 ) ;
#2680 = PLANE ( 'NONE',  #2628 ) ;
#2681 = FACE_OUTER_BOUND ( 'NONE', #1905, .T. ) ;
#2682 = ORIENTED_EDGE ( 'NONE', *, *, #2903, .T. ) ;
#2683 = EDGE_CURVE ( 'NONE', #2967, #2180, #1724, .T. ) ;
#2684 = CARTESIAN_POINT ( 'NONE',  ( 8.183652249290576108, 4.850978038601947873, -0.2818261246452876123 ) ) ;
#2685 = ORIENTED_EDGE ( 'NONE', *, *, #2963, .F. ) ;
#2686 = CARTESIAN_POINT ( 'NONE',  ( 2.290000000000000036, 4.599999999999999645, 0.1250000000000000000 ) ) ;
#2687 = EDGE_CURVE ( 'NONE', #2666, #337, #3179, .T. ) ;
#2688 = CARTESIAN_POINT ( 'NONE',  ( 5.080000000000000071, 4.850000000000000533, -0.6584466831385940022 ) ) ;
#2689 = CARTESIAN_POINT ( 'NONE',  ( 7.272702380778600428, 4.850000000000000533, 0.5581066337228229868 ) ) ;
#2690 = EDGE_LOOP ( 'NONE', ( #45, #2436, #2188, #400 ) ) ;
#2691 = CARTESIAN_POINT ( 'NONE',  ( -0.5060908018104069983, 4.850000000000000533, -0.3853608823165550201 ) ) ;
#2692 = LINE ( 'NONE', #1707, #2164 ) ;
#2693 = CARTESIAN_POINT ( 'NONE',  ( 7.870000000000000107, 4.599999999999999645, -0.1250000000000019984 ) ) ;
#2694 = CARTESIAN_POINT ( 'NONE',  ( 7.370000000000000107, 4.401860820291254622E-17, 0.1250000000000049960 ) ) ;
#2695 = ORIENTED_EDGE ( 'NONE', *, *, #1619, .F. ) ;
#2696 = CARTESIAN_POINT ( 'NONE',  ( 9.070000000000000284, 4.599999999999999645, -3.424568382267545008 ) ) ;
#2697 = DIRECTION ( 'NONE',  ( 0.000000000000000000, 0.000000000000000000, -1.000000000000000000 ) ) ;
#2698 = CARTESIAN_POINT ( 'NONE',  ( 8.241039661196889909, 4.850000000000000533, 0.07062059986233640285 ) ) ;
#2699 = ORIENTED_EDGE ( 'NONE', *, *, #1913, .T. ) ;
#2700 = EDGE_CURVE ( 'NONE', #1882, #657, #1438, .T. ) ;
#2701 = FACE_OUTER_BOUND ( 'NONE', #1265, .T. ) ;
#2702 = LINE ( 'NONE', #2201, #3144 ) ;
#2703 = B_SPLINE_CURVE_WITH_KNOTS ( 'NONE', 3,
 ( #768, #2037, #542, #3018 ),
 .UNSPECIFIED., .F., .F.,
 ( 4, 4 ),
 ( 0.000000000000000000, 0.9197045790240010454 ),
 .UNSPECIFIED. ) ;
#2704 = FACE_OUTER_BOUND ( 'NONE', #3006, .T. ) ;
#2705 = CARTESIAN_POINT ( 'NONE',  ( 7.828333333333329591, 4.799545181958140283, 0.1249999999999984041 ) ) ;
#2706 = VERTEX_POINT ( 'NONE', #2919 ) ;
#2707 = ADVANCED_FACE ( 'NONE', ( #2971 ), #2711, .F. ) ;
#2708 = CARTESIAN_POINT ( 'NONE',  ( -0.1250000000000000000, 4.599999999999999645, 0.1250000000000062172 ) ) ;
#2709 = PRESENTATION_STYLE_ASSIGNMENT (( #954 ) ) ;
#2710 = DIRECTION ( 'NONE',  ( -0.000000000000000000, -0.000000000000000000, -1.000000000000000000 ) ) ;
#2711 = PLANE ( 'NONE',  #2466 ) ;
#2712 = CARTESIAN_POINT ( 'NONE',  ( 4.830000000000000071, 4.599999999999999645, -0.1250000000000019984 ) ) ;
#2713 = ORIENTED_EDGE ( 'NONE', *, *, #2290, .F. ) ;
#2714 = CARTESIAN_POINT ( 'NONE',  ( 8.799476182392599100, 4.786182066142390390, -1.085254519081463975 ) ) ;
#2715 = CARTESIAN_POINT ( 'NONE',  ( 5.330000000000000071, 4.784797426536750997, 0.1249999999999984041 ) ) ;
#2716 = B_SPLINE_CURVE_WITH_KNOTS ( 'NONE', 3,
 ( #2407, #189, #2424, #417 ),
 .UNSPECIFIED., .F., .F.,
 ( 4, 4 ),
 ( 0.000000000000000000, 0.0003156952283602614245 ),
 .UNSPECIFIED. ) ;
#2717 = CARTESIAN_POINT ( 'NONE',  ( 8.155426717540425585, 4.838405232440192272, 0.1877381282661086392 ) ) ;
#2718 = VERTEX_POINT ( 'NONE', #2469 ) ;
#2719 = CARTESIAN_POINT ( 'NONE',  ( 5.586090801810410511, 4.850000000000000533, 0.3853608823165530217 ) ) ;
#2720 = FACE_OUTER_BOUND ( 'NONE', #1866, .T. ) ;
#2721 = EDGE_CURVE ( 'NONE', #2658, #3033, #459, .T. ) ;
#2722 = CARTESIAN_POINT ( 'NONE',  ( 5.169424626945263057, 4.818678714954516273, 0.2948035761927903509 ) ) ;
#2723 = EDGE_LOOP ( 'NONE', ( #1170, #1163, #2778, #1005, #1324, #1587, #1035, #1000 ) ) ;
#2724 = VECTOR ( 'NONE', #1207, 1000.000000000000000 ) ;
#2725 = DIRECTION ( 'NONE',  ( 0.000000000000000000, 0.000000000000000000, 1.000000000000000000 ) ) ;
#2726 = ADVANCED_FACE ( 'NONE', ( #514 ), #2680, .T. ) ;
#2727 = AXIS2_PLACEMENT_3D ( 'NONE', #419, #1416, #1842 ) ;
#2728 = CARTESIAN_POINT ( 'NONE',  ( 2.539999999999999591, 4.599999999999999645, 0.1249999999999992645 ) ) ;
#2729 = FACE_OUTER_BOUND ( 'NONE', #736, .T. ) ;
#2730 = AXIS2_PLACEMENT_3D ( 'NONE', #331, #316, #800 ) ;
#2731 = CARTESIAN_POINT ( 'NONE',  ( 3.158116240415314913, 4.850000000000000533, -0.1235188097397272033 ) ) ;
#2732 = CARTESIAN_POINT ( 'NONE',  ( 2.790000000000000036, 4.784797426536750997, 0.1249999999999984041 ) ) ;
#2733 = DIRECTION ( 'NONE',  ( -1.000000000000000000, 0.000000000000000000, 0.000000000000000000 ) ) ;
#2734 = ORIENTED_EDGE ( 'NONE', *, *, #409, .T. ) ;
#2735 = CARTESIAN_POINT ( 'NONE',  ( 7.004828643117290810, 4.850000000000000533, 0.1110967185962854070 ) ) ;
#2736 = CARTESIAN_POINT ( 'NONE',  ( 0.2500000000000000000, 4.599999999999999645, -1.741499739554841497E-15 ) ) ;
#2737 = CARTESIAN_POINT ( 'NONE',  ( -1.330000000000000071, 13.59999999999999964, 0.6999999999999999556 ) ) ;
#2738 = ORIENTED_EDGE ( 'NONE', *, *, #2664, .F. ) ;
#2739 = CARTESIAN_POINT ( 'NONE',  ( 5.427297619221399749, 4.850000000000000533, -0.5581066337228151042 ) ) ;
#2740 = LINE ( 'NONE', #524, #2885 ) ;
#2741 = FILL_AREA_STYLE_COLOUR ( '', #3090 ) ;
#2742 = CARTESIAN_POINT ( 'NONE',  ( 7.829495263621090828, 4.850158855190022322, 0.2063288938294476627 ) ) ;
#2743 = ORIENTED_EDGE ( 'NONE', *, *, #2047, .F. ) ;
#2744 = DIRECTION ( 'NONE',  ( 1.000000000000000000, 0.000000000000000000, 0.000000000000000000 ) ) ;
#2745 = CARTESIAN_POINT ( 'NONE',  ( 9.619999999999999218, 4.100000000000000533, 1.199999999999999956 ) ) ;
#2746 = CARTESIAN_POINT ( 'NONE',  ( 7.946133903289612554, 4.839008646633914168, 0.3857919581320649605 ) ) ;
#2747 = ADVANCED_FACE ( 'NONE', ( #3165 ), #3, .F. ) ;
#2748 = LINE ( 'NONE', #1360, #1959 ) ;
#2749 = LINE ( 'NONE', #533, #1482 ) ;
#2750 = CARTESIAN_POINT ( 'NONE',  ( -0.8292634558864994121, 4.850000000000000533, -2.883111424657101018 ) ) ;
#2751 = EDGE_LOOP ( 'NONE', ( #416, #444, #490, #2787 ) ) ;
#2752 = ADVANCED_FACE ( 'NONE', ( #440 ), #2455, .F. ) ;
#2753 = CARTESIAN_POINT ( 'NONE',  ( 8.578046038529221207, 4.850000000000000533, -0.5645590204300520165 ) ) ;
#2754 = CARTESIAN_POINT ( 'NONE',  ( 9.570000000000000284, 14.05000000000000071, 1.199999999999999956 ) ) ;
#2755 = CARTESIAN_POINT ( 'NONE',  ( 7.060983005625049991, 4.850000000000000533, -0.2795084971874745028 ) ) ;
#2756 = ORIENTED_EDGE ( 'NONE', *, *, #1407, .T. ) ;
#2757 = CARTESIAN_POINT ( 'NONE',  ( 4.573909198189589631, 4.850000000000000533, -0.3853608823165550201 ) ) ;
#2758 = CARTESIAN_POINT ( 'NONE',  ( 2.665000000000000036, 4.829040692800909085, 0.1250000000000069944 ) ) ;
#2759 = CARTESIAN_POINT ( 'NONE',  ( 9.070000000000000284, 4.599999999999999645, 1.350000000000000533 ) ) ;
#2760 = CARTESIAN_POINT ( 'NONE',  ( 8.070449704815660041, 4.850000000000000533, 0.1868930306966045118 ) ) ;
#2761 = ORIENTED_EDGE ( 'NONE', *, *, #2553, .F. ) ;
#2762 = CARTESIAN_POINT ( 'NONE',  ( 4.498735283006242369, 4.841454988134743509, 0.05541145486234539536 ) ) ;
#2763 = CARTESIAN_POINT ( 'NONE',  ( 5.330000000000000071, 4.748899897834750305, 0.1249999999999984041 ) ) ;
#2764 = CARTESIAN_POINT ( 'NONE',  ( 8.328420303774141331, 4.832921743013280036, 0.6999999999999999556 ) ) ;
#2765 = EDGE_CURVE ( 'NONE', #308, #852, #2748, .T. ) ;
#2766 = CARTESIAN_POINT ( 'NONE',  ( 2.135491502812524978, 4.817398713268380206, -0.2022542485937385004 ) ) ;
#2767 = LINE ( 'NONE', #2091, #767 ) ;
#2768 = UNCERTAINTY_MEASURE_WITH_UNIT (LENGTH_MEASURE( 1.000000000000000082E-05 ), #2563, 'distance_accuracy_value', 'NONE');
#2769 = EDGE_LOOP ( 'NONE', ( #1331, #3200, #3100, #2529 ) ) ;
#2770 = CARTESIAN_POINT ( 'NONE',  ( 1.980983005625055027, 4.850000000000000533, -0.2795084971874745028 ) ) ;
#2771 = DIRECTION ( 'NONE',  ( 0.000000000000000000, 0.000000000000000000, 1.000000000000000000 ) ) ;
#2772 = EDGE_CURVE ( 'NONE', #1200, #2139, #2095, .T. ) ;
#2773 = CARTESIAN_POINT ( 'NONE',  ( 9.570000000000000284, 4.100000000000000533, 1.250000000000000000 ) ) ;
#2774 = ORIENTED_EDGE ( 'NONE', *, *, #854, .T. ) ;
#2775 = CARTESIAN_POINT ( 'NONE',  ( 5.080000000000000071, 4.849420349971629740, 0.3917233415692885079 ) ) ;
#2776 = DIRECTION ( 'NONE',  ( 0.000000000000000000, -1.000000000000000000, 1.214306433183763733E-16 ) ) ;
#2777 = CARTESIAN_POINT ( 'NONE',  ( 8.055456450387895373, 4.851220712632706267, 0.1859254392520995891 ) ) ;
#2778 = ORIENTED_EDGE ( 'NONE', *, *, #599, .T. ) ;
#2779 = CARTESIAN_POINT ( 'NONE',  ( 4.456520793749409570, 4.850000000000000533, -0.04375893483960899971 ) ) ;
#2780 = CARTESIAN_POINT ( 'NONE',  ( -1.830000000000000071, 14.09999999999999964, 1.250000000000000000 ) ) ;
#2781 = CARTESIAN_POINT ( 'NONE',  ( 0.6579819164847610091, 4.852287856412259792, 0.1031237862865689442 ) ) ;
#2782 = VECTOR ( 'NONE', #1256, 1000.000000000000000 ) ;
#2783 = CARTESIAN_POINT ( 'NONE',  ( 3.192940501095683281, 4.850978038601947873, -0.1044996210350659788 ) ) ;
#2784 = CARTESIAN_POINT ( 'NONE',  ( 7.370000000000000107, 6.599999999999999645, 0.1250000000000026090 ) ) ;
#2785 = VECTOR ( 'NONE', #1053, 1000.000000000000000 ) ;
#2786 = VECTOR ( 'NONE', #2744, 1000.000000000000000 ) ;
#2787 = ORIENTED_EDGE ( 'NONE', *, *, #1661, .T. ) ;
#2788 = CARTESIAN_POINT ( 'NONE',  ( 0.4578421926879810977, 4.826632559578429849, 0.2289210963439887170 ) ) ;
#2789 = AXIS2_PLACEMENT_3D ( 'NONE', #1227, #2938, #1246 ) ;
#2790 = SURFACE_STYLE_USAGE ( .BOTH. , #1365 ) ;
#2791 = CARTESIAN_POINT ( 'NONE',  ( 8.123178476045470831, 4.841646561857296582, 0.2837551614846914316 ) ) ;
#2792 = ORIENTED_EDGE ( 'NONE', *, *, #1403, .F. ) ;
#2793 = CARTESIAN_POINT ( 'NONE',  ( -0.2500000000000000000, -4.401860820291154781E-17, -0.1250000000000000000 ) ) ;
#2794 = ADVANCED_FACE ( 'NONE', ( #1119 ), #891, .T. ) ;
#2795 = CARTESIAN_POINT ( 'NONE',  ( -0.2500000000000000000, 4.784797426536750997, -0.1250000000000019984 ) ) ;
#2796 = CARTESIAN_POINT ( 'NONE',  ( 8.570224852407829275, 4.809309578909779503, 0.2191460788467685106 ) ) ;
#2797 = VERTEX_POINT ( 'NONE', #173 ) ;
#2798 = CARTESIAN_POINT ( 'NONE',  ( 8.179016994374949334, 4.850000000000000533, -0.2795084971874755020 ) ) ;
#2799 = EDGE_CURVE ( 'NONE', #26, #2542, #1390, .T. ) ;
#2800 = CARTESIAN_POINT ( 'NONE',  ( 8.014024162182336042, 4.849999999999998757, -3.675814437319253170 ) ) ;
#2801 = CARTESIAN_POINT ( 'NONE',  ( 6.833394817681350375, 4.599999999999999645, 0.6999999999999999556 ) ) ;
#2802 = CARTESIAN_POINT ( 'NONE',  ( 9.070000000000000284, 13.59999999999999964, 0.6999999999999999556 ) ) ;
#2803 = FACE_OUTER_BOUND ( 'NONE', #2018, .T. ) ;
#2804 = EDGE_LOOP ( 'NONE', ( #1258, #2950, #2824, #2675, #2109, #1978 ) ) ;
#2805 = PLANE ( 'NONE',  #2730 ) ;
#2806 =( NAMED_UNIT ( * ) SI_UNIT ( $, .STERADIAN. ) SOLID_ANGLE_UNIT ( ) );
#2807 = CARTESIAN_POINT ( 'NONE',  ( -0.2500000000000000000, 4.784797426536750997, -0.1250000000000019984 ) ) ;
#2808 = ORIENTED_EDGE ( 'NONE', *, *, #1295, .F. ) ;
#2809 = CARTESIAN_POINT ( 'NONE',  ( 2.415000000000000036, 4.829040692800909085, -0.1249999999999984041 ) ) ;
#2810 = SURFACE_SIDE_STYLE ('',( #3035 ) ) ;
#2811 = ORIENTED_EDGE ( 'NONE', *, *, #493, .T. ) ;
#2812 = CARTESIAN_POINT ( 'NONE',  ( -0.2500000000000000000, -4.401860820291154781E-17, -0.1250000000000000000 ) ) ;
#2813 = CARTESIAN_POINT ( 'NONE',  ( -1.226879666234272026, 4.599999999999999645, -4.200000000000000178 ) ) ;
#2814 = CARTESIAN_POINT ( 'NONE',  ( -1.879999999999999893, 14.05000000000000071, -4.750000000000000000 ) ) ;
#2815 = ADVANCED_FACE ( 'NONE', ( #964 ), #1947, .F. ) ;
#2816 = CARTESIAN_POINT ( 'NONE',  ( -0.6277168346228599871, 4.725236836148849484, 0.7000000000000130562 ) ) ;
#2817 = DIRECTION ( 'NONE',  ( -4.336808689942035485E-16, 3.521488656232920374E-16, 1.000000000000000000 ) ) ;
#2818 = CARTESIAN_POINT ( 'NONE',  ( -1.830000000000000071, 14.05000000000000071, -4.700000000000000178 ) ) ;
#2819 = APPLICATION_PROTOCOL_DEFINITION ( 'draft international standard', 'automotive_design', 1998, #395 ) ;
#2820 = CARTESIAN_POINT ( 'NONE',  ( -0.5636522492905712278, 4.850978038601947873, 0.2818261246452866131 ) ) ;
#2821 = ORIENTED_EDGE ( 'NONE', *, *, #1808, .T. ) ;
#2822 = CARTESIAN_POINT ( 'NONE',  ( -0.2500000000000000000, 6.599999999999999645, 0.1249999999999975853 ) ) ;
#2823 = CARTESIAN_POINT ( 'NONE',  ( 0.3472976192214045077, 4.850000000000000533, -0.5581066337228151042 ) ) ;
#2824 = ORIENTED_EDGE ( 'NONE', *, *, #949, .F. ) ;
#2825 = LINE ( 'NONE', #1827, #664 ) ;
#2826 = EDGE_CURVE ( 'NONE', #66, #2081, #938, .T. ) ;
#2827 = CARTESIAN_POINT ( 'NONE',  ( 7.179647702048610469, 4.599999999999999645, -4.200000000000000178 ) ) ;
#2828 = CARTESIAN_POINT ( 'NONE',  ( 2.290000000000000036, 4.401860820291184980E-17, 0.1250000000000016098 ) ) ;
#2829 = CARTESIAN_POINT ( 'NONE',  ( -0.8975230899479500479, 4.813340641911099560, 0.1842867747099780074 ) ) ;
#2830 = EDGE_CURVE ( 'NONE', #721, #3033, #1396, .T. ) ;
#2831 = CARTESIAN_POINT ( 'NONE',  ( 0.2500000000000000000, 4.599999999999999645, -0.04166666666666814928 ) ) ;
#2832 = VECTOR ( 'NONE', #853, 1000.000000000000000 ) ;
#2833 = DIRECTION ( 'NONE',  ( 0.000000000000000000, -1.000000000000000000, 1.214306433183763733E-16 ) ) ;
#2834 = SHAPE_DEFINITION_REPRESENTATION ( #470, #976 ) ;
#2835 = VECTOR ( 'NONE', #2123, 1000.000000000000000 ) ;
#2836 = CARTESIAN_POINT ( 'NONE',  ( -0.5605620793468227836, 4.850326012867316017, -0.2802810396734113918 ) ) ;
#2837 = ORIENTED_EDGE ( 'NONE', *, *, #2328, .F. ) ;
#2838 = FACE_OUTER_BOUND ( 'NONE', #786, .T. ) ;
#2839 = PRESENTATION_LAYER_ASSIGNMENT (  '', '', ( #985 ) ) ;
#2840 = EDGE_LOOP ( 'NONE', ( #2274, #254, #1879, #699 ) ) ;
#2841 = LINE ( 'NONE', #2867, #2161 ) ;
#2842 = CARTESIAN_POINT ( 'NONE',  ( -1.330000000000000071, 4.847835457094220146, -4.200000000000000178 ) ) ;
#2843 = LINE ( 'NONE', #2234, #2410 ) ;
#2844 = CARTESIAN_POINT ( 'NONE',  ( 1.976347750709431583, 4.850978038601947873, 0.2818261246452866131 ) ) ;
#2845 = FACE_OUTER_BOUND ( 'NONE', #370, .T. ) ;
#2846 = DIRECTION ( 'NONE',  ( 0.000000000000000000, -1.214306433183763733E-16, -1.000000000000000000 ) ) ;
#2847 = DIRECTION ( 'NONE',  ( -4.336808689942040416E-16, 0.000000000000000000, 1.000000000000000000 ) ) ;
#2848 = ADVANCED_FACE ( 'NONE', ( #1399 ), #1921, .T. ) ;
#2849 = B_SPLINE_SURFACE_WITH_KNOTS ( 'NONE', 3, 3, ( 
 ( #2029, #2732, #280, #2261, #1279, #811, #1533 ),
 ( #2279, #1796, #3044, #1518, #1329, #1743, #1553 ),
 ( #1300, #60, #3026, #584, #1991, #2295, #2783 ),
 ( #74, #1502, #1263, #2244, #1079, #2058, #2522 ) ),
 .UNSPECIFIED., .F., .F., .F.,
 ( 4, 4 ),
 ( 4, 3, 4 ),
 ( 0.000000000000000000, 1.000000000000000000 ),
 ( 0.000000000000000000, 1.000000000000000000, 1.010000000000000009 ),
 .UNSPECIFIED. ) ;
#2850 = EDGE_LOOP ( 'NONE', ( #1155, #2414, #1621 ) ) ;
#2851 = SPHERICAL_SURFACE ( 'NONE', #1434, 0.05000000000000000278 ) ;
#2852 = FILL_AREA_STYLE ('',( #1307 ) ) ;
#2853 = VERTEX_POINT ( 'NONE', #2253 ) ;
#2854 = CARTESIAN_POINT ( 'NONE',  ( 1.046212886683682175, 4.850000000000000533, 0.07749942976734970623 ) ) ;
#2855 = CARTESIAN_POINT ( 'NONE',  ( -0.6779569331549659683, 4.787583186029919169, -3.848883774043274641 ) ) ;
#2856 = LINE ( 'NONE', #640, #712 ) ;
#2857 = CARTESIAN_POINT ( 'NONE',  ( 2.290000000000000036, 4.599999999999999645, -0.04166666666666814928 ) ) ;
#2858 = ORIENTED_EDGE ( 'NONE', *, *, #2228, .F. ) ;
#2859 = CARTESIAN_POINT ( 'NONE',  ( 0.6126761368814910291, 4.850000000000000533, 0.1239708434328029990 ) ) ;
#2860 = LINE ( 'NONE', #120, #2015 ) ;
#2861 = CYLINDRICAL_SURFACE ( 'NONE', #1806, 0.04999999999999969746 ) ;
#2862 = ORIENTED_EDGE ( 'NONE', *, *, #596, .F. ) ;
#2863 = ADVANCED_FACE ( 'NONE', ( #2456 ), #2980, .F. ) ;
#2864 = CARTESIAN_POINT ( 'NONE',  ( 8.182107164318701109, 4.850652025734631501, -0.2810535821593502792 ) ) ;
#2865 = VERTEX_POINT ( 'NONE', #256 ) ;
#2866 = B_SPLINE_CURVE_WITH_KNOTS ( 'NONE', 3,
 ( #107, #1821, #317, #3031, #2080, #80 ),
 .UNSPECIFIED., .F., .F.,
 ( 4, 1, 1, 4 ),
 ( 3.794707603699265519E-18, 0.0003511714837657611225, 0.0007023429676030147530, 0.0008564773475137005612 ),
 .UNSPECIFIED. ) ;
#2867 = CARTESIAN_POINT ( 'NONE',  ( 9.070000000000000284, 4.599999999999999645, 1.350000000000000533 ) ) ;
#2868 = CARTESIAN_POINT ( 'NONE',  ( 4.732702380778600393, 4.850000000000000533, -0.5581066337228159924 ) ) ;
#2869 = DIRECTION ( 'NONE',  ( 0.000000000000000000, -1.000000000000000000, 1.214306433183763733E-16 ) ) ;
#2870 = CARTESIAN_POINT ( 'NONE',  ( 7.725442068305159893, 4.850000000000000533, 0.1940153207788059830 ) ) ;
#2871 = ORIENTED_EDGE ( 'NONE', *, *, #2630, .T. ) ;
#2872 = FACE_OUTER_BOUND ( 'NONE', #2556, .T. ) ;
#2873 = DIRECTION ( 'NONE',  ( -1.000000000000000000, 6.868975684805019415E-33, 5.656706986880899023E-17 ) ) ;
#2874 = CARTESIAN_POINT ( 'NONE',  ( -1.330000000000000071, 4.599999999999999645, 0.6999999999999999556 ) ) ;
#2875 = AXIS2_PLACEMENT_3D ( 'NONE', #2055, #3040, #2612 ) ;
#2876 = VERTEX_POINT ( 'NONE', #1495 ) ;
#2877 = VECTOR ( 'NONE', #359, 1000.000000000000000 ) ;
#2878 = APPLICATION_CONTEXT ( 'automotive_design' ) ;
#2879 = CARTESIAN_POINT ( 'NONE',  ( 8.268970643942036958, 4.850326012867316017, 0.1038805771496586622 ) ) ;
#2880 = ORIENTED_EDGE ( 'NONE', *, *, #2957, .F. ) ;
#2881 = EDGE_CURVE ( 'NONE', #2926, #920, #2703, .T. ) ;
#2882 = AXIS2_PLACEMENT_3D ( 'NONE', #1401, #1133, #2117 ) ;
#2883 = CARTESIAN_POINT ( 'NONE',  ( 2.290000000000000036, -4.401860820291115338E-17, -0.1249999999999985983 ) ) ;
#2884 = CARTESIAN_POINT ( 'NONE',  ( 9.070000000000000284, 4.847835457094220146, -4.200000000000000178 ) ) ;
#2885 = VECTOR ( 'NONE', #1218, 1000.000000000000000 ) ;
#2886 = CARTESIAN_POINT ( 'NONE',  ( -0.2500000000000000000, 4.401860820291149851E-17, 0.1250000000000000000 ) ) ;
#2887 = CARTESIAN_POINT ( 'NONE',  ( 2.135491502812524978, 4.817398713268380206, -0.2022542485937375012 ) ) ;
#2888 = ORIENTED_EDGE ( 'NONE', *, *, #2385, .T. ) ;
#2889 = EDGE_CURVE ( 'NONE', #2968, #171, #1002, .T. ) ;
#2890 = ORIENTED_EDGE ( 'NONE', *, *, #1913, .F. ) ;
#2891 = CARTESIAN_POINT ( 'NONE',  ( 9.070000000000000284, 4.599999999999999645, 1.350000000000000533 ) ) ;
#2892 = CARTESIAN_POINT ( 'NONE',  ( -1.330000000000000071, 4.847835457094220146, -0.9333333333333340143 ) ) ;
#2893 = DIRECTION ( 'NONE',  ( 1.000000000000000000, 1.059017651961891883E-31, 5.421010862427549780E-16 ) ) ;
#2894 = ORIENTED_EDGE ( 'NONE', *, *, #1823, .T. ) ;
#2895 = CARTESIAN_POINT ( 'NONE',  ( -1.830000000000000071, 14.05000000000000071, 1.350000000000000533 ) ) ;
#2896 = ORIENTED_EDGE ( 'NONE', *, *, #149, .F. ) ;
#2897 = CARTESIAN_POINT ( 'NONE',  ( 3.200000000000000178, 4.599999999999999645, -4.750000000000000000 ) ) ;
#2898 = CARTESIAN_POINT ( 'NONE',  ( 2.192702380778599913, 4.850000000000000533, 0.5581066337228229868 ) ) ;
#2899 = EDGE_CURVE ( 'NONE', #2706, #1472, #3188, .T. ) ;
#2900 = FACE_OUTER_BOUND ( 'NONE', #2769, .T. ) ;
#2901 = ORIENTED_EDGE ( 'NONE', *, *, #3049, .F. ) ;
#2902 = ORIENTED_EDGE ( 'NONE', *, *, #1505, .F. ) ;
#2903 = EDGE_CURVE ( 'NONE', #3082, #122, #805, .T. ) ;
#2904 = CARTESIAN_POINT ( 'NONE',  ( 7.171507142317399719, 4.817398713268380206, 0.07261886093681228782 ) ) ;
#2905 = CARTESIAN_POINT ( 'NONE',  ( 0.6529405010956819133, 4.850978038601947873, -0.1044996210350659788 ) ) ;
#2906 = CARTESIAN_POINT ( 'NONE',  ( 7.870000000000000107, -4.401860820291035220E-17, -0.1249999999999949901 ) ) ;
#2907 = CARTESIAN_POINT ( 'NONE',  ( 5.330000000000000071, 6.599999999999999645, 0.1250000000000011935 ) ) ;
#2908 = ORIENTED_EDGE ( 'NONE', *, *, #2047, .T. ) ;
#2909 = CARTESIAN_POINT ( 'NONE',  ( 8.270955572518852605, 4.850652025734631501, -0.1041900990923645132 ) ) ;
#2910 = ORIENTED_EDGE ( 'NONE', *, *, #2385, .F. ) ;
#2911 = DIRECTION ( 'NONE',  ( 1.000000000000000000, 0.000000000000000000, 6.505213034913050270E-16 ) ) ;
#2912 = CARTESIAN_POINT ( 'NONE',  ( 5.080000000000000071, 4.599999999999999645, -0.1250000000000062172 ) ) ;
#2913 = CARTESIAN_POINT ( 'NONE',  ( 7.495000000000000107, 4.599999999999999645, 0.1250000000000062172 ) ) ;
#2914 = ORIENTED_EDGE ( 'NONE', *, *, #1117, .T. ) ;
#2915 = FACE_OUTER_BOUND ( 'NONE', #2690, .T. ) ;
#2916 = DIRECTION ( 'NONE',  ( 1.000000000000000000, 0.000000000000000000, 0.000000000000000000 ) ) ;
#2917 = CARTESIAN_POINT ( 'NONE',  ( -0.8120000000000001661, 4.850032468143587572, -0.6947500000000023102 ) ) ;
#2918 = ADVANCED_FACE ( 'NONE', ( #2720 ), #558, .F. ) ;
#2919 = CARTESIAN_POINT ( 'NONE',  ( 9.070000000000000284, 13.59999999999999964, -4.200000000000000178 ) ) ;
#2920 = CARTESIAN_POINT ( 'NONE',  ( 7.370000000000000107, 4.599999999999999645, -0.1250000000000019984 ) ) ;
#2921 = B_SPLINE_SURFACE_WITH_KNOTS ( 'NONE', 3, 3, ( 
 ( #2924, #681, #187, #2422, #3124, #1620, #141 ),
 ( #2652, #1395, #2378, #1894, #2879, #431, #200 ),
 ( #898, #1156, #2168, #3154, #945, #2909, #1199 ),
 ( #694, #2607, #381, #1380, #1880, #2864, #2684 ) ),
 .UNSPECIFIED., .F., .F., .F.,
 ( 4, 4 ),
 ( 4, 3, 4 ),
 ( 0.000000000000000000, 1.000000000000000000 ),
 ( 0.000000000000000000, 1.000000000000000000, 1.010000000000000009 ),
 .UNSPECIFIED. ) ;
#2922 = ORIENTED_EDGE ( 'NONE', *, *, #1046, .T. ) ;
#2923 = CARTESIAN_POINT ( 'NONE',  ( 6.572111759625299143, 4.850000000000000533, 0.06646199195401880644 ) ) ;
#2924 = CARTESIAN_POINT ( 'NONE',  ( 7.870000000000000107, 4.599999999999999645, 0.1249999999999984041 ) ) ;
#2925 = CIRCLE ( 'NONE', #133, 0.04999999999999991257 ) ;
#2926 = VERTEX_POINT ( 'NONE', #1984 ) ;
#2927 = PLANE ( 'NONE',  #1031 ) ;
#2928 = PRESENTATION_LAYER_ASSIGNMENT (  '', '', ( #613 ) ) ;
#2929 = DIRECTION ( 'NONE',  ( 0.000000000000000000, 1.000000000000000000, -1.214306433183763733E-16 ) ) ;
#2930 = AXIS2_PLACEMENT_3D ( 'NONE', #957, #2179, #1938 ) ;
#2931 = CARTESIAN_POINT ( 'NONE',  ( 7.620000000000000107, 4.850000000000000533, 0.6584466831385850094 ) ) ;
#2932 = ORIENTED_EDGE ( 'NONE', *, *, #1782, .F. ) ;
#2933 = ORIENTED_EDGE ( 'NONE', *, *, #2214, .T. ) ;
#2934 = AXIS2_PLACEMENT_3D ( 'NONE', #1954, #1763, #778 ) ;
#2935 = CARTESIAN_POINT ( 'NONE',  ( 6.969044427481149384, 4.850652025734631501, 0.1041900990923629450 ) ) ;
#2936 = CARTESIAN_POINT ( 'NONE',  ( 2.033909198189594925, 4.850000000000000533, -0.3853608823165550201 ) ) ;
#2937 = PRESENTATION_LAYER_ASSIGNMENT (  '', '', ( #3099 ) ) ;
#2938 = DIRECTION ( 'NONE',  ( -8.499851737735099270E-32, -1.000000000000000000, 3.521488656232915443E-16 ) ) ;
#2939 = EDGE_CURVE ( 'NONE', #2651, #391, #2740, .T. ) ;
#2940 = B_SPLINE_CURVE_WITH_KNOTS ( 'NONE', 3,
 ( #2298, #3077, #3030, #1099 ),
 .UNSPECIFIED., .F., .F.,
 ( 4, 4 ),
 ( 0.000000000000000000, 1.000000000000000000 ),
 .UNSPECIFIED. ) ;
#2941 = CARTESIAN_POINT ( 'NONE',  ( -0.5364161914523178920, 4.849999999999998757, -3.548458591710451859 ) ) ;
#2942 = ORIENTED_EDGE ( 'NONE', *, *, #166, .F. ) ;
#2943 = FACE_OUTER_BOUND ( 'NONE', #1478, .T. ) ;
#2944 = EDGE_CURVE ( 'NONE', #2423, #1967, #2702, .T. ) ;
#2945 = CARTESIAN_POINT ( 'NONE',  ( 4.065758146820641628E-16, 4.599999999999999645, 0.1249999999999992645 ) ) ;
#2946 = ORIENTED_EDGE ( 'NONE', *, *, #1225, .F. ) ;
#2947 = CARTESIAN_POINT ( 'NONE',  ( -0.4045084971874740032, 4.817398713268380206, -0.2022542485937385004 ) ) ;
#2948 = CARTESIAN_POINT ( 'NONE',  ( 4.830000000000000071, 6.599999999999999645, -0.1250000000000000000 ) ) ;
#2949 = CARTESIAN_POINT ( 'NONE',  ( 5.403363210192110522, 4.821785927912832115, 0.2887614599495504364 ) ) ;
#2950 = ORIENTED_EDGE ( 'NONE', *, *, #2826, .T. ) ;
#2951 = CARTESIAN_POINT ( 'NONE',  ( -0.2083333333333335091, 4.599999999999999645, 0.1250000000000000000 ) ) ;
#2952 = DIRECTION ( 'NONE',  ( -8.499851737735099270E-32, -1.000000000000000000, 3.521488656232915443E-16 ) ) ;
#2953 = CARTESIAN_POINT ( 'NONE',  ( 8.032277915162419291, 4.841849959769681355, 0.3732390979665635711 ) ) ;
#2954 = CARTESIAN_POINT ( 'NONE',  ( 4.830000000000000071, 6.599999999999999645, -0.1250000000000000000 ) ) ;
#2955 = CARTESIAN_POINT ( 'NONE',  ( 1.946353547080718949, 4.849999999999981881, -3.490264672793687684 ) ) ;
#2956 = EDGE_LOOP ( 'NONE', ( #1317, #2428, #2685, #1547 ) ) ;
#2957 = EDGE_CURVE ( 'NONE', #842, #212, #1527, .T. ) ;
#2958 = CARTESIAN_POINT ( 'NONE',  ( 8.520836650256974565, 4.850182945114247524, -2.623398902544717970 ) ) ;
#2959 = PLANE ( 'NONE',  #453 ) ;
#2960 = CARTESIAN_POINT ( 'NONE',  ( 7.272702380778600428, 4.850000000000000533, -0.5581066337228159924 ) ) ;
#2961 = VERTEX_POINT ( 'NONE', #734 ) ;
#2962 = FACE_OUTER_BOUND ( 'NONE', #866, .T. ) ;
#2963 = EDGE_CURVE ( 'NONE', #1249, #642, #289, .T. ) ;
#2964 = DIRECTION ( 'NONE',  ( 0.000000000000000000, -1.000000000000000000, 1.214306433183763733E-16 ) ) ;
#2965 = SURFACE_SIDE_STYLE ('',( #33 ) ) ;
#2966 = DIRECTION ( 'NONE',  ( -4.336808689942040416E-16, 0.000000000000000000, 1.000000000000000000 ) ) ;
#2967 = VERTEX_POINT ( 'NONE', #1474 ) ;
#2968 = VERTEX_POINT ( 'NONE', #1510 ) ;
#2969 = SURFACE_STYLE_FILL_AREA ( #2989 ) ;
#2970 = CARTESIAN_POINT ( 'NONE',  ( -0.8392387224938363532, 4.849999999999998757, -0.5574526118075988634 ) ) ;
#2971 = FACE_OUTER_BOUND ( 'NONE', #1142, .T. ) ;
#2972 = CARTESIAN_POINT ( 'NONE',  ( 4.830000000000000071, 4.401860820291220109E-17, 0.1250000000000031919 ) ) ;
#2973 = CARTESIAN_POINT ( 'NONE',  ( 4.427059498904317714, 4.850978038601947873, -0.1044996210350633836 ) ) ;
#2974 = EDGE_LOOP ( 'NONE', ( #2235, #3153, #1431, #139 ) ) ;
#2975 = LINE ( 'NONE', #1521, #568 ) ;
#2976 = CARTESIAN_POINT ( 'NONE',  ( 5.728970643942025376, 4.850326012867316017, 0.1038805771496586622 ) ) ;
#2977 = LINE ( 'NONE', #28, #1228 ) ;
#2978 = ORIENTED_EDGE ( 'NONE', *, *, #752, .T. ) ;
#2979 = LINE ( 'NONE', #1036, #1130 ) ;
#2980 = PLANE ( 'NONE',  #662 ) ;
#2981 = EDGE_CURVE ( 'NONE', #2495, #1604, #382, .T. ) ;
#2982 = PLANE ( 'NONE',  #1386 ) ;
#2983 = CARTESIAN_POINT ( 'NONE',  ( 7.060983005625049991, 4.850000000000000533, -0.2795084971874745028 ) ) ;
#2984 = ORIENTED_EDGE ( 'NONE', *, *, #130, .F. ) ;
#2985 = VECTOR ( 'NONE', #1568, 1000.000000000000000 ) ;
#2986 = CARTESIAN_POINT ( 'NONE',  ( 7.370000000000000107, 4.784797426536750997, -0.1250000000000019984 ) ) ;
#2987 = VECTOR ( 'NONE', #1771, 1000.000000000000000 ) ;
#2988 = CLOSED_SHELL ( 'NONE', ( #2083, #3055, #269, #2147, #2707, #1085 ) ) ;
#2989 = FILL_AREA_STYLE ('',( #195 ) ) ;
#2990 = ADVANCED_FACE ( 'NONE', ( #1238 ), #227, .T. ) ;
#2991 = CARTESIAN_POINT ( 'NONE',  ( 7.370000000000000107, 4.401860820291254622E-17, 0.1250000000000049960 ) ) ;
#2992 = VECTOR ( 'NONE', #1650, 1000.000000000000000 ) ;
#2993 = CARTESIAN_POINT ( 'NONE',  ( 8.563263604934810758, 4.850000000000000533, -3.183096176469835115 ) ) ;
#2994 = CARTESIAN_POINT ( 'NONE',  ( 2.331666666666665222, 4.799545181958140283, -0.1250000000000019984 ) ) ;
#2995 = COLOUR_RGB ( '',0.8980392156862745390, 0.8980392156862745390, 0.8980392156862745390 ) ;
#2996 = CARTESIAN_POINT ( 'NONE',  ( 4.431029356057969437, 4.850326012867316017, 0.1038805771496614655 ) ) ;
#2997 = ORIENTED_EDGE ( 'NONE', *, *, #1019, .T. ) ;
#2998 = CARTESIAN_POINT ( 'NONE',  ( 8.557103448275867663, 4.850010822714529546, -2.818991379310352485 ) ) ;
#2999 = CARTESIAN_POINT ( 'NONE',  ( 5.528492857682600459, 4.817398713268380206, 0.07261886093681139964 ) ) ;
#3000 = DIRECTION ( 'NONE',  ( -1.000000000000000000, 0.000000000000000000, 0.000000000000000000 ) ) ;
#3001 = ORIENTED_EDGE ( 'NONE', *, *, #1371, .T. ) ;
#3002 = CARTESIAN_POINT ( 'NONE',  ( 4.632480665091253336, 4.823740568000589590, 0.2237596674543750608 ) ) ;
#3003 = CARTESIAN_POINT ( 'NONE',  ( 2.790000000000000036, 4.599999999999999645, 0.1249999999999984041 ) ) ;
#3004 = CARTESIAN_POINT ( 'NONE',  ( 5.330000000000000071, 6.599999999999999645, 0.1250000000000011935 ) ) ;
#3005 = CARTESIAN_POINT ( 'NONE',  ( 8.024508497187468947, 4.817398713268380206, 0.2022542485937355028 ) ) ;
#3006 = EDGE_LOOP ( 'NONE', ( #2908, #1674, #1229, #869, #3156, #1381, #163, #2013 ) ) ;
#3007 = CYLINDRICAL_SURFACE ( 'NONE', #1646, 0.04999999999999991257 ) ;
#3008 = CARTESIAN_POINT ( 'NONE',  ( 8.273691399347537612, 4.849999999999996980, -3.549979623563081610 ) ) ;
#3009 = CARTESIAN_POINT ( 'NONE',  ( 5.782612205518493198, 4.850373024991272430, -0.01686479291681845794 ) ) ;
#3010 = EDGE_CURVE ( 'NONE', #2180, #657, #3068, .T. ) ;
#3011 = LINE ( 'NONE', #569, #1637 ) ;
#3012 = CARTESIAN_POINT ( 'NONE',  ( -0.6608787693357396353, 4.849999999999998757, -3.427536254025717710 ) ) ;
#3013 = ORIENTED_EDGE ( 'NONE', *, *, #1064, .F. ) ;
#3014 = CARTESIAN_POINT ( 'NONE',  ( 0.4578421926879810977, 4.826632559578429849, 0.2289210963439887170 ) ) ;
#3015 = CARTESIAN_POINT ( 'NONE',  ( 7.967297619221410443, 4.850000000000000533, -0.5581066337228151042 ) ) ;
#3016 = VERTEX_POINT ( 'NONE', #111 ) ;
#3017 = CARTESIAN_POINT ( 'NONE',  ( 4.843851190389299788, 4.839520346400449924, 0.3415533168614145465 ) ) ;
#3018 = CARTESIAN_POINT ( 'NONE',  ( 7.098121992127348179, 4.842068006988021978, 0.2609390039363272407 ) ) ;
#3019 = MANIFOLD_SOLID_BREP ( 'NONE', #2988 ) ;
#3020 = CARTESIAN_POINT ( 'NONE',  ( 2.790000000000000036, 4.401860820291189910E-17, 0.1250000000000019984 ) ) ;
#3021 = ORIENTED_EDGE ( 'NONE', *, *, #2351, .F. ) ;
#3022 = CARTESIAN_POINT ( 'NONE',  ( 7.620000000000000107, 4.599999999999999645, -0.1250000000000062172 ) ) ;
#3023 = LINE ( 'NONE', #310, #1033 ) ;
#3024 = CARTESIAN_POINT ( 'NONE',  ( -0.8263991487494773969, 4.850366593580889507, -0.3365835828329371560 ) ) ;
#3025 = MANIFOLD_SOLID_BREP ( 'NONE', #1437 ) ;
#3026 = CARTESIAN_POINT ( 'NONE',  ( 2.988492857682599979, 4.817398713268380206, -0.07261886093681489684 ) ) ;
#3027 = DIRECTION ( 'NONE',  ( 1.000000000000000000, 0.000000000000000000, 0.000000000000000000 ) ) ;
#3028 = ADVANCED_FACE ( 'NONE', ( #1681 ), #3098, .F. ) ;
#3029 = ORIENTED_EDGE ( 'NONE', *, *, #652, .F. ) ;
#3030 = CARTESIAN_POINT ( 'NONE',  ( 2.944508497187475093, 4.817398713268380206, -0.2022542485937385004 ) ) ;
#3031 = CARTESIAN_POINT ( 'NONE',  ( 8.416586046024956858, 4.849999999999988098, -0.06954722568992935394 ) ) ;
#3032 = EDGE_CURVE ( 'NONE', #2223, #508, #1963, .T. ) ;
#3033 = VERTEX_POINT ( 'NONE', #402 ) ;
#3034 = CARTESIAN_POINT ( 'NONE',  ( 2.290000000000000036, 6.599999999999999645, 0.1250000000000000000 ) ) ;
#3035 = SURFACE_STYLE_FILL_AREA ( #2852 ) ;
#3036 = MANIFOLD_SOLID_BREP ( 'NONE', #1957 ) ;
#3037 = CARTESIAN_POINT ( 'NONE',  ( 8.397721034152569430, 4.846516932041790682, 0.4470076603894019840 ) ) ;
#3038 = ORIENTED_EDGE ( 'NONE', *, *, #448, .T. ) ;
#3039 = CARTESIAN_POINT ( 'NONE',  ( 9.070000000000000284, 4.599999999999999645, -4.200000000000000178 ) ) ;
#3040 = DIRECTION ( 'NONE',  ( 1.000000000000000000, 7.010384997569550548E-32, 4.336808689942040416E-16 ) ) ;
#3041 = VECTOR ( 'NONE', #883, 1000.000000000000000 ) ;
#3042 = CARTESIAN_POINT ( 'NONE',  ( 2.311171513072929784, 4.742547983048280180, 0.6999999999999999556 ) ) ;
#3043 = VECTOR ( 'NONE', #1925, 1000.000000000000000 ) ;
#3044 = CARTESIAN_POINT ( 'NONE',  ( 2.988492857682599979, 4.817398713268380206, 0.07261886093681139964 ) ) ;
#3045 = CARTESIAN_POINT ( 'NONE',  ( 0.5621071643186974498, 4.850652025734631501, 0.2810535821593467265 ) ) ;
#3046 = VECTOR ( 'NONE', #1282, 1000.000000000000000 ) ;
#3047 = AXIS2_PLACEMENT_3D ( 'NONE', #870, #625, #2127 ) ;
#3048 = EDGE_LOOP ( 'NONE', ( #835, #1772, #897, #2896, #1141, #3053, #1652, #2085 ) ) ;
#3049 = EDGE_CURVE ( 'NONE', #1967, #2500, #2392, .T. ) ;
#3050 = CARTESIAN_POINT ( 'NONE',  ( -1.330000000000000071, 4.599999999999999645, -4.200000000000000178 ) ) ;
#3051 = VECTOR ( 'NONE', #2329, 1000.000000000000000 ) ;
#3052 = CARTESIAN_POINT ( 'NONE',  ( -0.5621071643186965616, 4.850652025734631501, 0.2810535821593492245 ) ) ;
#3053 = ORIENTED_EDGE ( 'NONE', *, *, #1332, .T. ) ;
#3054 = CARTESIAN_POINT ( 'NONE',  ( 2.540000000000000036, 4.848840699943259835, -0.1250000000000062172 ) ) ;
#3055 = ADVANCED_FACE ( 'NONE', ( #667 ), #2125, .F. ) ;
#3056 = CARTESIAN_POINT ( 'NONE',  ( 0.2361488096107035028, 4.839520346400449924, -0.3415533168614075521 ) ) ;
#3057 = ORIENTED_EDGE ( 'NONE', *, *, #1955, .T. ) ;
#3058 = CARTESIAN_POINT ( 'NONE',  ( 9.619999999999999218, 4.100000000000000533, -4.750000000000000000 ) ) ;
#3059 = CARTESIAN_POINT ( 'NONE',  ( 0.6598898166708579982, 4.850000000000000533, -3.611999202836229994 ) ) ;
#3060 = DIRECTION ( 'NONE',  ( 1.000000000000000000, 1.059017651961891883E-31, 5.421010862427549780E-16 ) ) ;
#3061 = CARTESIAN_POINT ( 'NONE',  ( 4.572283165377140079, 4.599999999999999645, 0.6999999999999999556 ) ) ;
#3062 = CARTESIAN_POINT ( 'NONE',  ( 2.965227733613748029, 4.816909433658215001, 0.2126138668068726367 ) ) ;
#3063 = CARTESIAN_POINT ( 'NONE',  ( -0.07092697753896359814, 4.819918981119578838, 0.2988379692608076343 ) ) ;
#3064 = CARTESIAN_POINT ( 'NONE',  ( -0.6489706439420309669, 4.850326012867316017, 0.1038805771496614655 ) ) ;
#3065 = EDGE_LOOP ( 'NONE', ( #143, #480, #2507, #2035 ) ) ;
#3066 = ADVANCED_FACE ( 'NONE', ( #3112 ), #2921, .T. ) ;
#3067 = CARTESIAN_POINT ( 'NONE',  ( 2.748333333333334849, 4.799545181958140283, -0.1250000000000019984 ) ) ;
#3068 = LINE ( 'NONE', #841, #2270 ) ;
#3069 = ORIENTED_EDGE ( 'NONE', *, *, #2572, .T. ) ;
#3070 = EDGE_CURVE ( 'NONE', #650, #408, #1750, .T. ) ;
#3071 = DIRECTION ( 'NONE',  ( 0.000000000000000000, 0.000000000000000000, 1.000000000000000000 ) ) ;
#3072 = CARTESIAN_POINT ( 'NONE',  ( 0.5603522979514009572, 4.599999999999999645, -4.200000000000000178 ) ) ;
#3073 = DIRECTION ( 'NONE',  ( 0.000000000000000000, -1.000000000000000000, 1.214306433183763733E-16 ) ) ;
#3074 = CARTESIAN_POINT ( 'NONE',  ( -0.3078344589389944708, 4.772126083153380272, 0.4438988499017964551 ) ) ;
#3075 = B_SPLINE_CURVE_WITH_KNOTS ( 'NONE', 3,
 ( #485, #914, #1414, #1896 ),
 .UNSPECIFIED., .F., .F.,
 ( 4, 4 ),
 ( 0.000000000000000000, 1.000000000000000000 ),
 .UNSPECIFIED. ) ;
#3076 = CARTESIAN_POINT ( 'NONE',  ( 9.070000000000000284, 4.599999999999999645, 0.6999999999999999556 ) ) ;
#3077 = CARTESIAN_POINT ( 'NONE',  ( 2.790000000000000036, 4.784797426536750997, -0.1250000000000019984 ) ) ;
#3078 = DIRECTION ( 'NONE',  ( -1.000000000000000000, 0.000000000000000000, 0.000000000000000000 ) ) ;
#3079 = ORIENTED_EDGE ( 'NONE', *, *, #906, .T. ) ;
#3080 = CARTESIAN_POINT ( 'NONE',  ( 9.570000000000000284, 4.100000000000000533, 1.350000000000000533 ) ) ;
#3081 = SURFACE_SIDE_STYLE ('',( #336 ) ) ;
#3082 = VERTEX_POINT ( 'NONE', #1522 ) ;
#3083 = DIRECTION ( 'NONE',  ( 0.000000000000000000, -1.000000000000000000, 0.000000000000000000 ) ) ;
#3084 = CARTESIAN_POINT ( 'NONE',  ( 5.828196624149489580, 4.790222906670470238, -3.845132336396784645 ) ) ;
#3085 = CARTESIAN_POINT ( 'NONE',  ( -1.879999999999999893, 4.599999999999999645, -4.750000000000000000 ) ) ;
#3086 = CARTESIAN_POINT ( 'NONE',  ( 1.979437920653180472, 4.850326012867316017, 0.2802810396734118359 ) ) ;
#3087 = ADVANCED_FACE ( 'NONE', ( #230 ), #2959, .T. ) ;
#3088 = VECTOR ( 'NONE', #1789, 1000.000000000000000 ) ;
#3089 = CARTESIAN_POINT ( 'NONE',  ( 7.370000000000000107, 6.599999999999999645, 0.1250000000000026090 ) ) ;
#3090 = COLOUR_RGB ( '',0.8980392156862745390, 0.8980392156862745390, 0.8980392156862745390 ) ;
#3091 = DIRECTION ( 'NONE',  ( -0.000000000000000000, -0.000000000000000000, -1.000000000000000000 ) ) ;
#3092 = VECTOR ( 'NONE', #2541, 1000.000000000000000 ) ;
#3093 = CARTESIAN_POINT ( 'NONE',  ( -0.5590169943749470072, 4.850000000000000533, 0.2795084971874745028 ) ) ;
#3094 = VECTOR ( 'NONE', #1870, 1000.000000000000000 ) ;
#3095 = ORIENTED_EDGE ( 'NONE', *, *, #3032, .T. ) ;
#3096 = CARTESIAN_POINT ( 'NONE',  ( -1.330000000000000071, 4.599999999999999645, 1.350000000000000533 ) ) ;
#3097 = VECTOR ( 'NONE', #992, 1000.000000000000000 ) ;
#3098 = PLANE ( 'NONE',  #832 ) ;
#3099 = STYLED_ITEM ( 'NONE', ( #349 ), #976 ) ;
#3100 = ORIENTED_EDGE ( 'NONE', *, *, #1549, .F. ) ;
#3101 = DIRECTION ( 'NONE',  ( -8.261637608313679916E-32, -1.000000000000000000, 3.521488656232920374E-16 ) ) ;
#3102 = CARTESIAN_POINT ( 'NONE',  ( -0.7223895025685409532, 4.599999999999999645, -4.200000000000000178 ) ) ;
#3103 = LINE ( 'NONE', #1400, #1176 ) ;
#3104 = CARTESIAN_POINT ( 'NONE',  ( 8.559655172413791036, 4.850000000000000533, -0.6741379310344914888 ) ) ;
#3105 = ORIENTED_EDGE ( 'NONE', *, *, #2630, .F. ) ;
#3106 = EDGE_CURVE ( 'NONE', #657, #1216, #1268, .T. ) ;
#3107 = CARTESIAN_POINT ( 'NONE',  ( 7.370000000000000107, 4.599999999999999645, -0.04166666666666814928 ) ) ;
#3108 = EDGE_CURVE ( 'NONE', #2961, #3126, #1456, .T. ) ;
#3109 = CARTESIAN_POINT ( 'NONE',  ( 0.2500000000000000000, 4.599999999999999645, 0.1249999999999984041 ) ) ;
#3110 = PLANE ( 'NONE',  #563 ) ;
#3111 = VERTEX_POINT ( 'NONE', #1032 ) ;
#3112 = FACE_OUTER_BOUND ( 'NONE', #1892, .T. ) ;
#3113 = ORIENTED_EDGE ( 'NONE', *, *, #1844, .T. ) ;
#3114 = LINE ( 'NONE', #2335, #239 ) ;
#3115 = CARTESIAN_POINT ( 'NONE',  ( 4.830000000000000071, 4.599999999999999645, -0.1250000000000019984 ) ) ;
#3116 = DIRECTION ( 'NONE',  ( 1.000000000000000000, 0.000000000000000000, 0.000000000000000000 ) ) ;
#3117 = CARTESIAN_POINT ( 'NONE',  ( 1.891029356057969180, 4.850326012867316017, -0.1038805771496604663 ) ) ;
#3118 = VERTEX_POINT ( 'NONE', #2232 ) ;
#3119 = CARTESIAN_POINT ( 'NONE',  ( -0.3346162079823550295, 4.790162227492869462, 0.1673081039911770151 ) ) ;
#3120 = CARTESIAN_POINT ( 'NONE',  ( -0.7001167036798799925, 4.850000000000000533, -1.386387973907372118 ) ) ;
#3121 = ADVANCED_FACE ( 'NONE', ( #2217 ), #653, .T. ) ;
#3122 = CARTESIAN_POINT ( 'NONE',  ( 5.330000000000000071, 4.784797426536750997, -0.1250000000000019984 ) ) ;
#3123 = ORIENTED_EDGE ( 'NONE', *, *, #2700, .F. ) ;
#3124 = CARTESIAN_POINT ( 'NONE',  ( 8.180562079346824333, 4.850326012867316017, 0.2802810396734093934 ) ) ;
#3125 = ADVANCED_FACE ( 'NONE', ( #2943 ), #213, .T. ) ;
#3126 = VERTEX_POINT ( 'NONE', #1698 ) ;
#3127 = FACE_OUTER_BOUND ( 'NONE', #2173, .T. ) ;
#3128 = CARTESIAN_POINT ( 'NONE',  ( 1.980983005625055027, 4.850000000000000533, 0.2795084971874745028 ) ) ;
#3129 = DIRECTION ( 'NONE',  ( -8.261637608313679916E-32, -1.000000000000000000, 3.521488656232920374E-16 ) ) ;
#3130 = CARTESIAN_POINT ( 'NONE',  ( 7.705273699329738157, 4.850104492038745718, 0.1864255505904880705 ) ) ;
#3131 = ORIENTED_EDGE ( 'NONE', *, *, #36, .T. ) ;
#3132 = CARTESIAN_POINT ( 'NONE',  ( 9.070000000000000284, 13.59999999999999964, 0.6999999999999999556 ) ) ;
#3133 = CARTESIAN_POINT ( 'NONE',  ( 0.3435419106565905101, 4.795434166476539417, 0.1717709553282940060 ) ) ;
#3134 = CARTESIAN_POINT ( 'NONE',  ( 7.370000000000000107, 6.599999999999999645, -0.1249999999999975853 ) ) ;
#3135 = VERTEX_POINT ( 'NONE', #784 ) ;
#3136 = VECTOR ( 'NONE', #2893, 1000.000000000000000 ) ;
#3137 = VECTOR ( 'NONE', #594, 1000.000000000000000 ) ;
#3138 = EDGE_LOOP ( 'NONE', ( #1836, #904, #2304, #1839 ) ) ;
#3139 = VECTOR ( 'NONE', #2574, 1000.000000000000000 ) ;
#3140 = DIRECTION ( 'NONE',  ( -4.336808689942040416E-16, 0.000000000000000000, 1.000000000000000000 ) ) ;
#3141 = AXIS2_PLACEMENT_3D ( 'NONE', #1968, #451, #2170 ) ;
#3142 = ADVANCED_FACE ( 'NONE', ( #2438 ), #1251, .T. ) ;
#3143 = CARTESIAN_POINT ( 'NONE',  ( 5.639016994374949299, 4.850000000000000533, -0.2795084971874755020 ) ) ;
#3144 = VECTOR ( 'NONE', #984, 1000.000000000000000 ) ;
#3145 = CARTESIAN_POINT ( 'NONE',  ( 2.135491502812524978, 4.817398713268380206, 0.2022542485937365020 ) ) ;
#3146 = ORIENTED_EDGE ( 'NONE', *, *, #2536, .F. ) ;
#3147 = ORIENTED_EDGE ( 'NONE', *, *, #875, .T. ) ;
#3148 = CARTESIAN_POINT ( 'NONE',  ( 6.971029356057974802, 4.850326012867316017, -0.1038805771496604663 ) ) ;
#3149 = B_SPLINE_CURVE_WITH_KNOTS ( 'NONE', 3,
 ( #1622, #2596, #1883, #144 ),
 .UNSPECIFIED., .F., .F.,
 ( 4, 4 ),
 ( 0.000000000000000000, 1.000000000000000000 ),
 .UNSPECIFIED. ) ;
#3150 = CARTESIAN_POINT ( 'NONE',  ( -1.330000000000000071, 13.59999999999999964, -4.200000000000000178 ) ) ;
#3151 = DIRECTION ( 'NONE',  ( -1.000000000000000000, 0.000000000000000000, 0.000000000000000000 ) ) ;
#3152 = FACE_OUTER_BOUND ( 'NONE', #1113, .T. ) ;
#3153 = ORIENTED_EDGE ( 'NONE', *, *, #1295, .T. ) ;
#3154 = CARTESIAN_POINT ( 'NONE',  ( 8.266985715365199994, 4.850000000000000533, -0.1035710552069615958 ) ) ;
#3155 = EDGE_CURVE ( 'NONE', #3016, #527, #1995, .T. ) ;
#3156 = ORIENTED_EDGE ( 'NONE', *, *, #1272, .T. ) ;
#3157 = CARTESIAN_POINT ( 'NONE',  ( -1.879999999999999893, 6.599999999999999645, -4.750000000000000000 ) ) ;
#3158 = CARTESIAN_POINT ( 'NONE',  ( 5.671594949678336661, 4.844320505596241055, 0.09304090309876368592 ) ) ;
#3159 = EDGE_CURVE ( 'NONE', #2644, #1525, #2341, .T. ) ;
#3160 = CARTESIAN_POINT ( 'NONE',  ( 7.411666666666669734, 4.599999999999999645, 0.1250000000000000000 ) ) ;
#3161 = EDGE_LOOP ( 'NONE', ( #2118, #1986, #1555, #669 ) ) ;
#3162 = EDGE_LOOP ( 'NONE', ( #2138, #1309, #1105, #1464 ) ) ;
#3163 = FACE_OUTER_BOUND ( 'NONE', #1270, .T. ) ;
#3164 = CARTESIAN_POINT ( 'NONE',  ( 3.046090801810405146, 4.850000000000000533, -0.3853608823165560193 ) ) ;
#3165 = FACE_OUTER_BOUND ( 'NONE', #791, .T. ) ;
#3166 = CARTESIAN_POINT ( 'NONE',  ( -0.5590169943749470072, 4.850000000000000533, -0.2795084971874745028 ) ) ;
#3167 = ORIENTED_EDGE ( 'NONE', *, *, #185, .F. ) ;
#3168 = CARTESIAN_POINT ( 'NONE',  ( 8.526247126609124649, 4.850060981704749530, -2.636415972078325787 ) ) ;
#3169 = SURFACE_STYLE_FILL_AREA ( #961 ) ;
#3170 = ORIENTED_EDGE ( 'NONE', *, *, #840, .T. ) ;
#3171 = DIRECTION ( 'NONE',  ( -1.000000000000000000, 8.499851737735099270E-32, 0.000000000000000000 ) ) ;
#3172 = CARTESIAN_POINT ( 'NONE',  ( 5.484508497187469800, 4.817398713268380206, -0.2022542485937385004 ) ) ;
#3173 = CARTESIAN_POINT ( 'NONE',  ( 7.411666666666669734, 4.799545181958140283, 0.1250000000000000000 ) ) ;
#3174 = ORIENTED_EDGE ( 'NONE', *, *, #89, .T. ) ;
#3175 = ORIENTED_EDGE ( 'NONE', *, *, #1479, .F. ) ;
#3176 = CARTESIAN_POINT ( 'NONE',  ( 0.5590169943749458970, 4.850000000000000533, -0.2795084971874755020 ) ) ;
#3177 = CARTESIAN_POINT ( 'NONE',  ( 2.290000000000000036, 4.401860820291184980E-17, 0.1250000000000016098 ) ) ;
#3178 = EDGE_CURVE ( 'NONE', #1993, #2444, #2132, .T. ) ;
#3179 = LINE ( 'NONE', #2209, #2676 ) ;
#3180 = CARTESIAN_POINT ( 'NONE',  ( 4.830000000000000071, 4.784797426536750997, 0.1250000000000000000 ) ) ;
#3181 = ORIENTED_EDGE ( 'NONE', *, *, #1642, .T. ) ;
#3182 = CARTESIAN_POINT ( 'NONE',  ( 8.459728478105617455, 4.850340755936692894, -1.745610968135187457 ) ) ;
#3183 = CARTESIAN_POINT ( 'NONE',  ( -1.330000000000000071, 4.599999999999999645, -1.750000000000001110 ) ) ;
#3184 = DIRECTION ( 'NONE',  ( 0.000000000000000000, 1.000000000000000000, -1.214306433183763733E-16 ) ) ;
#3185 = ORIENTED_EDGE ( 'NONE', *, *, #2277, .T. ) ;
#3186 = CARTESIAN_POINT ( 'NONE',  ( -0.2500000000000000000, 6.599999999999999645, 0.1249999999999975853 ) ) ;
#3187 =( GEOMETRIC_REPRESENTATION_CONTEXT ( 3 ) GLOBAL_UNCERTAINTY_ASSIGNED_CONTEXT ( ( #266 ) ) GLOBAL_UNIT_ASSIGNED_CONTEXT ( ( #274, #2022, #2038 ) ) REPRESENTATION_CONTEXT ( 'NONE', 'WORKASPACE' ) );
#3188 = LINE ( 'NONE', #2514, #1093 ) ;
#3189 = VECTOR ( 'NONE', #378, 1000.000000000000000 ) ;
#3190 = CARTESIAN_POINT ( 'NONE',  ( 7.856148809610700390, 4.839520346400449924, 0.3415533168614134918 ) ) ;
#3191 = ORIENTED_EDGE ( 'NONE', *, *, #2103, .F. ) ;
#3192 = CARTESIAN_POINT ( 'NONE',  ( 0.1250000000000000000, 4.829040692800909085, 0.1250000000000069944 ) ) ;
#3193 = AXIS2_PLACEMENT_3D ( 'NONE', #2128, #1446, #2426 ) ;
#3194 = CARTESIAN_POINT ( 'NONE',  ( 7.163574531438362314, 4.837789954499308820, 0.3197264843140565915 ) ) ;
#3195 = EDGE_CURVE ( 'NONE', #1192, #1075, #1585, .T. ) ;
#3196 = MECHANICAL_DESIGN_GEOMETRIC_PRESENTATION_REPRESENTATION (  '', ( #2470 ), #1908 ) ;
#3197 = CARTESIAN_POINT ( 'NONE',  ( 7.870000000000000107, 4.401860820291265099E-17, 0.1250000000000052180 ) ) ;
#3198 = CARTESIAN_POINT ( 'NONE',  ( -0.2190627421274993214, 4.849999999999998757, -3.696849612737150181 ) ) ;
#3199 = EDGE_CURVE ( 'NONE', #2797, #508, #332, .T. ) ;
#3200 = ORIENTED_EDGE ( 'NONE', *, *, #1152, .F. ) ;
#3201 = CARTESIAN_POINT ( 'NONE',  ( 9.070000000000000284, 4.599999999999999645, -3.944631460205905160 ) ) ;
#3202 = CARTESIAN_POINT ( 'NONE',  ( 5.528492857682600459, 4.817398713268380206, -0.07261886093681489684 ) ) ;
#3203 = DIRECTION ( 'NONE',  ( -4.336808689942040416E-16, 0.000000000000000000, 1.000000000000000000 ) ) ;
#3204 = VERTEX_POINT ( 'NONE', #2544 ) ;
#3205 = CARTESIAN_POINT ( 'NONE',  ( 5.080000000000000071, 4.599999999999999645, 0.1249999999999914096 ) ) ;
#3206 = CARTESIAN_POINT ( 'NONE',  ( -0.7000538622121029730, 4.850000000000000533, -1.386762404319556108 ) ) ;
#3207 = CARTESIAN_POINT ( 'NONE',  ( 7.977212067571870513, 4.824772590979070408, 0.2551804411582755394 ) ) ;
#3208 = ORIENTED_EDGE ( 'NONE', *, *, #2489, .F. ) ;
#3209 = CARTESIAN_POINT ( 'NONE',  ( -0.2500000000000000000, 4.599999999999999645, 0.1250000000000000000 ) ) ;
ENDSEC;
END-ISO-10303-21;
